Latitude (decimal degrees):	59.735
Longitude (decimal degrees):	6.756
Elevation (m):	388
Radiation database:	PVGIS-SARAH3


Slope: 36 deg. (optimum)
Azimuth: 0 deg. (optimum)
time,G(i),H_sun,T2m,WS10m,Int
20180101:0011,0.0,0.0,-5.11,1.86,0.0
20180101:0111,0.0,0.0,-4.53,1.66,0.0
20180101:0211,0.0,0.0,-3.85,1.93,0.0
20180101:0311,0.0,0.0,-3.09,2.41,0.0
20180101:0411,0.0,0.0,-2.41,3.1,0.0
20180101:0511,0.0,0.0,-2.07,3.38,0.0
20180101:0611,0.0,0.0,-2.02,2.97,0.0
20180101:0711,0.0,0.0,-2.08,2.97,0.0
20180101:0811,0.0,0.0,-2.19,2.69,0.0
20180101:0911,1.74,2.09,-2.23,2.48,0.0
20180101:1011,5.21,5.44,-2.16,2.0,0.0
20180101:1111,6.95,7.1,-2.18,1.93,0.0
20180101:1211,7.82,6.94,-2.12,1.52,0.0
20180101:1311,4.35,4.99,-2.02,1.31,0.0
20180101:1411,0.0,0.0,-2.39,1.52,0.0
20180101:1511,0.0,0.0,-2.4,1.52,0.0
20180101:1611,0.0,0.0,-3.25,1.93,0.0
20180101:1711,0.0,0.0,-3.51,2.07,0.0
20180101:1811,0.0,0.0,-3.64,2.28,0.0
20180101:1911,0.0,0.0,-4.31,2.14,0.0
20180101:2011,0.0,0.0,-4.5,2.14,0.0
20180101:2111,0.0,0.0,-4.64,2.14,0.0
20180101:2211,0.0,0.0,-4.69,2.14,0.0
20180101:2311,0.0,0.0,-4.85,2.07,0.0
20180102:0011,0.0,0.0,-4.82,2.14,0.0
20180102:0111,0.0,0.0,-4.84,2.14,0.0
20180102:0211,0.0,0.0,-4.7,2.14,0.0
20180102:0311,0.0,0.0,-4.6,2.21,0.0
20180102:0411,0.0,0.0,-4.56,2.0,0.0
20180102:0511,0.0,0.0,-4.3,1.86,0.0
20180102:0611,0.0,0.0,-4.3,1.86,0.0
20180102:0711,0.0,0.0,-4.89,2.0,0.0
20180102:0811,0.0,0.0,-4.21,1.59,0.0
20180102:0911,9.56,2.14,-4.18,1.59,0.0
20180102:1011,23.47,5.5,-4.44,1.72,0.0
20180102:1111,8.69,7.18,-4.16,1.45,0.0
20180102:1211,29.55,7.04,-4.24,1.45,0.0
20180102:1311,5.21,5.1,-4.07,1.24,0.0
20180102:1411,0.0,0.0,-3.99,1.17,0.0
20180102:1511,0.0,0.0,-3.48,0.83,0.0
20180102:1611,0.0,0.0,-3.55,0.69,0.0
20180102:1711,0.0,0.0,-3.7,0.97,0.0
20180102:1811,0.0,0.0,-3.85,0.97,0.0
20180102:1911,0.0,0.0,-3.28,1.1,0.0
20180102:2011,0.0,0.0,-3.85,1.31,0.0
20180102:2111,0.0,0.0,-4.87,1.66,0.0
20180102:2211,0.0,0.0,-5.83,2.0,0.0
20180102:2311,0.0,0.0,-6.11,2.14,0.0
20180103:0011,0.0,0.0,-6.41,2.34,0.0
20180103:0111,0.0,0.0,-6.33,2.62,0.0
20180103:0211,0.0,0.0,-5.73,3.03,0.0
20180103:0311,0.0,0.0,-5.5,2.9,0.0
20180103:0411,0.0,0.0,-5.13,3.17,0.0
20180103:0511,0.0,0.0,-4.86,3.31,0.0
20180103:0611,0.0,0.0,-5.05,3.17,0.0
20180103:0711,0.0,0.0,-4.84,4.0,0.0
20180103:0811,0.0,0.0,-4.82,4.14,0.0
20180103:0911,7.82,2.2,-4.5,4.28,0.0
20180103:1011,21.73,5.58,-4.31,4.21,0.0
20180103:1111,7.82,7.26,-4.29,3.66,0.0
20180103:1211,39.11,7.14,-4.15,3.66,0.0
20180103:1311,20.86,5.21,-4.07,3.93,0.0
20180103:1411,0.87,1.62,-4.11,3.66,0.0
20180103:1511,0.0,0.0,-4.26,4.07,0.0
20180103:1611,0.0,0.0,-4.47,3.93,0.0
20180103:1711,0.0,0.0,-4.64,3.79,0.0
20180103:1811,0.0,0.0,-4.62,3.66,0.0
20180103:1911,0.0,0.0,-4.72,2.9,0.0
20180103:2011,0.0,0.0,-4.94,2.69,0.0
20180103:2111,0.0,0.0,-5.03,2.55,0.0
20180103:2211,0.0,0.0,-5.05,2.48,0.0
20180103:2311,0.0,0.0,-4.88,2.55,0.0
20180104:0011,0.0,0.0,-4.84,2.48,0.0
20180104:0111,0.0,0.0,-4.84,2.34,0.0
20180104:0211,0.0,0.0,-4.96,2.21,0.0
20180104:0311,0.0,0.0,-5.05,2.07,0.0
20180104:0411,0.0,0.0,-5.12,2.07,0.0
20180104:0511,0.0,0.0,-5.19,2.0,0.0
20180104:0611,0.0,0.0,-5.27,2.0,0.0
20180104:0711,0.0,0.0,-5.43,2.28,0.0
20180104:0811,0.0,0.0,-5.03,2.0,0.0
20180104:0911,1.74,2.27,-4.85,2.07,0.0
20180104:1011,32.16,5.66,-4.62,2.14,0.0
20180104:1111,7.82,7.36,-4.39,2.07,0.0
20180104:1211,7.82,7.25,-4.5,1.86,0.0
20180104:1311,5.21,5.33,-4.41,1.79,0.0
20180104:1411,0.87,1.75,-4.54,1.86,0.0
20180104:1511,0.0,0.0,-4.67,1.93,0.0
20180104:1611,0.0,0.0,-4.86,2.0,0.0
20180104:1711,0.0,0.0,-5.1,1.93,0.0
20180104:1811,0.0,0.0,-5.31,1.86,0.0
20180104:1911,0.0,0.0,-5.79,2.07,0.0
20180104:2011,0.0,0.0,-5.52,1.86,0.0
20180104:2111,0.0,0.0,-5.54,1.86,0.0
20180104:2211,0.0,0.0,-5.49,1.86,0.0
20180104:2311,0.0,0.0,-5.9,2.21,0.0
20180105:0011,0.0,0.0,-6.03,2.28,0.0
20180105:0111,0.0,0.0,-6.35,2.41,0.0
20180105:0211,0.0,0.0,-6.7,2.55,0.0
20180105:0311,0.0,0.0,-7.11,2.55,0.0
20180105:0411,0.0,0.0,-7.36,2.48,0.0
20180105:0511,0.0,0.0,-7.52,2.41,0.0
20180105:0611,0.0,0.0,-7.48,2.41,0.0
20180105:0711,0.0,0.0,-7.6,2.21,0.0
20180105:0811,0.0,0.0,-7.0,1.86,0.0
20180105:0911,2.61,2.34,-7.02,1.86,0.0
20180105:1011,29.55,5.74,-6.94,1.93,0.0
20180105:1111,33.03,7.46,-6.79,1.79,0.0
20180105:1211,46.93,7.36,-6.46,1.59,0.0
20180105:1311,11.3,5.45,-6.08,1.38,0.0
20180105:1411,0.87,1.88,-5.6,1.24,0.0
20180105:1511,0.0,0.0,-5.45,1.03,0.0
20180105:1611,0.0,0.0,-5.64,0.97,0.0
20180105:1711,0.0,0.0,-5.82,0.76,0.0
20180105:1811,0.0,0.0,-6.02,0.48,0.0
20180105:1911,0.0,0.0,-5.62,0.62,0.0
20180105:2011,0.0,0.0,-5.55,0.48,0.0
20180105:2111,0.0,0.0,-5.53,0.34,0.0
20180105:2211,0.0,0.0,-5.51,0.48,0.0
20180105:2311,0.0,0.0,-5.64,0.62,0.0
20180106:0011,0.0,0.0,-5.72,0.48,0.0
20180106:0111,0.0,0.0,-5.98,0.48,0.0
20180106:0211,0.0,0.0,-5.88,0.55,0.0
20180106:0311,0.0,0.0,-6.34,0.62,0.0
20180106:0411,0.0,0.0,-6.58,0.9,0.0
20180106:0511,0.0,0.0,-6.85,1.31,0.0
20180106:0611,0.0,0.0,-7.3,1.52,0.0
20180106:0711,0.0,0.0,-7.74,1.52,0.0
20180106:0811,0.0,0.0,-7.68,1.45,0.0
20180106:0911,1.74,2.42,-7.65,1.38,0.0
20180106:1011,6.08,5.84,-7.92,1.17,0.0
20180106:1111,7.82,7.57,-8.15,0.9,0.0
20180106:1211,7.82,7.49,-8.29,0.69,0.0
20180106:1311,5.21,5.59,-8.33,0.62,0.0
20180106:1411,0.87,2.02,-8.24,0.69,0.0
20180106:1511,0.0,0.0,-8.21,0.69,0.0
20180106:1611,0.0,0.0,-8.25,0.62,0.0
20180106:1711,0.0,0.0,-8.35,0.62,0.0
20180106:1811,0.0,0.0,-8.63,0.69,0.0
20180106:1911,0.0,0.0,-8.35,0.69,0.0
20180106:2011,0.0,0.0,-8.35,0.69,0.0
20180106:2111,0.0,0.0,-8.43,0.55,0.0
20180106:2211,0.0,0.0,-8.43,0.41,0.0
20180106:2311,0.0,0.0,-8.44,0.55,0.0
20180107:0011,0.0,0.0,-8.84,0.55,0.0
20180107:0111,0.0,0.0,-9.24,0.48,0.0
20180107:0211,0.0,0.0,-9.3,0.69,0.0
20180107:0311,0.0,0.0,-9.76,0.83,0.0
20180107:0411,0.0,0.0,-9.92,1.17,0.0
20180107:0511,0.0,0.0,-10.17,1.31,0.0
20180107:0611,0.0,0.0,-10.14,1.59,0.0
20180107:0711,0.0,0.0,-11.02,1.45,0.0
20180107:0811,0.0,0.0,-11.37,1.93,0.0
20180107:0911,1.74,2.51,-11.72,2.55,0.0
20180107:1011,25.2,5.94,-11.69,3.52,0.0
20180107:1111,7.82,7.69,-10.05,4.34,0.0
20180107:1211,7.82,7.62,-8.79,4.55,0.0
20180107:1311,13.91,5.73,-7.65,4.62,0.0
20180107:1411,1.74,2.17,-6.74,4.21,0.0
20180107:1511,0.0,0.0,-6.13,3.66,0.0
20180107:1611,0.0,0.0,-5.92,3.1,0.0
20180107:1711,0.0,0.0,-6.05,3.03,0.0
20180107:1811,0.0,0.0,-6.0,2.83,0.0
20180107:1911,0.0,0.0,-5.74,2.48,0.0
20180107:2011,0.0,0.0,-5.51,2.21,0.0
20180107:2111,0.0,0.0,-5.24,2.07,0.0
20180107:2211,0.0,0.0,-4.49,1.72,0.0
20180107:2311,0.0,0.0,-4.01,1.59,0.0
20180108:0011,0.0,0.0,-3.87,1.52,0.0
20180108:0111,0.0,0.0,-4.34,1.72,0.0
20180108:0211,0.0,0.0,-4.26,1.79,0.0
20180108:0311,0.0,0.0,-4.3,2.0,0.0
20180108:0411,0.0,0.0,-4.07,2.0,0.0
20180108:0511,0.0,0.0,-4.05,2.0,0.0
20180108:0611,0.0,0.0,-2.97,1.59,0.0
20180108:0711,0.0,0.0,-2.9,0.55,0.0
20180108:0811,0.0,0.0,-3.23,0.69,0.0
20180108:0911,1.74,2.61,-3.56,0.69,0.0
20180108:1011,6.08,6.05,-4.4,0.76,0.0
20180108:1111,8.69,7.81,-4.69,0.83,0.0
20180108:1211,8.69,7.75,-4.82,0.55,0.0
20180108:1311,6.08,5.87,-5.16,0.14,0.0
20180108:1411,1.74,2.32,-5.91,0.48,0.0
20180108:1511,0.0,0.0,-6.45,0.9,0.0
20180108:1611,0.0,0.0,-7.11,1.17,0.0
20180108:1711,0.0,0.0,-8.19,1.38,0.0
20180108:1811,0.0,0.0,-9.17,1.52,0.0
20180108:1911,0.0,0.0,-10.23,1.59,0.0
20180108:2011,0.0,0.0,-9.06,1.45,0.0
20180108:2111,0.0,0.0,-7.83,1.38,0.0
20180108:2211,0.0,0.0,-6.14,1.31,0.0
20180108:2311,0.0,0.0,-5.1,1.45,0.0
20180109:0011,0.0,0.0,-4.22,1.52,0.0
20180109:0111,0.0,0.0,-3.69,1.52,0.0
20180109:0211,0.0,0.0,-3.07,1.59,0.0
20180109:0311,0.0,0.0,-2.73,1.72,0.0
20180109:0411,0.0,0.0,-2.73,1.86,0.0
20180109:0511,0.0,0.0,-3.33,2.0,0.0
20180109:0611,0.0,0.0,-4.09,2.07,0.0
20180109:0711,0.0,0.0,-5.85,2.34,0.0
20180109:0811,0.0,0.0,-6.98,2.48,0.0
20180109:0911,1.74,2.71,-8.22,2.76,0.0
20180109:1011,6.08,6.17,-9.0,2.9,0.0
20180109:1111,8.69,7.95,-9.28,2.97,0.0
20180109:1211,8.69,7.9,-9.57,3.1,0.0
20180109:1311,6.08,6.03,-9.81,3.24,0.0
20180109:1411,1.74,2.48,-9.9,3.31,0.0
20180109:1511,0.0,0.0,-9.94,3.38,0.0
20180109:1611,0.0,0.0,-9.97,3.45,0.0
20180109:1711,0.0,0.0,-9.87,3.52,0.0
20180109:1811,0.0,0.0,-9.67,3.66,0.0
20180109:1911,0.0,0.0,-9.65,3.93,0.0
20180109:2011,0.0,0.0,-8.95,4.14,0.0
20180109:2111,0.0,0.0,-8.7,4.41,0.0
20180109:2211,0.0,0.0,-8.65,4.34,0.0
20180109:2311,0.0,0.0,-8.66,4.28,0.0
20180110:0011,0.0,0.0,-8.5,4.07,0.0
20180110:0111,0.0,0.0,-8.49,4.0,0.0
20180110:0211,0.0,0.0,-8.3,3.93,0.0
20180110:0311,0.0,0.0,-8.31,3.93,0.0
20180110:0411,0.0,0.0,-8.16,3.93,0.0
20180110:0511,0.0,0.0,-8.05,3.86,0.0
20180110:0611,0.0,0.0,-8.28,3.86,0.0
20180110:0711,0.0,0.0,-7.25,3.59,0.0
20180110:0811,0.0,0.0,-7.03,3.66,0.0
20180110:0911,1.74,2.82,-6.94,3.59,0.0
20180110:1011,6.08,6.3,-6.64,3.52,0.0
20180110:1111,8.69,8.08,-6.26,3.66,0.0
20180110:1211,8.69,8.05,-6.37,3.72,0.0
20180110:1311,28.68,6.19,-6.02,3.72,0.0
20180110:1411,1.74,2.65,-5.84,3.66,0.0
20180110:1511,0.0,0.0,-6.01,3.59,0.0
20180110:1611,0.0,0.0,-6.0,3.72,0.0
20180110:1711,0.0,0.0,-6.07,3.72,0.0
20180110:1811,0.0,0.0,-6.16,3.45,0.0
20180110:1911,0.0,0.0,-6.12,3.24,0.0
20180110:2011,0.0,0.0,-6.28,2.83,0.0
20180110:2111,0.0,0.0,-6.36,2.41,0.0
20180110:2211,0.0,0.0,-6.58,2.48,0.0
20180110:2311,0.0,0.0,-6.75,2.41,0.0
20180111:0011,0.0,0.0,-6.69,2.41,0.0
20180111:0111,0.0,0.0,-6.46,2.48,0.0
20180111:0211,0.0,0.0,-6.3,2.34,0.0
20180111:0311,0.0,0.0,-6.08,2.21,0.0
20180111:0411,0.0,0.0,-6.1,2.34,0.0
20180111:0511,0.0,0.0,-6.06,2.21,0.0
20180111:0611,0.0,0.0,-5.78,2.07,0.0
20180111:0711,0.0,0.0,-4.99,1.79,0.0
20180111:0811,0.0,0.0,-4.69,1.72,0.0
20180111:0911,13.04,2.94,-4.26,1.66,0.0
20180111:1011,38.24,6.43,-3.91,1.52,0.0
20180111:1111,18.25,8.23,-3.71,1.45,0.0
20180111:1211,41.72,8.21,-3.33,1.38,0.0
20180111:1311,34.76,6.36,-3.29,1.38,0.0
20180111:1411,8.69,2.82,-3.39,1.45,0.0
20180111:1511,0.0,0.0,-3.8,1.59,0.0
20180111:1611,0.0,0.0,-3.95,1.66,0.0
20180111:1711,0.0,0.0,-3.64,1.59,0.0
20180111:1811,0.0,0.0,-3.46,1.52,0.0
20180111:1911,0.0,0.0,-3.53,1.52,0.0
20180111:2011,0.0,0.0,-3.65,1.52,0.0
20180111:2111,0.0,0.0,-3.76,1.52,0.0
20180111:2211,0.0,0.0,-4.18,1.45,0.0
20180111:2311,0.0,0.0,-4.92,1.52,0.0
20180112:0011,0.0,0.0,-5.6,1.59,0.0
20180112:0111,0.0,0.0,-6.18,1.66,0.0
20180112:0211,0.0,0.0,-6.95,1.66,0.0
20180112:0311,0.0,0.0,-8.04,1.79,0.0
20180112:0411,0.0,0.0,-8.83,1.93,0.0
20180112:0511,0.0,0.0,-9.24,2.07,0.0
20180112:0611,0.0,0.0,-9.83,2.14,0.0
20180112:0711,0.0,0.0,-5.81,1.86,0.0
20180112:0811,0.0,0.0,-5.62,1.79,0.0
20180112:0911,13.91,3.06,-5.82,1.86,0.0
20180112:1011,19.99,6.57,-6.59,1.86,0.0
20180112:1111,8.69,8.38,-7.13,1.93,0.0
20180112:1211,8.69,8.37,-7.34,2.07,0.0
20180112:1311,6.08,6.53,-7.55,2.14,0.0
20180112:1411,1.74,3.0,-7.79,2.28,0.0
20180112:1511,0.0,0.0,-8.4,2.48,0.0
20180112:1611,0.0,0.0,-9.0,2.62,0.0
20180112:1711,0.0,0.0,-9.45,2.62,0.0
20180112:1811,0.0,0.0,-10.17,2.62,0.0
20180112:1911,0.0,0.0,-10.76,2.69,0.0
20180112:2011,0.0,0.0,-11.21,2.69,0.0
20180112:2111,0.0,0.0,-11.13,2.69,0.0
20180112:2211,0.0,0.0,-11.11,2.69,0.0
20180112:2311,0.0,0.0,-11.19,2.76,0.0
20180113:0011,0.0,0.0,-11.11,2.76,0.0
20180113:0111,0.0,0.0,-11.53,2.76,0.0
20180113:0211,0.0,0.0,-11.45,2.76,0.0
20180113:0311,0.0,0.0,-11.12,2.69,0.0
20180113:0411,0.0,0.0,-11.1,2.69,0.0
20180113:0511,0.0,0.0,-11.19,2.76,0.0
20180113:0611,0.0,0.0,-11.18,2.83,0.0
20180113:0711,0.0,0.0,-11.55,2.9,0.0
20180113:0811,0.0,0.0,-11.09,2.76,0.0
20180113:0911,15.64,3.19,-11.31,2.97,0.0
20180113:1011,13.91,6.71,-11.37,3.03,0.0
20180113:1111,9.56,8.55,-11.0,2.69,0.0
20180113:1211,9.56,8.54,-10.91,2.62,0.0
20180113:1311,6.95,6.71,-10.84,2.48,0.0
20180113:1411,2.61,3.19,-10.97,2.41,0.0
20180113:1511,0.0,0.0,-11.22,2.41,0.0
20180113:1611,0.0,0.0,-11.19,2.48,0.0
20180113:1711,0.0,0.0,-11.06,2.55,0.0
20180113:1811,0.0,0.0,-11.01,2.48,0.0
20180113:1911,0.0,0.0,-10.49,2.48,0.0
20180113:2011,0.0,0.0,-10.45,2.48,0.0
20180113:2111,0.0,0.0,-9.85,2.34,0.0
20180113:2211,0.0,0.0,-9.59,2.34,0.0
20180113:2311,0.0,0.0,-9.54,2.28,0.0
20180114:0011,0.0,0.0,-9.67,2.14,0.0
20180114:0111,0.0,0.0,-9.4,2.14,0.0
20180114:0211,0.0,0.0,-9.32,2.14,0.0
20180114:0311,0.0,0.0,-9.64,2.14,0.0
20180114:0411,0.0,0.0,-9.33,2.14,0.0
20180114:0511,0.0,0.0,-9.32,2.07,0.0
20180114:0611,0.0,0.0,-9.6,2.14,0.0
20180114:0711,0.0,0.0,-9.75,2.21,0.0
20180114:0811,0.0,0.0,-9.8,2.41,0.0
20180114:0911,2.61,3.33,-9.88,2.48,0.0
20180114:1011,6.95,6.87,-9.72,2.34,0.0
20180114:1111,9.56,8.71,-9.74,2.48,0.0
20180114:1211,9.56,8.72,-9.39,2.21,0.0
20180114:1311,6.95,6.9,-9.37,2.41,0.0
20180114:1411,2.61,3.38,-9.38,2.34,0.0
20180114:1511,0.0,0.0,-9.48,2.41,0.0
20180114:1611,0.0,0.0,-9.54,2.41,0.0
20180114:1711,0.0,0.0,-9.79,2.62,0.0
20180114:1811,0.0,0.0,-9.56,2.62,0.0
20180114:1911,0.0,0.0,-9.65,2.97,0.0
20180114:2011,0.0,0.0,-9.63,2.83,0.0
20180114:2111,0.0,0.0,-9.71,2.69,0.0
20180114:2211,0.0,0.0,-9.39,3.24,0.0
20180114:2311,0.0,0.0,-8.84,3.45,0.0
20180115:0011,0.0,0.0,-8.38,3.24,0.0
20180115:0111,0.0,0.0,-7.66,3.86,0.0
20180115:0211,0.0,0.0,-7.3,3.66,0.0
20180115:0311,0.0,0.0,-7.27,3.24,0.0
20180115:0411,0.0,0.0,-7.49,3.24,0.0
20180115:0511,0.0,0.0,-7.57,3.24,0.0
20180115:0611,0.0,0.0,-7.71,3.24,0.0
20180115:0711,0.0,0.0,-7.8,3.31,0.0
20180115:0811,0.0,0.0,-7.54,3.38,0.0
20180115:0911,2.61,3.48,-7.14,4.0,0.0
20180115:1011,6.95,7.03,-6.77,3.66,0.0
20180115:1111,19.99,8.89,-6.39,4.07,0.0
20180115:1211,38.24,8.91,-6.07,3.93,0.0
20180115:1311,6.95,7.09,-5.9,4.0,0.0
20180115:1411,8.69,3.58,-5.72,3.93,0.0
20180115:1511,0.0,0.0,-5.66,3.79,0.0
20180115:1611,0.0,0.0,-5.75,3.24,0.0
20180115:1711,0.0,0.0,-5.77,3.17,0.0
20180115:1811,0.0,0.0,-5.81,2.97,0.0
20180115:1911,0.0,0.0,-5.46,3.93,0.0
20180115:2011,0.0,0.0,-5.4,3.1,0.0
20180115:2111,0.0,0.0,-5.55,2.97,0.0
20180115:2211,0.0,0.0,-5.54,2.69,0.0
20180115:2311,0.0,0.0,-5.51,2.48,0.0
20180116:0011,0.0,0.0,-5.42,2.55,0.0
20180116:0111,0.0,0.0,-5.0,2.34,0.0
20180116:0211,0.0,0.0,-4.87,2.07,0.0
20180116:0311,0.0,0.0,-4.5,1.59,0.0
20180116:0411,0.0,0.0,-4.03,1.17,0.0
20180116:0511,0.0,0.0,-3.45,0.9,0.0
20180116:0611,0.0,0.0,-3.39,0.62,0.0
20180116:0711,0.0,0.0,-3.82,0.76,0.0
20180116:0811,0.0,0.0,-3.82,0.69,0.0
20180116:0911,4.35,3.63,-4.23,1.03,0.0
20180116:1011,29.55,7.2,-5.08,1.38,0.0
20180116:1111,19.99,9.07,-5.32,1.45,0.0
20180116:1211,10.43,9.1,-5.39,1.59,0.0
20180116:1311,45.19,7.29,-5.2,1.72,0.0
20180116:1411,2.61,3.78,-6.04,1.93,0.0
20180116:1511,0.0,0.0,-6.36,1.79,0.0
20180116:1611,0.0,0.0,-5.38,1.31,0.0
20180116:1711,0.0,0.0,-5.45,1.31,0.0
20180116:1811,0.0,0.0,-5.29,1.24,0.0
20180116:1911,0.0,0.0,-6.02,1.38,0.0
20180116:2011,0.0,0.0,-5.3,1.17,0.0
20180116:2111,0.0,0.0,-5.31,1.24,0.0
20180116:2211,0.0,0.0,-5.16,1.1,0.0
20180116:2311,0.0,0.0,-5.11,1.03,0.0
20180117:0011,0.0,0.0,-5.44,1.17,0.0
20180117:0111,0.0,0.0,-5.81,1.24,0.0
20180117:0211,0.0,0.0,-6.78,1.38,0.0
20180117:0311,0.0,0.0,-7.36,1.38,0.0
20180117:0411,0.0,0.0,-7.52,1.45,0.0
20180117:0511,0.0,0.0,-7.66,1.52,0.0
20180117:0611,0.0,0.0,-8.07,1.59,0.0
20180117:0711,0.0,0.0,-7.7,1.38,0.0
20180117:0811,0.0,0.0,-7.6,1.38,0.0
20180117:0911,6.08,3.79,-6.88,1.03,0.0
20180117:1011,39.11,7.37,-6.76,0.83,0.0
20180117:1111,10.43,9.26,-6.76,0.76,0.0
20180117:1211,10.43,9.3,-6.85,0.69,0.0
20180117:1311,9.56,7.5,-6.93,0.48,0.0
20180117:1411,19.99,3.99,-6.85,0.28,0.0
20180117:1511,0.0,0.0,-6.77,0.28,0.0
20180117:1611,0.0,0.0,-6.79,0.21,0.0
20180117:1711,0.0,0.0,-6.95,0.21,0.0
20180117:1811,0.0,0.0,-7.28,0.48,0.0
20180117:1911,0.0,0.0,-7.14,0.55,0.0
20180117:2011,0.0,0.0,-7.33,0.9,0.0
20180117:2111,0.0,0.0,-7.49,1.03,0.0
20180117:2211,0.0,0.0,-8.42,1.17,0.0
20180117:2311,0.0,0.0,-10.48,1.38,0.0
20180118:0011,0.0,0.0,-12.42,1.59,0.0
20180118:0111,0.0,0.0,-13.48,1.79,0.0
20180118:0211,0.0,0.0,-13.68,1.86,0.0
20180118:0311,0.0,0.0,-13.19,2.0,0.0
20180118:0411,0.0,0.0,-12.57,2.14,0.0
20180118:0511,0.0,0.0,-12.43,2.21,0.0
20180118:0611,0.0,0.0,-11.83,2.28,0.0
20180118:0711,0.0,0.0,-9.83,2.07,0.0
20180118:0811,0.0,0.0,-9.82,2.0,0.0
20180118:0911,3.48,3.96,-9.75,1.93,0.0
20180118:1011,7.82,7.55,-9.53,1.79,0.0
20180118:1111,39.11,9.45,-9.2,1.72,0.0
20180118:1211,60.84,9.5,-8.84,1.66,0.0
20180118:1311,48.67,7.71,-8.92,1.59,0.0
20180118:1411,16.51,4.2,-8.79,1.45,0.0
20180118:1511,0.0,0.0,-8.85,1.38,0.0
20180118:1611,0.0,0.0,-8.9,1.38,0.0
20180118:1711,0.0,0.0,-8.97,1.38,0.0
20180118:1811,0.0,0.0,-9.13,1.31,0.0
20180118:1911,0.0,0.0,-8.72,1.38,0.0
20180118:2011,0.0,0.0,-8.63,1.31,0.0
20180118:2111,0.0,0.0,-8.24,1.17,0.0
20180118:2211,0.0,0.0,-8.12,1.17,0.0
20180118:2311,0.0,0.0,-8.19,1.24,0.0
20180119:0011,0.0,0.0,-8.42,1.24,0.0
20180119:0111,0.0,0.0,-8.53,1.24,0.0
20180119:0211,0.0,0.0,-8.54,1.24,0.0
20180119:0311,0.0,0.0,-8.7,1.31,0.0
20180119:0411,0.0,0.0,-8.72,1.24,0.0
20180119:0511,0.0,0.0,-8.7,1.24,0.0
20180119:0611,0.0,0.0,-8.85,1.31,0.0
20180119:0711,0.0,0.0,-8.75,1.52,0.0
20180119:0811,0.0,0.0,-8.77,1.59,0.0
20180119:0911,3.48,4.13,-8.68,1.52,0.0
20180119:1011,10.43,7.74,-8.6,1.59,0.0
20180119:1111,64.31,9.65,-8.42,1.66,0.0
20180119:1211,32.16,9.71,-8.29,1.59,0.0
20180119:1311,31.29,7.92,-8.19,1.59,0.0
20180119:1411,6.08,4.42,-8.2,1.52,0.0
20180119:1511,0.0,0.0,-8.21,1.52,0.0
20180119:1611,0.0,0.0,-8.29,1.52,0.0
20180119:1711,0.0,0.0,-8.29,1.52,0.0
20180119:1811,0.0,0.0,-8.24,1.52,0.0
20180119:1911,0.0,0.0,-8.42,1.79,0.0
20180119:2011,0.0,0.0,-8.35,1.72,0.0
20180119:2111,0.0,0.0,-8.49,1.72,0.0
20180119:2211,0.0,0.0,-8.48,1.72,0.0
20180119:2311,0.0,0.0,-8.67,1.79,0.0
20180120:0011,0.0,0.0,-8.53,1.79,0.0
20180120:0111,0.0,0.0,-8.48,1.79,0.0
20180120:0211,0.0,0.0,-8.64,1.86,0.0
20180120:0311,0.0,0.0,-8.76,1.86,0.0
20180120:0411,0.0,0.0,-8.85,1.93,0.0
20180120:0511,0.0,0.0,-8.93,2.0,0.0
20180120:0611,0.0,0.0,-8.89,2.0,0.0
20180120:0711,0.0,0.0,-7.84,1.86,0.0
20180120:0811,0.0,0.0,-7.88,1.86,0.0
20180120:0911,6.08,4.31,-7.99,1.93,0.0
20180120:1011,42.59,7.94,-8.01,2.07,0.0
20180120:1111,50.41,9.86,-7.98,2.14,0.0
20180120:1211,66.05,9.93,-7.85,2.14,0.0
20180120:1311,20.86,8.15,-7.83,2.14,0.0
20180120:1411,4.35,4.65,-7.98,2.14,0.0
20180120:1511,0.0,0.0,-8.06,2.14,0.0
20180120:1611,0.0,0.0,-8.27,2.21,0.0
20180120:1711,0.0,0.0,-8.7,2.48,0.0
20180120:1811,0.0,0.0,-8.81,2.48,0.0
20180120:1911,0.0,0.0,-8.47,2.28,0.0
20180120:2011,0.0,0.0,-8.61,2.21,0.0
20180120:2111,0.0,0.0,-8.55,2.14,0.0
20180120:2211,0.0,0.0,-8.52,2.07,0.0
20180120:2311,0.0,0.0,-8.51,2.07,0.0
20180121:0011,0.0,0.0,-8.42,2.0,0.0
20180121:0111,0.0,0.0,-8.08,1.79,0.0
20180121:0211,0.0,0.0,-7.94,1.72,0.0
20180121:0311,0.0,0.0,-7.43,1.59,0.0
20180121:0411,0.0,0.0,-7.27,1.52,0.0
20180121:0511,0.0,0.0,-6.99,1.45,0.0
20180121:0611,0.0,0.0,-6.87,1.31,0.0
20180121:0711,0.0,0.0,-7.18,1.38,0.0
20180121:0811,0.0,0.0,-7.16,1.38,0.0
20180121:0911,7.82,4.5,-7.37,1.31,0.0
20180121:1011,19.12,8.14,-7.58,1.31,0.0
20180121:1111,11.3,10.07,-7.96,1.31,0.0
20180121:1211,13.91,10.16,-8.34,1.31,0.0
20180121:1311,10.43,8.38,-8.62,1.38,0.0
20180121:1411,4.35,4.88,-9.95,1.45,0.0
20180121:1511,0.0,0.0,-10.62,1.52,0.0
20180121:1611,0.0,0.0,-11.38,1.59,0.0
20180121:1711,0.0,0.0,-12.01,1.66,0.0
20180121:1811,0.0,0.0,-13.06,1.79,0.0
20180121:1911,0.0,0.0,-11.79,1.93,0.0
20180121:2011,0.0,0.0,-11.56,1.93,0.0
20180121:2111,0.0,0.0,-11.21,1.93,0.0
20180121:2211,0.0,0.0,-10.95,2.0,0.0
20180121:2311,0.0,0.0,-10.67,2.0,0.0
20180122:0011,0.0,0.0,-10.44,2.07,0.0
20180122:0111,0.0,0.0,-10.34,2.34,0.0
20180122:0211,0.0,0.0,-10.14,2.41,0.0
20180122:0311,0.0,0.0,-9.86,2.21,0.0
20180122:0411,0.0,0.0,-9.82,2.21,0.0
20180122:0511,0.0,0.0,-9.7,2.21,0.0
20180122:0611,0.0,0.0,-9.54,2.28,0.0
20180122:0711,0.0,0.0,-9.32,2.28,0.0
20180122:0811,0.0,0.0,-9.09,2.41,0.0
20180122:0911,7.82,4.69,-8.91,2.48,0.0
20180122:1011,19.99,8.34,-8.73,2.34,0.0
20180122:1111,54.75,10.29,-8.46,2.34,0.0
20180122:1211,63.45,10.38,-8.2,2.34,0.0
20180122:1311,38.24,8.61,-8.07,2.28,0.0
20180122:1411,4.35,5.11,-7.96,2.28,0.0
20180122:1511,0.0,0.0,-8.02,2.14,0.0
20180122:1611,0.0,0.0,-8.24,2.28,0.0
20180122:1711,0.0,0.0,-8.14,2.21,0.0
20180122:1811,0.0,0.0,-7.96,2.21,0.0
20180122:1911,0.0,0.0,-7.63,2.14,0.0
20180122:2011,0.0,0.0,-7.55,2.07,0.0
20180122:2111,0.0,0.0,-7.38,2.07,0.0
20180122:2211,0.0,0.0,-7.28,1.86,0.0
20180122:2311,0.0,0.0,-7.27,1.86,0.0
20180123:0011,0.0,0.0,-7.19,1.93,0.0
20180123:0111,0.0,0.0,-7.15,1.86,0.0
20180123:0211,0.0,0.0,-6.91,1.79,0.0
20180123:0311,0.0,0.0,-6.71,1.79,0.0
20180123:0411,0.0,0.0,-6.41,1.59,0.0
20180123:0511,0.0,0.0,-6.18,1.52,0.0
20180123:0611,0.0,0.0,-5.99,1.52,0.0
20180123:0711,0.0,0.0,-6.11,1.66,0.0
20180123:0811,0.0,0.0,-5.82,1.66,0.0
20180123:0911,5.21,4.89,-5.53,1.66,0.0
20180123:1011,10.43,8.56,-5.3,1.66,0.0
20180123:1111,25.2,10.52,-5.2,1.79,0.0
20180123:1211,22.6,10.62,-4.63,1.66,0.0
20180123:1311,21.73,8.85,-4.35,1.72,0.0
20180123:1411,20.86,5.35,-3.89,1.79,0.0
20180123:1511,0.0,0.0,-3.91,2.28,0.0
20180123:1611,0.0,0.0,-3.64,2.69,0.0
20180123:1711,0.0,0.0,-3.41,2.62,0.0
20180123:1811,0.0,0.0,-3.15,2.62,0.0
20180123:1911,0.0,0.0,-3.12,2.14,0.0
20180123:2011,0.0,0.0,-3.04,1.93,0.0
20180123:2111,0.0,0.0,-2.81,1.79,0.0
20180123:2211,0.0,0.0,-2.92,2.41,0.0
20180123:2311,0.0,0.0,-2.42,2.69,0.0
20180124:0011,0.0,0.0,-2.26,2.41,0.0
20180124:0111,0.0,0.0,-1.91,2.0,0.0
20180124:0211,0.0,0.0,-2.43,2.14,0.0
20180124:0311,0.0,0.0,-2.7,2.9,0.0
20180124:0411,0.0,0.0,-2.35,3.66,0.0
20180124:0511,0.0,0.0,-2.29,3.17,0.0
20180124:0611,0.0,0.0,-2.37,2.76,0.0
20180124:0711,0.0,0.0,-2.19,2.62,0.0
20180124:0811,0.0,0.0,-2.58,2.41,0.0
20180124:0911,6.08,5.1,-2.76,2.07,0.0
20180124:1011,14.77,8.78,-2.89,2.34,0.0
20180124:1111,23.47,10.75,-2.19,2.76,0.0
20180124:1211,27.81,10.86,-1.52,3.03,0.0
20180124:1311,18.25,9.1,-1.21,2.9,0.0
20180124:1411,9.56,5.6,-0.43,4.21,0.0
20180124:1511,0.0,0.0,-0.7,5.38,0.0
20180124:1611,0.0,0.0,-1.27,6.0,0.0
20180124:1711,0.0,0.0,-1.7,5.31,0.0
20180124:1811,0.0,0.0,-1.39,5.66,0.0
20180124:1911,0.0,0.0,-1.58,4.0,0.0
20180124:2011,0.0,0.0,-1.52,4.0,0.0
20180124:2111,0.0,0.0,-1.37,4.28,0.0
20180124:2211,0.0,0.0,-1.42,4.14,0.0
20180124:2311,0.0,0.0,-1.67,5.17,0.0
20180125:0011,0.0,0.0,-1.57,5.03,0.0
20180125:0111,0.0,0.0,-1.73,5.24,0.0
20180125:0211,0.0,0.0,-1.66,4.83,0.0
20180125:0311,0.0,0.0,-1.74,5.45,0.0
20180125:0411,0.0,0.0,-2.24,4.55,0.0
20180125:0511,0.0,0.0,-2.35,4.41,0.0
20180125:0611,0.0,0.0,-2.55,3.45,0.0
20180125:0711,0.0,0.0,-2.67,3.24,0.0
20180125:0811,0.0,0.0,-2.74,3.31,0.0
20180125:0911,5.21,5.31,-2.68,3.17,0.0
20180125:1011,9.56,9.01,-2.82,2.97,0.0
20180125:1111,13.04,10.99,-2.79,2.21,0.0
20180125:1211,13.04,11.11,-2.86,2.07,0.0
20180125:1311,10.43,9.35,-2.96,1.93,0.0
20180125:1411,5.21,5.85,-3.44,1.72,0.0
20180125:1511,0.0,0.0,-3.8,1.72,0.0
20180125:1611,0.0,0.0,-3.6,1.59,0.0
20180125:1711,0.0,0.0,-3.72,1.52,0.0
20180125:1811,0.0,0.0,-3.69,1.45,0.0
20180125:1911,0.0,0.0,-3.93,1.59,0.0
20180125:2011,0.0,0.0,-4.13,1.86,0.0
20180125:2111,0.0,0.0,-3.67,1.72,0.0
20180125:2211,0.0,0.0,-3.86,2.21,0.0
20180125:2311,0.0,0.0,-3.68,2.41,0.0
20180126:0011,0.0,0.0,-3.38,2.14,0.0
20180126:0111,0.0,0.0,-3.46,2.21,0.0
20180126:0211,0.0,0.0,-3.61,2.14,0.0
20180126:0311,0.0,0.0,-3.78,1.93,0.0
20180126:0411,0.0,0.0,-3.98,1.86,0.0
20180126:0511,0.0,0.0,-4.06,1.72,0.0
20180126:0611,0.0,0.0,-3.85,1.52,0.0
20180126:0711,0.0,0.0,-4.33,1.72,0.0
20180126:0811,0.0,0.0,-4.15,1.52,0.0
20180126:0911,5.21,5.53,-4.26,1.52,0.0
20180126:1011,10.43,9.24,-4.71,1.59,0.0
20180126:1111,13.04,11.24,-4.79,1.52,0.0
20180126:1211,13.04,11.36,-4.8,1.38,0.0
20180126:1311,10.43,9.6,-4.89,1.31,0.0
20180126:1411,6.08,6.11,-5.11,1.24,0.0
20180126:1511,0.0,0.0,-5.18,1.24,0.0
20180126:1611,0.0,0.0,-5.6,1.1,0.0
20180126:1711,0.0,0.0,-6.14,0.97,0.0
20180126:1811,0.0,0.0,-6.75,0.97,0.0
20180126:1911,0.0,0.0,-6.58,0.9,0.0
20180126:2011,0.0,0.0,-6.66,0.69,0.0
20180126:2111,0.0,0.0,-6.78,0.55,0.0
20180126:2211,0.0,0.0,-6.99,0.41,0.0
20180126:2311,0.0,0.0,-7.34,0.34,0.0
20180127:0011,0.0,0.0,-7.8,0.34,0.0
20180127:0111,0.0,0.0,-8.17,0.41,0.0
20180127:0211,0.0,0.0,-8.37,0.34,0.0
20180127:0311,0.0,0.0,-8.48,0.14,0.0
20180127:0411,0.0,0.0,-8.65,0.14,0.0
20180127:0511,0.0,0.0,-8.74,0.55,0.0
20180127:0611,0.0,0.0,-9.17,0.9,0.0
20180127:0711,0.0,0.0,-9.18,0.97,0.0
20180127:0811,0.0,0.0,-9.25,1.1,0.0
20180127:0911,26.94,5.76,-8.88,1.24,0.0
20180127:1011,52.15,9.48,-8.63,1.38,0.0
20180127:1111,60.84,11.49,-8.05,1.66,0.0
20180127:1211,46.06,11.62,-7.39,2.0,0.0
20180127:1311,33.9,9.86,-6.93,2.34,0.0
20180127:1411,26.94,6.36,-6.49,2.41,0.0
20180127:1511,0.0,0.0,-6.28,2.41,0.0
20180127:1611,0.0,0.0,-5.8,2.41,0.0
20180127:1711,0.0,0.0,-5.37,2.34,0.0
20180127:1811,0.0,0.0,-5.06,2.14,0.0
20180127:1911,0.0,0.0,-5.14,2.07,0.0
20180127:2011,0.0,0.0,-5.02,1.72,0.0
20180127:2111,0.0,0.0,-4.82,1.31,0.0
20180127:2211,0.0,0.0,-4.55,1.17,0.0
20180127:2311,0.0,0.0,-4.49,1.79,0.0
20180128:0011,0.0,0.0,-3.94,2.21,0.0
20180128:0111,0.0,0.0,-3.06,3.17,0.0
20180128:0211,0.0,0.0,-2.71,3.17,0.0
20180128:0311,0.0,0.0,-2.75,2.9,0.0
20180128:0411,0.0,0.0,-2.72,2.41,0.0
20180128:0511,0.0,0.0,-2.21,3.59,0.0
20180128:0611,0.0,0.0,-2.03,3.59,0.0
20180128:0711,0.0,0.0,-1.21,4.14,0.0
20180128:0811,0.0,0.0,-1.05,4.41,0.0
20180128:0911,26.94,5.99,-1.2,3.86,0.0
20180128:1011,12.17,9.72,-1.24,3.93,0.0
20180128:1111,13.91,11.74,-1.45,3.72,0.0
20180128:1211,13.91,11.88,-1.48,3.86,0.0
20180128:1311,11.3,10.13,-1.69,3.24,0.0
20180128:1411,27.81,6.63,-1.46,4.9,0.0
20180128:1511,0.0,0.0,-1.71,5.31,0.0
20180128:1611,0.0,0.0,-1.86,4.9,0.0
20180128:1711,0.0,0.0,-2.61,3.86,0.0
20180128:1811,0.0,0.0,-2.69,3.79,0.0
20180128:1911,0.0,0.0,-2.88,2.9,0.0
20180128:2011,0.0,0.0,-3.36,2.21,0.0
20180128:2111,0.0,0.0,-3.92,2.07,0.0
20180128:2211,0.0,0.0,-3.85,2.0,0.0
20180128:2311,0.0,0.0,-3.57,1.66,0.0
20180129:0011,0.0,0.0,-3.2,1.31,0.0
20180129:0111,0.0,0.0,-2.88,1.1,0.0
20180129:0211,0.0,0.0,-2.84,1.17,0.0
20180129:0311,0.0,0.0,-2.69,1.1,0.0
20180129:0411,0.0,0.0,-2.12,0.76,0.0
20180129:0511,0.0,0.0,-2.13,0.69,0.0
20180129:0611,0.0,0.0,-2.1,0.69,0.0
20180129:0711,0.0,0.0,-2.21,0.62,0.0
20180129:0811,0.0,0.0,-2.58,0.9,0.0
20180129:0911,6.95,6.23,-3.0,1.45,0.0
20180129:1011,11.3,9.97,-2.9,1.59,0.0
20180129:1111,30.42,12.01,-2.72,1.86,0.0
20180129:1211,82.57,12.15,-2.88,1.93,0.0
20180129:1311,11.3,10.4,-2.96,1.93,0.0
20180129:1411,6.95,6.9,-3.09,1.93,0.0
20180129:1511,0.87,1.91,-3.48,2.14,0.0
20180129:1611,0.0,0.0,-3.68,2.21,0.0
20180129:1711,0.0,0.0,-4.01,2.34,0.0
20180129:1811,0.0,0.0,-4.39,2.62,0.0
20180129:1911,0.0,0.0,-5.57,2.28,0.0
20180129:2011,0.0,0.0,-5.87,2.0,0.0
20180129:2111,0.0,0.0,-5.83,2.0,0.0
20180129:2211,0.0,0.0,-5.92,1.93,0.0
20180129:2311,0.0,0.0,-6.23,2.21,0.0
20180130:0011,0.0,0.0,-6.16,1.79,0.0
20180130:0111,0.0,0.0,-6.29,2.14,0.0
20180130:0211,0.0,0.0,-6.61,2.41,0.0
20180130:0311,0.0,0.0,-6.81,2.34,0.0
20180130:0411,0.0,0.0,-6.79,2.14,0.0
20180130:0511,0.0,0.0,-6.49,1.93,0.0
20180130:0611,0.0,0.0,-6.56,2.07,0.0
20180130:0711,0.0,0.0,-6.51,1.86,0.0
20180130:0811,0.0,0.0,-6.65,1.86,0.0
20180130:0911,6.08,6.47,-6.63,1.86,0.0
20180130:1011,43.46,10.23,-6.49,2.21,0.0
20180130:1111,54.75,12.27,-5.79,2.21,0.0
20180130:1211,14.77,12.42,-5.06,2.34,0.0
20180130:1311,46.93,10.67,-4.82,2.55,0.0
20180130:1411,6.95,7.17,-4.59,2.14,0.0
20180130:1511,1.74,2.18,-4.17,2.0,0.0
20180130:1611,0.0,0.0,-3.61,2.83,0.0
20180130:1711,0.0,0.0,-3.65,2.41,0.0
20180130:1811,0.0,0.0,-3.51,1.79,0.0
20180130:1911,0.0,0.0,-3.46,1.93,0.0
20180130:2011,0.0,0.0,-3.09,2.07,0.0
20180130:2111,0.0,0.0,-2.77,2.14,0.0
20180130:2211,0.0,0.0,-2.25,2.97,0.0
20180130:2311,0.0,0.0,-1.81,3.31,0.0
20180131:0011,0.0,0.0,-1.84,3.38,0.0
20180131:0111,0.0,0.0,-1.98,3.31,0.0
20180131:0211,0.0,0.0,-2.05,3.17,0.0
20180131:0311,0.0,0.0,-2.29,2.97,0.0
20180131:0411,0.0,0.0,-2.5,2.21,0.0
20180131:0511,0.0,0.0,-2.67,2.0,0.0
20180131:0611,0.0,0.0,-2.83,1.93,0.0
20180131:0711,0.0,0.0,-2.84,2.0,0.0
20180131:0811,0.0,0.0,-2.84,1.93,0.0
20180131:0911,21.73,6.72,-2.77,2.07,0.0
20180131:1011,17.38,10.49,-2.61,2.07,0.0
20180131:1111,14.77,12.55,-2.51,1.93,0.0
20180131:1211,83.43,12.7,-2.48,1.79,0.0
20180131:1311,17.38,10.95,-2.64,1.72,0.0
20180131:1411,7.82,7.45,-2.78,1.52,0.0
20180131:1511,2.61,2.45,-3.01,1.24,0.0
20180131:1611,0.0,0.0,-3.36,1.38,0.0
20180131:1711,0.0,0.0,-4.22,1.24,0.0
20180131:1811,0.0,0.0,-4.44,1.38,0.0
20180131:1911,0.0,0.0,-4.35,1.31,0.0
20180131:2011,0.0,0.0,-4.48,1.17,0.0
20180131:2111,0.0,0.0,-4.56,1.17,0.0
20180131:2211,0.0,0.0,-4.63,1.03,0.0
20180131:2311,0.0,0.0,-4.41,0.83,0.0
20180201:0011,0.0,0.0,-4.5,0.69,0.0
20180201:0111,0.0,0.0,-4.64,0.48,0.0
20180201:0211,0.0,0.0,-4.78,0.62,0.0
20180201:0311,0.0,0.0,-4.86,0.9,0.0
20180201:0411,0.0,0.0,-5.09,1.17,0.0
20180201:0511,0.0,0.0,-5.92,1.45,0.0
20180201:0611,0.0,0.0,-6.61,1.66,0.0
20180201:0711,0.0,0.0,-4.89,1.31,0.0
20180201:0811,0.87,1.75,-5.5,1.45,0.0
20180201:0911,25.2,6.97,-5.72,1.52,0.0
20180201:1011,13.04,10.76,-5.92,1.59,0.0
20180201:1111,15.64,12.82,-6.05,1.72,0.0
20180201:1211,18.25,12.99,-6.22,1.72,0.0
20180201:1311,36.5,11.24,-6.29,2.0,0.0
20180201:1411,9.56,7.73,-6.47,2.34,0.0
20180201:1511,1.74,2.73,-6.62,2.62,0.0
20180201:1611,0.0,0.0,-6.71,2.9,0.0
20180201:1711,0.0,0.0,-6.89,3.03,0.0
20180201:1811,0.0,0.0,-6.94,3.17,0.0
20180201:1911,0.0,0.0,-7.12,2.83,0.0
20180201:2011,0.0,0.0,-7.01,3.24,0.0
20180201:2111,0.0,0.0,-6.76,3.66,0.0
20180201:2211,0.0,0.0,-6.5,3.66,0.0
20180201:2311,0.0,0.0,-6.88,3.52,0.0
20180202:0011,0.0,0.0,-7.39,3.52,0.0
20180202:0111,0.0,0.0,-7.86,3.45,0.0
20180202:0211,0.0,0.0,-8.23,3.31,0.0
20180202:0311,0.0,0.0,-8.91,3.24,0.0
20180202:0411,0.0,0.0,-9.74,3.1,0.0
20180202:0511,0.0,0.0,-10.08,2.9,0.0
20180202:0611,0.0,0.0,-10.33,2.76,0.0
20180202:0711,0.0,0.0,-9.91,2.69,0.0
20180202:0811,0.87,2.0,-9.21,2.34,0.0
20180202:0911,7.82,7.24,-7.9,2.0,0.0
20180202:1011,13.04,11.03,-6.21,1.59,0.0
20180202:1111,16.51,13.11,-5.7,1.1,0.0
20180202:1211,16.51,13.28,-5.76,0.62,0.0
20180202:1311,13.91,11.53,-5.97,0.55,0.0
20180202:1411,8.69,8.01,-6.27,0.62,0.0
20180202:1511,2.61,3.0,-6.55,0.41,0.0
20180202:1611,0.0,0.0,-6.95,0.28,0.0
20180202:1711,0.0,0.0,-7.27,0.21,0.0
20180202:1811,0.0,0.0,-7.42,0.34,0.0
20180202:1911,0.0,0.0,-8.39,1.03,0.0
20180202:2011,0.0,0.0,-8.28,1.03,0.0
20180202:2111,0.0,0.0,-8.38,1.1,0.0
20180202:2211,0.0,0.0,-8.64,1.1,0.0
20180202:2311,0.0,0.0,-9.14,1.03,0.0
20180203:0011,0.0,0.0,-9.65,1.03,0.0
20180203:0111,0.0,0.0,-10.3,1.1,0.0
20180203:0211,0.0,0.0,-10.52,1.17,0.0
20180203:0311,0.0,0.0,-10.89,1.31,0.0
20180203:0411,0.0,0.0,-10.79,1.31,0.0
20180203:0511,0.0,0.0,-10.72,1.38,0.0
20180203:0611,0.0,0.0,-11.2,1.45,0.0
20180203:0711,0.0,0.0,-18.26,2.07,0.0
20180203:0811,6.08,2.25,-17.9,2.07,0.0
20180203:0911,26.07,7.5,-17.1,2.0,0.0
20180203:1011,13.91,11.31,-16.58,2.0,0.0
20180203:1111,39.98,13.4,-16.26,1.93,0.0
20180203:1211,39.98,13.57,-15.79,1.93,0.0
20180203:1311,35.63,11.82,-15.51,2.0,0.0
20180203:1411,27.81,8.3,-15.67,2.14,0.0
20180203:1511,10.43,3.29,-16.01,2.28,0.0
20180203:1611,0.0,0.0,-16.59,2.34,0.0
20180203:1711,0.0,0.0,-17.05,2.41,0.0
20180203:1811,0.0,0.0,-17.44,2.41,0.0
20180203:1911,0.0,0.0,-17.38,2.41,0.0
20180203:2011,0.0,0.0,-17.36,2.34,0.0
20180203:2111,0.0,0.0,-17.58,2.21,0.0
20180203:2211,0.0,0.0,-17.87,2.14,0.0
20180203:2311,0.0,0.0,-18.22,2.07,0.0
20180204:0011,0.0,0.0,-18.27,2.0,0.0
20180204:0111,0.0,0.0,-18.4,2.0,0.0
20180204:0211,0.0,0.0,-18.36,1.93,0.0
20180204:0311,0.0,0.0,-18.82,1.93,0.0
20180204:0411,0.0,0.0,-18.69,1.93,0.0
20180204:0511,0.0,0.0,-18.82,1.86,0.0
20180204:0611,0.0,0.0,-18.98,1.86,0.0
20180204:0711,0.0,0.0,-20.0,2.07,0.0
20180204:0811,1.74,2.51,-19.98,2.07,0.0
20180204:0911,8.69,7.77,-19.77,1.93,0.0
20180204:1011,13.91,11.6,-19.11,1.79,0.0
20180204:1111,17.38,13.69,-18.48,1.66,0.0
20180204:1211,17.38,13.87,-17.81,1.59,0.0
20180204:1311,14.77,12.12,-16.88,1.45,0.0
20180204:1411,9.56,8.59,-16.44,1.45,0.0
20180204:1511,2.61,3.57,-16.13,1.38,0.0
20180204:1611,0.0,0.0,-15.41,1.31,0.0
20180204:1711,0.0,0.0,-15.39,1.31,0.0
20180204:1811,0.0,0.0,-14.72,1.24,0.0
20180204:1911,0.0,0.0,-14.94,1.31,0.0
20180204:2011,0.0,0.0,-14.18,1.17,0.0
20180204:2111,0.0,0.0,-13.52,1.1,0.0
20180204:2211,0.0,0.0,-12.82,0.9,0.0
20180204:2311,0.0,0.0,-12.16,0.62,0.0
20180205:0011,0.0,0.0,-11.55,0.41,0.0
20180205:0111,0.0,0.0,-11.12,0.34,0.0
20180205:0211,0.0,0.0,-10.94,0.41,0.0
20180205:0311,0.0,0.0,-10.85,0.48,0.0
20180205:0411,0.0,0.0,-10.67,0.48,0.0
20180205:0511,0.0,0.0,-10.64,0.55,0.0
20180205:0611,0.0,0.0,-10.64,0.48,0.0
20180205:0711,0.0,0.0,-11.31,0.55,0.0
20180205:0811,1.74,2.77,-11.11,0.55,0.0
20180205:0911,36.5,8.05,-10.83,0.62,0.0
20180205:1011,81.7,11.89,-10.85,0.76,0.0
20180205:1111,80.83,13.99,-10.85,0.69,0.0
20180205:1211,98.21,14.17,-10.65,0.48,0.0
20180205:1311,82.57,12.42,-10.48,0.28,0.0
20180205:1411,41.72,8.89,-10.33,0.21,0.0
20180205:1511,3.48,3.86,-10.26,0.28,0.0
20180205:1611,0.0,0.0,-10.44,0.48,0.0
20180205:1711,0.0,0.0,-11.09,0.76,0.0
20180205:1811,0.0,0.0,-11.58,0.9,0.0
20180205:1911,0.0,0.0,-11.37,0.9,0.0
20180205:2011,0.0,0.0,-11.83,0.9,0.0
20180205:2111,0.0,0.0,-12.54,0.9,0.0
20180205:2211,0.0,0.0,-13.61,0.97,0.0
20180205:2311,0.0,0.0,-14.74,0.97,0.0
20180206:0011,0.0,0.0,-15.31,0.97,0.0
20180206:0111,0.0,0.0,-15.91,1.1,0.0
20180206:0211,0.0,0.0,-15.7,1.17,0.0
20180206:0311,0.0,0.0,-15.03,1.17,0.0
20180206:0411,0.0,0.0,-14.66,1.17,0.0
20180206:0511,0.0,0.0,-14.58,1.1,0.0
20180206:0611,0.0,0.0,-14.87,1.24,0.0
20180206:0711,0.0,0.0,-15.68,1.38,0.0
20180206:0811,3.48,3.04,-17.09,1.45,0.0
20180206:0911,53.89,8.33,-17.26,1.38,0.0
20180206:1011,37.37,12.18,-17.1,1.31,0.0
20180206:1111,86.04,14.29,-16.47,1.24,0.0
20180206:1211,18.25,14.48,-15.51,1.17,0.0
20180206:1311,15.64,12.73,-15.4,1.17,0.0
20180206:1411,39.11,9.19,-15.79,1.17,0.0
20180206:1511,5.21,4.15,-16.43,1.24,0.0
20180206:1611,0.0,0.0,-18.11,1.31,0.0
20180206:1711,0.0,0.0,-18.57,1.31,0.0
20180206:1811,0.0,0.0,-18.2,1.17,0.0
20180206:1911,0.0,0.0,-14.46,0.83,0.0
20180206:2011,0.0,0.0,-13.82,0.62,0.0
20180206:2111,0.0,0.0,-13.13,0.41,0.0
20180206:2211,0.0,0.0,-12.41,0.28,0.0
20180206:2311,0.0,0.0,-11.57,0.21,0.0
20180207:0011,0.0,0.0,-10.74,0.21,0.0
20180207:0111,0.0,0.0,-10.21,0.28,0.0
20180207:0211,0.0,0.0,-9.91,0.34,0.0
20180207:0311,0.0,0.0,-9.53,0.41,0.0
20180207:0411,0.0,0.0,-9.19,0.41,0.0
20180207:0511,0.0,0.0,-8.85,0.41,0.0
20180207:0611,0.0,0.0,-8.7,0.41,0.0
20180207:0711,0.0,0.0,-9.61,0.28,0.0
20180207:0811,14.77,3.32,-9.43,0.21,0.0
20180207:0911,30.42,8.62,-9.21,0.14,0.0
20180207:1011,39.98,12.48,-8.88,0.14,0.0
20180207:1111,43.46,14.6,-8.52,0.28,0.0
20180207:1211,65.18,14.79,-8.16,0.62,0.0
20180207:1311,91.26,13.04,-7.95,0.9,0.0
20180207:1411,10.43,9.49,-7.59,1.03,0.0
20180207:1511,3.48,4.44,-7.43,1.1,0.0
20180207:1611,0.0,0.0,-7.58,1.1,0.0
20180207:1711,0.0,0.0,-7.68,0.9,0.0
20180207:1811,0.0,0.0,-7.79,0.83,0.0
20180207:1911,0.0,0.0,-8.2,0.76,0.0
20180207:2011,0.0,0.0,-7.91,0.9,0.0
20180207:2111,0.0,0.0,-7.68,1.1,0.0
20180207:2211,0.0,0.0,-7.57,1.1,0.0
20180207:2311,0.0,0.0,-7.61,1.17,0.0
20180208:0011,0.0,0.0,-7.59,1.24,0.0
20180208:0111,0.0,0.0,-7.76,1.24,0.0
20180208:0211,0.0,0.0,-7.78,1.24,0.0
20180208:0311,0.0,0.0,-7.5,1.38,0.0
20180208:0411,0.0,0.0,-7.92,1.59,0.0
20180208:0511,0.0,0.0,-8.06,1.72,0.0
20180208:0611,0.0,0.0,-8.12,1.93,0.0
20180208:0711,0.0,0.0,-8.03,1.86,0.0
20180208:0811,13.04,3.6,-7.81,2.0,0.0
20180208:0911,31.29,8.91,-7.43,2.0,0.0
20180208:1011,88.65,12.78,-6.91,1.79,0.0
20180208:1111,90.39,14.91,-6.68,1.86,0.0
20180208:1211,19.12,15.11,-6.27,1.86,0.0
20180208:1311,80.83,13.35,-6.02,1.86,0.0
20180208:1411,33.9,9.8,-5.82,1.86,0.0
20180208:1511,17.38,4.74,-5.61,1.79,0.0
20180208:1611,0.0,0.0,-5.46,1.79,0.0
20180208:1711,0.0,0.0,-5.27,1.72,0.0
20180208:1811,0.0,0.0,-5.17,1.72,0.0
20180208:1911,0.0,0.0,-5.52,1.72,0.0
20180208:2011,0.0,0.0,-5.47,1.79,0.0
20180208:2111,0.0,0.0,-5.49,1.79,0.0
20180208:2211,0.0,0.0,-5.3,1.79,0.0
20180208:2311,0.0,0.0,-5.24,1.86,0.0
20180209:0011,0.0,0.0,-5.13,1.86,0.0
20180209:0111,0.0,0.0,-5.12,1.93,0.0
20180209:0211,0.0,0.0,-5.08,1.93,0.0
20180209:0311,0.0,0.0,-5.01,2.07,0.0
20180209:0411,0.0,0.0,-4.94,2.14,0.0
20180209:0511,0.0,0.0,-4.96,2.34,0.0
20180209:0611,0.0,0.0,-4.83,2.55,0.0
20180209:0711,0.0,0.0,-4.94,2.83,0.0
20180209:0811,7.82,3.89,-4.81,2.83,0.0
20180209:0911,38.24,9.21,-4.69,2.62,0.0
20180209:1011,76.48,13.09,-4.51,2.34,0.0
20180209:1111,45.19,15.23,-4.35,2.07,0.0
20180209:1211,99.95,15.42,-4.36,2.0,0.0
20180209:1311,82.57,13.66,-4.29,1.86,0.0
20180209:1411,63.45,10.11,-4.34,1.79,0.0
20180209:1511,15.64,5.04,-4.43,1.72,0.0
20180209:1611,0.0,0.0,-4.57,1.66,0.0
20180209:1711,0.0,0.0,-4.71,1.66,0.0
20180209:1811,0.0,0.0,-4.69,1.59,0.0
20180209:1911,0.0,0.0,-5.24,1.52,0.0
20180209:2011,0.0,0.0,-5.13,1.45,0.0
20180209:2111,0.0,0.0,-5.18,1.45,0.0
20180209:2211,0.0,0.0,-5.22,1.45,0.0
20180209:2311,0.0,0.0,-5.38,1.52,0.0
20180210:0011,0.0,0.0,-5.31,1.45,0.0
20180210:0111,0.0,0.0,-5.49,1.59,0.0
20180210:0211,0.0,0.0,-5.63,1.66,0.0
20180210:0311,0.0,0.0,-5.64,1.52,0.0
20180210:0411,0.0,0.0,-5.87,1.66,0.0
20180210:0511,0.0,0.0,-6.05,1.72,0.0
20180210:0611,0.0,0.0,-6.24,1.79,0.0
20180210:0711,0.0,0.0,-6.29,1.79,0.0
20180210:0811,6.95,4.18,-6.38,1.93,0.0
20180210:0911,59.1,9.51,-6.45,2.0,0.0
20180210:1011,26.07,13.41,-6.29,2.21,0.0
20180210:1111,45.19,15.55,-5.88,2.34,0.0
20180210:1211,19.99,15.75,-5.81,2.34,0.0
20180210:1311,54.75,13.98,-5.94,2.48,0.0
20180210:1411,46.93,10.42,-6.05,2.41,0.0
20180210:1511,5.21,5.34,-6.35,2.21,0.0
20180210:1611,0.0,0.0,-6.7,2.0,0.0
20180210:1711,0.0,0.0,-6.74,2.0,0.0
20180210:1811,0.0,0.0,-6.75,2.07,0.0
20180210:1911,0.0,0.0,-6.57,2.62,0.0
20180210:2011,0.0,0.0,-6.39,2.76,0.0
20180210:2111,0.0,0.0,-6.04,2.76,0.0
20180210:2211,0.0,0.0,-5.88,2.48,0.0
20180210:2311,0.0,0.0,-5.77,2.41,0.0
20180211:0011,0.0,0.0,-5.46,2.62,0.0
20180211:0111,0.0,0.0,-4.97,2.97,0.0
20180211:0211,0.0,0.0,-4.75,3.24,0.0
20180211:0311,0.0,0.0,-4.79,3.45,0.0
20180211:0411,0.0,0.0,-4.87,3.79,0.0
20180211:0511,0.0,0.0,-4.89,4.0,0.0
20180211:0611,0.0,0.0,-4.95,4.34,0.0
20180211:0711,0.0,0.0,-5.09,3.72,0.0
20180211:0811,4.35,4.47,-5.07,4.14,0.0
20180211:0911,15.64,9.82,-4.91,4.69,0.0
20180211:1011,58.23,13.73,-5.0,4.76,0.0
20180211:1111,93.0,15.87,-5.23,4.9,0.0
20180211:1211,74.74,16.08,-5.68,5.1,0.0
20180211:1311,98.21,14.31,-6.16,5.03,0.0
20180211:1411,71.27,10.73,-6.65,4.9,0.0
20180211:1511,24.34,5.65,-7.03,4.76,0.0
20180211:1611,0.0,0.0,-7.43,4.62,0.0
20180211:1711,0.0,0.0,-7.87,4.21,0.0
20180211:1811,0.0,0.0,-8.04,3.93,0.0
20180211:1911,0.0,0.0,-8.43,3.79,0.0
20180211:2011,0.0,0.0,-8.29,3.59,0.0
20180211:2111,0.0,0.0,-8.17,3.31,0.0
20180211:2211,0.0,0.0,-8.08,3.79,0.0
20180211:2311,0.0,0.0,-7.78,3.59,0.0
20180212:0011,0.0,0.0,-7.88,3.38,0.0
20180212:0111,0.0,0.0,-7.95,3.1,0.0
20180212:0211,0.0,0.0,-8.0,2.97,0.0
20180212:0311,0.0,0.0,-7.9,2.69,0.0
20180212:0411,0.0,0.0,-7.78,2.48,0.0
20180212:0511,0.0,0.0,-7.98,2.21,0.0
20180212:0611,0.0,0.0,-7.91,1.86,0.0
20180212:0711,0.0,0.0,-8.05,1.38,0.0
20180212:0811,4.35,4.77,-7.62,1.1,0.0
20180212:0911,33.03,10.13,-7.15,0.97,0.0
20180212:1011,41.72,14.05,-7.56,1.1,0.0
20180212:1111,104.29,16.2,-7.64,1.45,0.0
20180212:1211,45.19,16.41,-7.55,1.59,0.0
20180212:1311,101.69,14.63,-7.36,1.93,0.0
20180212:1411,57.36,11.05,-7.88,1.86,0.0
20180212:1511,27.81,5.95,-8.08,1.66,0.0
20180212:1611,0.0,0.0,-8.19,1.72,0.0
20180212:1711,0.0,0.0,-8.26,1.86,0.0
20180212:1811,0.0,0.0,-8.32,1.86,0.0
20180212:1911,0.0,0.0,-8.54,1.79,0.0
20180212:2011,0.0,0.0,-8.24,1.66,0.0
20180212:2111,0.0,0.0,-7.64,1.38,0.0
20180212:2211,0.0,0.0,-7.2,1.24,0.0
20180212:2311,0.0,0.0,-7.0,1.1,0.0
20180213:0011,0.0,0.0,-7.15,1.03,0.0
20180213:0111,0.0,0.0,-7.21,0.83,0.0
20180213:0211,0.0,0.0,-7.21,0.62,0.0
20180213:0311,0.0,0.0,-7.3,0.62,0.0
20180213:0411,0.0,0.0,-7.55,0.62,0.0
20180213:0511,0.0,0.0,-7.79,0.76,0.0
20180213:0611,0.0,0.0,-8.12,1.03,0.0
20180213:0711,0.0,0.0,-7.69,1.17,0.0
20180213:0811,6.08,5.07,-8.18,1.38,0.0
20180213:0911,68.66,10.45,-8.57,1.52,0.0
20180213:1011,75.61,14.37,-8.64,1.59,0.0
20180213:1111,58.23,16.54,-8.26,1.52,0.0
20180213:1211,21.73,16.74,-7.99,1.45,0.0
20180213:1311,19.12,14.96,-7.45,1.52,0.0
20180213:1411,16.51,11.37,-7.19,1.52,0.0
20180213:1511,36.5,6.26,-7.19,1.59,0.0
20180213:1611,0.0,0.0,-7.21,1.66,0.0
20180213:1711,0.0,0.0,-7.11,1.66,0.0
20180213:1811,0.0,0.0,-6.86,1.59,0.0
20180213:1911,0.0,0.0,-7.02,1.79,0.0
20180213:2011,0.0,0.0,-7.07,1.93,0.0
20180213:2111,0.0,0.0,-6.84,1.86,0.0
20180213:2211,0.0,0.0,-6.76,2.07,0.0
20180213:2311,0.0,0.0,-6.56,2.48,0.0
20180214:0011,0.0,0.0,-6.02,2.69,0.0
20180214:0111,0.0,0.0,-5.74,3.03,0.0
20180214:0211,0.0,0.0,-5.44,3.24,0.0
20180214:0311,0.0,0.0,-4.97,3.38,0.0
20180214:0411,0.0,0.0,-4.61,3.38,0.0
20180214:0511,0.0,0.0,-4.43,3.52,0.0
20180214:0611,0.0,0.0,-4.13,3.66,0.0
20180214:0711,0.0,0.0,-4.62,3.45,0.0
20180214:0811,30.42,5.38,-5.09,3.24,0.0
20180214:0911,48.67,10.77,-5.38,3.24,0.0
20180214:1011,18.25,14.71,-5.64,3.1,0.0
20180214:1111,121.68,16.88,-5.9,2.97,0.0
20180214:1211,107.77,17.08,-5.82,3.24,0.0
20180214:1311,43.46,15.3,-6.08,3.38,0.0
20180214:1411,15.64,11.69,-6.0,3.79,0.0
20180214:1511,13.04,6.57,-6.29,3.59,0.0
20180214:1611,0.0,0.0,-6.67,3.79,0.0
20180214:1711,0.0,0.0,-6.65,3.93,0.0
20180214:1811,0.0,0.0,-6.6,4.07,0.0
20180214:1911,0.0,0.0,-6.19,4.69,0.0
20180214:2011,0.0,0.0,-5.89,4.9,0.0
20180214:2111,0.0,0.0,-5.7,5.1,0.0
20180214:2211,0.0,0.0,-5.66,5.03,0.0
20180214:2311,0.0,0.0,-5.82,5.03,0.0
20180215:0011,0.0,0.0,-5.88,5.24,0.0
20180215:0111,0.0,0.0,-6.15,5.17,0.0
20180215:0211,0.0,0.0,-6.18,5.24,0.0
20180215:0311,0.0,0.0,-6.21,5.31,0.0
20180215:0411,0.0,0.0,-6.23,5.38,0.0
20180215:0511,0.0,0.0,-6.28,5.31,0.0
20180215:0611,0.0,0.0,-6.31,5.38,0.0
20180215:0711,0.0,0.0,-6.2,5.52,0.0
20180215:0811,5.21,5.7,-6.01,5.38,0.0
20180215:0911,13.04,11.09,-6.08,3.79,0.0
20180215:1011,19.12,15.04,-5.92,4.76,0.0
20180215:1111,22.6,17.22,-5.74,4.76,0.0
20180215:1211,22.6,17.42,-5.6,4.76,0.0
20180215:1311,19.99,15.63,-5.48,4.28,0.0
20180215:1411,59.1,12.02,-5.59,3.59,0.0
20180215:1511,8.69,6.89,-5.71,3.03,0.0
20180215:1611,0.0,0.0,-5.69,3.86,0.0
20180215:1711,0.0,0.0,-5.79,3.24,0.0
20180215:1811,0.0,0.0,-5.91,2.83,0.0
20180215:1911,0.0,0.0,-6.13,2.76,0.0
20180215:2011,0.0,0.0,-6.28,2.07,0.0
20180215:2111,0.0,0.0,-6.47,2.07,0.0
20180215:2211,0.0,0.0,-6.54,1.72,0.0
20180215:2311,0.0,0.0,-6.72,1.66,0.0
20180216:0011,0.0,0.0,-6.81,1.52,0.0
20180216:0111,0.0,0.0,-6.82,1.52,0.0
20180216:0211,0.0,0.0,-7.1,1.66,0.0
20180216:0311,0.0,0.0,-7.16,1.66,0.0
20180216:0411,0.0,0.0,-7.03,1.59,0.0
20180216:0511,0.0,0.0,-7.02,1.72,0.0
20180216:0611,0.0,0.0,-6.95,1.66,0.0
20180216:0711,0.0,0.0,-7.03,1.59,0.0
20180216:0811,9.56,6.02,-6.92,1.38,0.0
20180216:0911,13.91,11.42,-6.73,1.38,0.0
20180216:1011,109.51,15.38,-6.46,1.1,0.0
20180216:1111,126.89,17.56,-6.05,0.83,0.0
20180216:1211,42.59,17.77,-5.47,0.62,0.0
20180216:1311,67.79,15.97,-5.22,0.76,0.0
20180216:1411,15.7,12.35,-5.19,0.97,0.0
20180216:1511,16.51,7.2,-4.79,0.83,0.0
20180216:1611,0.0,0.0,-4.84,0.76,0.0
20180216:1711,0.0,0.0,-4.71,0.69,0.0
20180216:1811,0.0,0.0,-4.48,0.83,0.0
20180216:1911,0.0,0.0,-4.35,1.03,0.0
20180216:2011,0.0,0.0,-4.04,1.03,0.0
20180216:2111,0.0,0.0,-3.94,1.1,0.0
20180216:2211,0.0,0.0,-3.84,1.1,0.0
20180216:2311,0.0,0.0,-3.71,0.9,0.0
20180217:0011,0.0,0.0,-3.89,0.69,0.0
20180217:0111,0.0,0.0,-4.13,0.62,0.0
20180217:0211,0.0,0.0,-4.65,0.55,0.0
20180217:0311,0.0,0.0,-5.19,0.41,0.0
20180217:0411,0.0,0.0,-5.68,0.21,0.0
20180217:0511,0.0,0.0,-6.29,0.41,0.0
20180217:0611,0.0,0.0,-6.8,0.69,0.0
20180217:0711,0.0,0.0,-5.73,0.97,0.0
20180217:0811,8.69,6.34,-5.89,0.97,0.0
20180217:0911,77.35,11.76,-5.82,0.97,0.0
20180217:1011,70.4,15.72,-5.68,1.03,0.0
20180217:1111,74.74,17.91,-5.27,1.03,0.0
20180217:1211,35.63,18.11,-4.77,0.97,0.0
20180217:1311,23.47,16.31,-4.25,0.9,0.0
20180217:1411,20.32,12.68,-4.0,0.97,0.0
20180217:1511,46.06,7.52,-3.97,1.03,0.0
20180217:1611,0.0,0.0,-3.94,1.1,0.0
20180217:1711,0.0,0.0,-3.98,1.17,0.0
20180217:1811,0.0,0.0,-4.05,1.17,0.0
20180217:1911,0.0,0.0,-5.23,1.38,0.0
20180217:2011,0.0,0.0,-5.18,1.38,0.0
20180217:2111,0.0,0.0,-4.94,1.38,0.0
20180217:2211,0.0,0.0,-5.09,1.52,0.0
20180217:2311,0.0,0.0,-5.11,1.66,0.0
20180218:0011,0.0,0.0,-5.0,1.59,0.0
20180218:0111,0.0,0.0,-4.73,1.38,0.0
20180218:0211,0.0,0.0,-4.64,1.1,0.0
20180218:0311,0.0,0.0,-4.8,1.1,0.0
20180218:0411,0.0,0.0,-4.86,1.03,0.0
20180218:0511,0.0,0.0,-4.82,1.03,0.0
20180218:0611,0.0,0.0,-4.65,0.97,0.0
20180218:0711,0.0,0.0,-4.47,1.03,0.0
20180218:0811,23.47,6.66,-4.59,1.1,0.0
20180218:0911,19.12,12.09,-4.46,1.1,0.0
20180218:1011,80.83,16.07,-4.17,1.03,0.0
20180218:1111,59.1,18.26,-4.39,1.52,0.0
20180218:1211,34.76,18.46,-4.28,1.72,0.0
20180218:1311,21.73,16.65,-4.03,1.31,0.0
20180218:1411,577.83,13.01,-3.86,1.17,0.0
20180218:1511,8.69,7.84,-3.4,1.03,0.0
20180218:1611,0.0,0.0,-3.36,0.97,0.0
20180218:1711,0.0,0.0,-3.34,0.83,0.0
20180218:1811,0.0,0.0,-3.47,0.48,0.0
20180218:1911,0.0,0.0,-3.52,0.55,0.0
20180218:2011,0.0,0.0,-3.53,0.41,0.0
20180218:2111,0.0,0.0,-3.71,0.34,0.0
20180218:2211,0.0,0.0,-4.03,0.62,0.0
20180218:2311,0.0,0.0,-4.31,0.76,0.0
20180219:0011,0.0,0.0,-4.58,0.83,0.0
20180219:0111,0.0,0.0,-5.48,0.97,0.0
20180219:0211,0.0,0.0,-6.88,1.31,0.0
20180219:0311,0.0,0.0,-8.42,1.59,0.0
20180219:0411,0.0,0.0,-9.18,1.72,0.0
20180219:0511,0.0,0.0,-9.99,1.86,0.0
20180219:0611,0.0,0.0,-10.6,2.0,0.0
20180219:0711,0.0,0.0,-11.52,2.34,0.0
20180219:0811,6.95,6.99,-11.5,2.34,0.0
20180219:0911,16.51,12.43,-10.76,2.34,0.0
20180219:1011,45.19,16.42,-10.07,2.28,0.0
20180219:1111,47.8,18.62,-9.13,2.14,0.0
20180219:1211,48.67,18.82,-8.34,2.07,0.0
20180219:1311,121.68,17.0,-7.65,2.07,0.0
20180219:1411,17.55,13.34,-7.41,2.14,0.0
20180219:1511,8.69,8.16,-7.33,2.28,0.0
20180219:1611,4.35,1.82,-7.5,2.28,0.0
20180219:1711,0.0,0.0,-7.88,2.41,0.0
20180219:1811,0.0,0.0,-8.11,2.48,0.0
20180219:1911,0.0,0.0,-8.23,2.62,0.0
20180219:2011,0.0,0.0,-8.35,2.55,0.0
20180219:2111,0.0,0.0,-8.53,2.55,0.0
20180219:2211,0.0,0.0,-8.7,2.55,0.0
20180219:2311,0.0,0.0,-8.83,2.55,0.0
20180220:0011,0.0,0.0,-8.89,2.41,0.0
20180220:0111,0.0,0.0,-9.26,2.34,0.0
20180220:0211,0.0,0.0,-9.4,2.21,0.0
20180220:0311,0.0,0.0,-9.57,2.14,0.0
20180220:0411,0.0,0.0,-9.59,2.07,0.0
20180220:0511,0.0,0.0,-9.6,2.0,0.0
20180220:0611,0.0,0.0,-9.59,1.93,0.0
20180220:0711,0.0,0.0,-9.85,1.93,0.0
20180220:0811,7.82,7.33,-9.37,1.72,0.0
20180220:0911,15.64,12.78,-8.63,1.59,0.0
20180220:1011,46.06,16.77,-7.88,1.31,0.0
20180220:1111,48.67,18.98,-7.32,1.17,0.0
20180220:1211,48.67,19.17,-6.92,1.03,0.0
20180220:1311,46.06,17.35,-6.68,0.9,0.0
20180220:1411,606.88,13.68,-6.61,0.76,0.0
20180220:1511,9.56,8.48,-6.68,0.55,0.0
20180220:1611,5.21,2.13,-6.8,0.34,0.0
20180220:1711,0.0,0.0,-7.21,0.28,0.0
20180220:1811,0.0,0.0,-7.49,0.28,0.0
20180220:1911,0.0,0.0,-7.11,0.34,0.0
20180220:2011,0.0,0.0,-7.01,0.48,0.0
20180220:2111,0.0,0.0,-6.92,0.62,0.0
20180220:2211,0.0,0.0,-6.91,0.69,0.0
20180220:2311,0.0,0.0,-6.97,0.62,0.0
20180221:0011,0.0,0.0,-6.99,0.62,0.0
20180221:0111,0.0,0.0,-6.8,0.62,0.0
20180221:0211,0.0,0.0,-6.65,0.69,0.0
20180221:0311,0.0,0.0,-6.52,0.76,0.0
20180221:0411,0.0,0.0,-6.47,0.83,0.0
20180221:0511,0.0,0.0,-6.37,0.69,0.0
20180221:0611,0.0,0.0,-6.26,0.62,0.0
20180221:0711,0.0,0.0,-5.83,0.83,0.0
20180221:0811,7.82,7.67,-5.78,0.69,0.0
20180221:0911,16.51,13.13,-5.69,0.69,0.0
20180221:1011,46.06,17.13,-5.45,0.76,0.0
20180221:1111,49.54,19.34,-5.13,0.9,0.0
20180221:1211,50.41,19.53,-4.93,0.97,0.0
20180221:1311,46.93,17.7,-4.74,0.97,0.0
20180221:1411,608.67,14.01,-4.72,0.97,0.0
20180221:1511,32.16,8.8,-4.83,0.9,0.0
20180221:1611,6.95,2.44,-5.21,0.97,0.0
20180221:1711,0.0,0.0,-6.1,1.03,0.0
20180221:1811,0.0,0.0,-6.87,1.03,0.0
20180221:1911,0.0,0.0,-10.33,1.52,0.0
20180221:2011,0.0,0.0,-11.89,1.72,0.0
20180221:2111,0.0,0.0,-12.86,1.86,0.0
20180221:2211,0.0,0.0,-13.26,1.93,0.0
20180221:2311,0.0,0.0,-13.41,2.0,0.0
20180222:0011,0.0,0.0,-13.99,2.0,0.0
20180222:0111,0.0,0.0,-14.61,1.93,0.0
20180222:0211,0.0,0.0,-14.75,1.86,0.0
20180222:0311,0.0,0.0,-15.35,1.86,0.0
20180222:0411,0.0,0.0,-15.57,1.66,0.0
20180222:0511,0.0,0.0,-16.32,1.59,0.0
20180222:0611,0.0,0.0,-16.66,1.52,0.0
20180222:0711,0.0,0.0,-16.49,1.59,0.0
20180222:0811,8.69,8.01,-16.04,1.52,0.0
20180222:0911,16.51,13.48,-14.81,1.31,0.0
20180222:1011,96.47,17.49,-13.6,1.17,0.0
20180222:1111,50.41,19.7,-12.46,1.1,0.0
20180222:1211,49.54,19.89,-11.28,0.9,0.0
20180222:1311,768.57,18.05,-9.76,0.76,0.0
20180222:1411,615.32,14.35,-8.98,0.62,0.0
20180222:1511,30.42,9.12,-8.91,0.62,0.0
20180222:1611,7.82,2.75,-9.24,0.76,0.0
20180222:1711,0.0,0.0,-9.77,0.9,0.0
20180222:1811,0.0,0.0,-10.24,0.97,0.0
20180222:1911,0.0,0.0,-13.09,1.1,0.0
20180222:2011,0.0,0.0,-12.98,1.1,0.0
20180222:2111,0.0,0.0,-12.4,1.03,0.0
20180222:2211,0.0,0.0,-11.88,0.97,0.0
20180222:2311,0.0,0.0,-11.46,0.9,0.0
20180223:0011,0.0,0.0,-10.93,0.62,0.0
20180223:0111,0.0,0.0,-10.62,0.48,0.0
20180223:0211,0.0,0.0,-10.28,0.41,0.0
20180223:0311,0.0,0.0,-10.15,0.41,0.0
20180223:0411,0.0,0.0,-10.06,0.41,0.0
20180223:0511,0.0,0.0,-10.07,0.48,0.0
20180223:0611,0.0,0.0,-10.21,0.55,0.0
20180223:0711,0.87,1.8,-10.26,0.83,0.0
20180223:0811,29.55,8.35,-10.33,0.97,0.0
20180223:0911,42.59,13.83,-10.38,0.97,0.0
20180223:1011,22.6,17.85,-10.29,0.97,0.0
20180223:1111,51.28,20.07,-9.79,0.97,0.0
20180223:1211,26.94,20.26,-9.14,0.97,0.0
20180223:1311,24.94,18.4,-8.66,0.9,0.0
20180223:1411,607.5,14.69,-8.43,0.83,0.0
20180223:1511,10.43,9.45,-8.59,0.97,0.0
20180223:1611,0.0,0.0,-9.04,1.1,0.0
20180223:1711,0.0,0.0,-9.69,1.31,0.0
20180223:1811,0.0,0.0,-10.51,1.45,0.0
20180223:1911,0.0,0.0,-10.23,1.45,0.0
20180223:2011,0.0,0.0,-10.47,1.52,0.0
20180223:2111,0.0,0.0,-10.43,1.59,0.0
20180223:2211,0.0,0.0,-10.41,1.66,0.0
20180223:2311,0.0,0.0,-10.54,1.66,0.0
20180224:0011,0.0,0.0,-10.74,1.72,0.0
20180224:0111,0.0,0.0,-10.94,1.79,0.0
20180224:0211,0.0,0.0,-11.18,1.86,0.0
20180224:0311,0.0,0.0,-11.53,1.86,0.0
20180224:0411,0.0,0.0,-11.5,1.79,0.0
20180224:0511,0.0,0.0,-11.42,1.72,0.0
20180224:0611,0.0,0.0,-11.41,1.72,0.0
20180224:0711,0.87,2.14,-11.79,1.66,0.0
20180224:0811,30.42,8.7,-12.19,1.72,0.0
20180224:0911,42.59,14.19,-11.64,1.59,0.0
20180224:1011,48.67,18.22,-10.9,1.38,0.0
20180224:1111,79.96,20.44,-10.4,1.24,0.0
20180224:1211,26.94,20.63,-9.6,1.1,0.0
20180224:1311,654.6,18.76,-9.12,0.83,0.0
20180224:1411,324.1,15.03,-8.73,0.69,0.0
20180224:1511,33.03,9.78,-8.77,0.55,0.0
20180224:1611,2.61,3.38,-9.06,0.62,0.0
20180224:1711,0.0,0.0,-10.48,0.76,0.0
20180224:1811,0.0,0.0,-10.7,0.76,0.0
20180224:1911,0.0,0.0,-10.38,0.83,0.0
20180224:2011,0.0,0.0,-10.49,0.83,0.0
20180224:2111,0.0,0.0,-10.39,0.9,0.0
20180224:2211,0.0,0.0,-10.32,0.9,0.0
20180224:2311,0.0,0.0,-10.22,0.83,0.0
20180225:0011,0.0,0.0,-10.22,0.9,0.0
20180225:0111,0.0,0.0,-9.78,0.9,0.0
20180225:0211,0.0,0.0,-9.52,0.97,0.0
20180225:0311,0.0,0.0,-9.39,1.03,0.0
20180225:0411,0.0,0.0,-9.51,1.24,0.0
20180225:0511,0.0,0.0,-9.43,1.31,0.0
20180225:0611,0.0,0.0,-9.49,1.38,0.0
20180225:0711,2.61,2.49,-10.8,1.59,0.0
20180225:0811,58.23,9.05,-10.79,1.59,0.0
20180225:0911,43.46,14.55,-10.64,1.52,0.0
20180225:1011,58.23,18.59,-10.34,1.45,0.0
20180225:1111,115.59,20.81,-9.62,1.31,0.0
20180225:1211,27.81,20.99,-8.95,1.1,0.0
20180225:1311,282.16,19.12,-8.46,0.97,0.0
20180225:1411,585.79,15.38,-8.13,0.9,0.0
20180225:1511,276.05,10.1,-8.03,0.76,0.0
20180225:1611,12.17,3.69,-8.18,0.69,0.0
20180225:1711,0.0,0.0,-8.43,0.76,0.0
20180225:1811,0.0,0.0,-8.68,0.76,0.0
20180225:1911,0.0,0.0,-9.08,0.76,0.0
20180225:2011,0.0,0.0,-9.25,0.76,0.0
20180225:2111,0.0,0.0,-9.47,0.76,0.0
20180225:2211,0.0,0.0,-9.66,0.83,0.0
20180225:2311,0.0,0.0,-9.86,0.9,0.0
20180226:0011,0.0,0.0,-9.86,0.83,0.0
20180226:0111,0.0,0.0,-9.74,0.62,0.0
20180226:0211,0.0,0.0,-9.74,0.55,0.0
20180226:0311,0.0,0.0,-9.73,0.55,0.0
20180226:0411,0.0,0.0,-9.57,0.69,0.0
20180226:0511,0.0,0.0,-9.5,0.83,0.0
20180226:0611,0.0,0.0,-9.71,1.1,0.0
20180226:0711,8.69,2.83,-9.96,1.1,0.0
20180226:0811,23.47,9.41,-9.68,1.1,0.0
20180226:0911,19.12,14.92,-9.58,1.24,0.0
20180226:1011,40.85,18.96,-8.97,0.83,0.0
20180226:1111,157.31,21.19,-8.37,0.55,0.0
20180226:1211,28.68,21.36,-7.97,0.41,0.0
20180226:1311,70.2,19.48,-8.23,1.1,0.0
20180226:1411,25.86,15.72,-8.15,1.38,0.0
20180226:1511,46.19,10.43,-8.5,1.59,0.0
20180226:1611,14.77,4.01,-9.31,1.72,0.0
20180226:1711,0.0,0.0,-10.73,2.07,0.0
20180226:1811,0.0,0.0,-12.24,2.41,0.0
20180226:1911,0.0,0.0,-13.31,2.34,0.0
20180226:2011,0.0,0.0,-13.94,2.41,0.0
20180226:2111,0.0,0.0,-14.55,2.48,0.0
20180226:2211,0.0,0.0,-15.1,2.69,0.0
20180226:2311,0.0,0.0,-15.49,2.9,0.0
20180227:0011,0.0,0.0,-15.81,2.9,0.0
20180227:0111,0.0,0.0,-16.2,3.03,0.0
20180227:0211,0.0,0.0,-16.58,3.24,0.0
20180227:0311,0.0,0.0,-16.75,3.38,0.0
20180227:0411,0.0,0.0,-16.72,3.52,0.0
20180227:0511,0.0,0.0,-16.88,3.59,0.0
20180227:0611,0.0,0.0,-17.14,3.66,0.0
20180227:0711,8.69,3.18,-17.35,3.72,0.0
20180227:0811,29.55,9.77,-16.93,3.93,0.0
20180227:0911,40.85,15.29,-16.08,4.14,0.0
20180227:1011,138.19,19.34,-15.62,3.59,0.0
20180227:1111,57.36,21.56,-15.48,3.52,0.0
20180227:1211,29.55,21.74,-15.37,3.93,0.0
20180227:1311,28.64,19.84,-15.44,3.59,0.0
20180227:1411,688.34,16.07,-15.58,4.28,0.0
20180227:1511,464.38,10.76,-15.95,4.34,0.0
20180227:1611,9.56,4.32,-16.35,4.69,0.0
20180227:1711,0.0,0.0,-17.0,4.83,0.0
20180227:1811,0.0,0.0,-17.63,4.9,0.0
20180227:1911,0.0,0.0,-18.18,4.97,0.0
20180227:2011,0.0,0.0,-18.52,5.03,0.0
20180227:2111,0.0,0.0,-18.79,5.03,0.0
20180227:2211,0.0,0.0,-19.11,4.97,0.0
20180227:2311,0.0,0.0,-19.37,4.97,0.0
20180228:0011,0.0,0.0,-19.7,4.9,0.0
20180228:0111,0.0,0.0,-20.16,4.83,0.0
20180228:0211,0.0,0.0,-20.38,4.69,0.0
20180228:0311,0.0,0.0,-20.76,4.55,0.0
20180228:0411,0.0,0.0,-21.05,4.55,0.0
20180228:0511,0.0,0.0,-21.28,4.55,0.0
20180228:0611,0.0,0.0,-21.39,4.55,0.0
20180228:0711,3.48,3.53,-21.12,4.55,0.0
20180228:0811,20.86,10.13,-20.77,4.76,0.0
20180228:0911,25.2,15.66,-20.27,3.86,0.0
20180228:1011,40.85,19.72,-19.67,4.48,0.0
20180228:1111,36.5,21.94,-19.15,4.34,0.0
20180228:1211,30.42,22.11,-18.78,4.21,0.0
20180228:1311,29.56,20.2,-18.48,4.07,0.0
20180228:1411,29.56,16.41,-18.42,4.21,0.0
20180228:1511,29.56,11.09,-18.6,3.72,0.0
20180228:1611,26.07,4.64,-19.06,3.79,0.0
20180228:1711,0.0,0.0,-19.88,3.79,0.0
20180228:1811,0.0,0.0,-20.57,3.72,0.0
20180228:1911,0.0,0.0,-21.06,3.66,0.0
20180228:2011,0.0,0.0,-21.24,3.59,0.0
20180228:2111,0.0,0.0,-21.5,3.52,0.0
20180228:2211,0.0,0.0,-21.68,3.45,0.0
20180228:2311,0.0,0.0,-21.82,3.31,0.0
20180301:0011,0.0,0.0,-21.98,3.24,0.0
20180301:0111,0.0,0.0,-22.13,3.1,0.0
20180301:0211,0.0,0.0,-22.36,3.03,0.0
20180301:0311,0.0,0.0,-22.46,2.9,0.0
20180301:0411,0.0,0.0,-22.56,2.9,0.0
20180301:0511,0.0,0.0,-22.55,2.83,0.0
20180301:0611,0.0,0.0,-22.56,2.76,0.0
20180301:0711,14.77,3.89,-22.73,2.97,0.0
20180301:0811,37.37,10.49,-22.27,2.9,0.0
20180301:0911,50.41,16.03,-21.41,2.83,0.0
20180301:1011,57.36,20.1,-20.21,2.9,0.0
20180301:1111,30.42,22.33,-19.03,2.76,0.0
20180301:1211,30.42,22.49,-18.14,3.03,0.0
20180301:1311,29.56,20.57,-17.63,2.97,0.0
20180301:1411,691.74,16.76,-17.64,2.97,0.0
20180301:1511,466.85,11.42,-18.1,2.97,0.0
20180301:1611,19.12,4.96,-19.06,2.9,0.0
20180301:1711,0.0,0.0,-19.88,2.97,0.0
20180301:1811,0.0,0.0,-20.35,2.9,0.0
20180301:1911,0.0,0.0,-19.94,3.1,0.0
20180301:2011,0.0,0.0,-19.96,3.1,0.0
20180301:2111,0.0,0.0,-19.98,3.03,0.0
20180301:2211,0.0,0.0,-19.92,2.97,0.0
20180301:2311,0.0,0.0,-19.83,2.9,0.0
20180302:0011,0.0,0.0,-19.85,2.76,0.0
20180302:0111,0.0,0.0,-19.9,2.69,0.0
20180302:0211,0.0,0.0,-19.97,2.69,0.0
20180302:0311,0.0,0.0,-19.96,2.62,0.0
20180302:0411,0.0,0.0,-20.01,2.62,0.0
20180302:0511,0.0,0.0,-19.92,2.62,0.0
20180302:0611,0.0,0.0,-19.87,2.62,0.0
20180302:0711,3.48,4.25,-19.85,2.76,0.0
20180302:0811,13.04,10.86,-19.15,2.76,0.0
20180302:0911,116.46,16.4,-18.06,2.76,0.0
20180302:1011,94.73,20.48,-16.94,2.83,0.0
20180302:1111,63.45,22.71,-15.77,2.83,0.0
20180302:1211,38.24,22.87,-14.79,2.9,0.0
20180302:1311,104.38,20.93,-14.12,2.97,0.0
20180302:1411,197.99,17.11,-13.52,2.97,0.0
20180302:1511,431.23,11.75,-13.37,3.03,0.0
20180302:1611,8.69,5.27,-13.56,3.03,0.0
20180302:1711,0.0,0.0,-13.81,2.97,0.0
20180302:1811,0.0,0.0,-13.8,2.97,0.0
20180302:1911,0.0,0.0,-13.48,3.1,0.0
20180302:2011,0.0,0.0,-13.27,3.03,0.0
20180302:2111,0.0,0.0,-13.09,3.1,0.0
20180302:2211,0.0,0.0,-13.03,3.1,0.0
20180302:2311,0.0,0.0,-12.98,3.1,0.0
20180303:0011,0.0,0.0,-12.99,2.97,0.0
20180303:0111,0.0,0.0,-13.01,2.69,0.0
20180303:0211,0.0,0.0,-13.11,2.55,0.0
20180303:0311,0.0,0.0,-13.0,2.41,0.0
20180303:0411,0.0,0.0,-12.99,2.34,0.0
20180303:0511,0.0,0.0,-12.99,2.21,0.0
20180303:0611,0.0,0.0,-12.92,2.07,0.0
20180303:0711,19.99,4.61,-12.79,2.0,0.0
20180303:0811,55.62,11.23,-12.6,2.0,0.0
20180303:0911,100.82,16.78,-12.22,2.07,0.0
20180303:1011,149.49,20.86,-11.86,2.0,0.0
20180303:1111,64.31,23.1,-11.16,2.0,0.0
20180303:1211,105.16,23.25,-10.56,1.93,0.0
20180303:1311,679.11,21.3,-10.47,1.86,0.0
20180303:1411,661.05,17.46,-10.49,1.79,0.0
20180303:1511,445.66,12.08,-10.55,1.52,0.0
20180303:1611,31.29,5.59,-10.66,1.45,0.0
20180303:1711,0.0,0.0,-10.38,1.38,0.0
20180303:1811,0.0,0.0,-10.28,1.24,0.0
20180303:1911,0.0,0.0,-10.64,1.38,0.0
20180303:2011,0.0,0.0,-10.83,1.38,0.0
20180303:2111,0.0,0.0,-10.85,1.38,0.0
20180303:2211,0.0,0.0,-11.3,1.45,0.0
20180303:2311,0.0,0.0,-11.52,1.45,0.0
20180304:0011,0.0,0.0,-11.72,1.45,0.0
20180304:0111,0.0,0.0,-11.63,1.45,0.0
20180304:0211,0.0,0.0,-11.56,1.38,0.0
20180304:0311,0.0,0.0,-11.78,1.31,0.0
20180304:0411,0.0,0.0,-12.06,1.38,0.0
20180304:0511,0.0,0.0,-12.5,1.45,0.0
20180304:0611,0.0,0.0,-12.91,1.45,0.0
20180304:0711,8.69,4.97,-12.78,1.59,0.0
20180304:0811,70.4,11.6,-12.77,1.66,0.0
20180304:0911,118.2,17.16,-12.34,1.72,0.0
20180304:1011,157.31,21.25,-11.93,1.86,0.0
20180304:1111,170.35,23.48,-11.11,2.07,0.0
20180304:1211,32.16,23.63,-10.32,2.14,0.0
20180304:1311,86.83,21.66,-10.42,1.79,0.0
20180304:1411,535.38,17.8,-10.32,1.79,0.0
20180304:1511,60.97,12.41,-10.39,1.72,0.0
20180304:1611,26.94,5.91,-10.82,1.86,0.0
20180304:1711,0.0,0.0,-11.34,2.0,0.0
20180304:1811,0.0,0.0,-11.75,2.07,0.0
20180304:1911,0.0,0.0,-12.24,2.14,0.0
20180304:2011,0.0,0.0,-12.78,2.21,0.0
20180304:2111,0.0,0.0,-13.39,2.48,0.0
20180304:2211,0.0,0.0,-13.51,2.55,0.0
20180304:2311,0.0,0.0,-13.51,2.55,0.0
20180305:0011,0.0,0.0,-13.28,2.55,0.0
20180305:0111,0.0,0.0,-13.22,2.62,0.0
20180305:0211,0.0,0.0,-13.5,2.69,0.0
20180305:0311,0.0,0.0,-13.97,2.69,0.0
20180305:0411,0.0,0.0,-14.33,2.76,0.0
20180305:0511,0.0,0.0,-14.51,2.83,0.0
20180305:0611,0.0,0.0,-14.34,2.97,0.0
20180305:0711,7.82,5.34,-14.06,2.9,0.0
20180305:0811,44.32,11.97,-13.6,2.83,0.0
20180305:0911,123.41,17.54,-12.57,3.1,0.0
20180305:1011,98.21,21.64,-11.66,3.38,0.0
20180305:1111,158.18,23.87,-10.76,3.38,0.0
20180305:1211,178.17,24.01,-10.3,3.45,0.0
20180305:1311,636.04,22.03,-9.88,3.45,0.0
20180305:1411,456.48,18.15,-9.69,3.38,0.0
20180305:1511,149.66,12.75,-9.67,3.38,0.0
20180305:1611,35.63,6.22,-10.06,2.76,0.0
20180305:1711,0.0,0.0,-10.59,2.97,0.0
20180305:1811,0.0,0.0,-10.76,3.03,0.0
20180305:1911,0.0,0.0,-10.88,2.69,0.0
20180305:2011,0.0,0.0,-11.09,2.41,0.0
20180305:2111,0.0,0.0,-11.35,2.41,0.0
20180305:2211,0.0,0.0,-11.33,2.62,0.0
20180305:2311,0.0,0.0,-11.71,2.55,0.0
20180306:0011,0.0,0.0,-12.26,2.48,0.0
20180306:0111,0.0,0.0,-12.4,2.28,0.0
20180306:0211,0.0,0.0,-12.51,2.28,0.0
20180306:0311,0.0,0.0,-12.64,2.28,0.0
20180306:0411,0.0,0.0,-12.78,2.28,0.0
20180306:0511,0.0,0.0,-12.86,2.28,0.0
20180306:0611,0.0,0.0,-12.76,2.21,0.0
20180306:0711,0.0,0.0,-12.97,2.14,0.0
20180306:0811,79.09,12.35,-12.64,2.07,0.0
20180306:0911,130.37,17.93,-12.01,2.21,0.0
20180306:1011,159.92,22.03,-11.05,2.21,0.0
20180306:1111,93.0,24.26,-9.96,2.14,0.0
20180306:1211,33.03,24.39,-9.32,2.21,0.0
20180306:1311,171.0,22.4,-8.85,2.28,0.0
20180306:1411,477.61,18.51,-8.59,2.34,0.0
20180306:1511,155.08,13.08,-8.95,2.14,0.0
20180306:1611,37.37,6.54,-9.47,2.07,0.0
20180306:1711,0.0,0.0,-9.98,2.14,0.0
20180306:1811,0.0,0.0,-10.28,2.21,0.0
20180306:1911,0.0,0.0,-10.11,2.21,0.0
20180306:2011,0.0,0.0,-10.29,2.28,0.0
20180306:2111,0.0,0.0,-10.15,2.28,0.0
20180306:2211,0.0,0.0,-10.11,2.28,0.0
20180306:2311,0.0,0.0,-10.18,2.28,0.0
20180307:0011,0.0,0.0,-10.48,2.28,0.0
20180307:0111,0.0,0.0,-10.36,2.28,0.0
20180307:0211,0.0,0.0,-10.49,2.28,0.0
20180307:0311,0.0,0.0,-10.21,2.28,0.0
20180307:0411,0.0,0.0,-10.01,2.34,0.0
20180307:0511,0.0,0.0,-9.69,2.41,0.0
20180307:0611,0.0,0.0,-9.83,2.41,0.0
20180307:0711,0.0,0.0,-9.04,2.41,0.0
20180307:0811,59.1,12.72,-8.61,2.28,0.0
20180307:0911,65.18,18.31,-7.82,2.28,0.0
20180307:1011,39.98,22.42,-6.77,2.34,0.0
20180307:1111,33.03,24.65,-6.04,2.34,0.0
20180307:1211,33.03,24.78,-5.46,2.34,0.0
20180307:1311,32.33,22.77,-5.04,2.28,0.0
20180307:1411,25.86,18.86,-4.98,2.14,0.0
20180307:1511,21.25,13.41,-5.31,1.93,0.0
20180307:1611,16.51,6.86,-5.49,2.07,0.0
20180307:1711,0.0,0.0,-5.79,2.07,0.0
20180307:1811,0.0,0.0,-6.13,2.07,0.0
20180307:1911,0.0,0.0,-6.4,2.07,0.0
20180307:2011,0.0,0.0,-6.45,2.14,0.0
20180307:2111,0.0,0.0,-6.43,2.14,0.0
20180307:2211,0.0,0.0,-6.48,2.14,0.0
20180307:2311,0.0,0.0,-6.53,2.21,0.0
20180308:0011,0.0,0.0,-6.58,2.14,0.0
20180308:0111,0.0,0.0,-6.69,2.14,0.0
20180308:0211,0.0,0.0,-6.78,2.21,0.0
20180308:0311,0.0,0.0,-6.9,2.21,0.0
20180308:0411,0.0,0.0,-6.94,2.34,0.0
20180308:0511,0.0,0.0,-6.89,2.34,0.0
20180308:0611,0.0,0.0,-6.93,2.34,0.0
20180308:0711,8.69,6.45,-6.78,2.34,0.0
20180308:0811,29.55,13.1,-6.51,2.34,0.0
20180308:0911,131.24,18.7,-6.02,2.69,0.0
20180308:1011,112.12,22.81,-5.44,2.9,0.0
20180308:1111,172.95,25.05,-4.95,2.83,0.0
20180308:1211,187.73,25.16,-4.66,2.69,0.0
20180308:1311,481.85,23.14,-4.35,2.9,0.0
20180308:1411,683.95,19.21,-4.47,2.41,0.0
20180308:1511,55.42,13.74,-4.7,2.21,0.0
20180308:1611,43.46,7.18,-5.06,2.14,0.0
20180308:1711,0.0,0.0,-5.67,2.14,0.0
20180308:1811,0.0,0.0,-6.14,2.0,0.0
20180308:1911,0.0,0.0,-6.29,1.72,0.0
20180308:2011,0.0,0.0,-6.71,1.79,0.0
20180308:2111,0.0,0.0,-6.74,1.66,0.0
20180308:2211,0.0,0.0,-6.85,1.52,0.0
20180308:2311,0.0,0.0,-6.94,1.38,0.0
20180309:0011,0.0,0.0,-7.22,1.38,0.0
20180309:0111,0.0,0.0,-7.0,1.31,0.0
20180309:0211,0.0,0.0,-6.93,1.24,0.0
20180309:0311,0.0,0.0,-7.05,1.24,0.0
20180309:0411,0.0,0.0,-6.76,0.97,0.0
20180309:0511,0.0,0.0,-6.99,0.55,0.0
20180309:0611,0.0,0.0,-7.2,0.34,0.0
20180309:0711,39.98,6.82,-7.75,0.34,0.0
20180309:0811,86.91,13.48,-7.69,0.14,0.0
20180309:0911,139.93,19.09,-7.44,0.28,0.0
20180309:1011,172.08,23.21,-7.08,0.69,0.0
20180309:1111,190.34,25.44,-7.0,0.97,0.0
20180309:1211,36.95,25.55,-6.31,1.17,0.0
20180309:1311,146.73,23.51,-6.34,1.31,0.0
20180309:1411,501.77,19.56,-6.09,1.38,0.0
20180309:1511,171.6,14.07,-6.3,1.17,0.0
20180309:1611,31.29,7.49,-5.92,0.9,0.0
20180309:1711,0.0,0.0,-6.0,0.69,0.0
20180309:1811,0.0,0.0,-6.21,0.48,0.0
20180309:1911,0.0,0.0,-6.48,0.21,0.0
20180309:2011,0.0,0.0,-6.85,0.34,0.0
20180309:2111,0.0,0.0,-7.41,0.62,0.0
20180309:2211,0.0,0.0,-7.9,0.83,0.0
20180309:2311,0.0,0.0,-8.45,1.03,0.0
20180310:0011,0.0,0.0,-9.38,1.17,0.0
20180310:0111,0.0,0.0,-10.38,1.38,0.0
20180310:0211,0.0,0.0,-11.34,1.52,0.0
20180310:0311,0.0,0.0,-12.15,1.66,0.0
20180310:0411,0.0,0.0,-12.14,1.66,0.0
20180310:0511,0.0,0.0,-12.67,1.66,0.0
20180310:0611,0.0,0.0,-12.68,1.66,0.0
20180310:0711,42.59,7.2,-12.52,1.66,0.0
20180310:0811,47.8,13.87,-12.19,1.66,0.0
20180310:0911,59.1,19.48,-10.61,1.59,0.0
20180310:1011,146.88,23.6,-9.64,1.45,0.0
20180310:1111,66.05,25.84,-8.78,1.31,0.0
20180310:1211,37.87,25.93,-8.02,1.31,0.0
20180310:1311,601.0,23.88,-7.55,1.31,0.0
20180310:1411,97.92,19.91,-7.42,1.38,0.0
20180310:1511,482.32,14.41,-8.17,1.45,0.0
20180310:1611,48.67,7.81,-9.42,1.59,0.0
20180310:1711,0.0,0.0,-11.06,1.79,0.0
20180310:1811,0.0,0.0,-12.21,2.0,0.0
20180310:1911,0.0,0.0,-10.68,1.93,0.0
20180310:2011,0.0,0.0,-10.83,2.0,0.0
20180310:2111,0.0,0.0,-11.17,2.21,0.0
20180310:2211,0.0,0.0,-11.17,2.28,0.0
20180310:2311,0.0,0.0,-11.03,2.28,0.0
20180311:0011,0.0,0.0,-10.59,2.34,0.0
20180311:0111,0.0,0.0,-10.37,2.41,0.0
20180311:0211,0.0,0.0,-9.95,2.55,0.0
20180311:0311,0.0,0.0,-9.73,2.62,0.0
20180311:0411,0.0,0.0,-9.14,2.76,0.0
20180311:0511,0.0,0.0,-8.83,2.9,0.0
20180311:0611,0.0,0.0,-8.6,2.97,0.0
20180311:0711,40.85,7.57,-8.22,2.97,0.0
20180311:0811,46.93,14.25,-8.05,2.83,0.0
20180311:0911,124.28,19.87,-7.87,2.76,0.0
20180311:1011,57.36,24.0,-7.43,2.9,0.0
20180311:1111,191.2,26.24,-7.14,3.03,0.0
20180311:1211,115.47,26.32,-6.98,3.1,0.0
20180311:1311,318.56,24.25,-6.87,3.1,0.0
20180311:1411,75.75,20.26,-6.79,3.38,0.0
20180311:1511,36.95,14.74,-6.67,3.38,0.0
20180311:1611,19.99,8.13,-6.68,2.9,0.0
20180311:1711,0.0,0.0,-6.69,2.9,0.0
20180311:1811,0.0,0.0,-6.85,2.9,0.0
20180311:1911,0.0,0.0,-6.52,2.83,0.0
20180311:2011,0.0,0.0,-6.71,3.1,0.0
20180311:2111,0.0,0.0,-6.89,2.9,0.0
20180311:2211,0.0,0.0,-7.09,3.1,0.0
20180311:2311,0.0,0.0,-7.02,2.9,0.0
20180312:0011,0.0,0.0,-7.01,2.97,0.0
20180312:0111,0.0,0.0,-6.89,2.97,0.0
20180312:0211,0.0,0.0,-6.85,2.97,0.0
20180312:0311,0.0,0.0,-6.8,2.69,0.0
20180312:0411,0.0,0.0,-6.78,2.34,0.0
20180312:0511,0.0,0.0,-6.79,2.34,0.0
20180312:0611,0.0,0.0,-6.78,2.28,0.0
20180312:0711,33.03,7.95,-6.64,2.07,0.0
20180312:0811,98.21,14.64,-6.31,1.93,0.0
20180312:0911,70.4,20.27,-5.9,1.86,0.0
20180312:1011,127.76,24.4,-5.52,1.66,0.0
20180312:1111,72.14,26.63,-5.13,1.45,0.0
20180312:1211,37.87,26.71,-4.87,1.17,0.0
20180312:1311,56.35,24.62,-4.92,1.1,0.0
20180312:1411,88.68,20.61,-4.68,1.1,0.0
20180312:1511,19.4,15.07,-4.18,0.97,0.0
20180312:1611,12.17,8.44,-4.34,0.76,0.0
20180312:1711,0.0,0.0,-4.85,0.97,0.0
20180312:1811,0.0,0.0,-5.41,1.17,0.0
20180312:1911,0.0,0.0,-5.58,1.17,0.0
20180312:2011,0.0,0.0,-5.85,1.24,0.0
20180312:2111,0.0,0.0,-6.03,1.31,0.0
20180312:2211,0.0,0.0,-6.22,1.31,0.0
20180312:2311,0.0,0.0,-6.35,1.31,0.0
20180313:0011,0.0,0.0,-6.65,1.38,0.0
20180313:0111,0.0,0.0,-6.87,1.45,0.0
20180313:0211,0.0,0.0,-6.94,1.52,0.0
20180313:0311,0.0,0.0,-6.98,1.52,0.0
20180313:0411,0.0,0.0,-7.13,1.59,0.0
20180313:0511,0.0,0.0,-7.2,1.59,0.0
20180313:0611,0.0,0.0,-7.84,1.59,0.0
20180313:0711,53.02,8.33,-13.28,1.66,0.0
20180313:0811,50.41,15.02,-12.5,1.66,0.0
20180313:0911,60.84,20.66,-11.0,1.66,0.0
20180313:1011,66.05,24.8,-9.8,1.59,0.0
20180313:1111,961.34,27.03,-8.8,1.45,0.0
20180313:1211,39.72,27.1,-8.04,1.24,0.0
20180313:1311,36.03,24.99,-7.67,1.24,0.0
20180313:1411,728.87,20.96,-7.91,1.24,0.0
20180313:1511,512.17,15.4,-8.27,1.24,0.0
20180313:1611,33.9,8.76,-9.39,1.38,0.0
20180313:1711,0.0,0.0,-10.62,1.52,0.0
20180313:1811,0.0,0.0,-11.85,1.72,0.0
20180313:1911,0.0,0.0,-12.68,1.79,0.0
20180313:2011,0.0,0.0,-13.18,1.79,0.0
20180313:2111,0.0,0.0,-14.16,1.79,0.0
20180313:2211,0.0,0.0,-14.38,1.72,0.0
20180313:2311,0.0,0.0,-15.0,1.66,0.0
20180314:0011,0.0,0.0,-15.41,1.66,0.0
20180314:0111,0.0,0.0,-15.83,1.66,0.0
20180314:0211,0.0,0.0,-16.15,1.59,0.0
20180314:0311,0.0,0.0,-15.66,1.52,0.0
20180314:0411,0.0,0.0,-14.87,1.52,0.0
20180314:0511,0.0,0.0,-14.32,1.45,0.0
20180314:0611,0.0,0.0,-13.91,1.52,0.0
20180314:0711,29.55,8.71,-13.79,1.66,0.0
20180314:0811,51.28,15.41,-12.83,1.66,0.0
20180314:0911,60.84,21.06,-11.78,1.59,0.0
20180314:1011,65.18,25.2,-10.41,1.59,0.0
20180314:1111,968.1,27.43,-9.34,1.52,0.0
20180314:1211,610.7,27.49,-8.72,1.45,0.0
20180314:1311,889.48,25.37,-8.02,1.38,0.0
20180314:1411,407.9,21.31,-8.01,1.52,0.0
20180314:1511,273.75,15.73,-8.16,1.66,0.0
20180314:1611,34.76,9.08,-8.95,1.86,0.0
20180314:1711,0.87,1.78,-9.62,2.14,0.0
20180314:1811,0.0,0.0,-10.04,2.21,0.0
20180314:1911,0.0,0.0,-9.76,2.07,0.0
20180314:2011,0.0,0.0,-9.81,2.07,0.0
20180314:2111,0.0,0.0,-9.91,2.07,0.0
20180314:2211,0.0,0.0,-10.25,2.34,0.0
20180314:2311,0.0,0.0,-10.45,2.41,0.0
20180315:0011,0.0,0.0,-10.74,2.48,0.0
20180315:0111,0.0,0.0,-11.05,2.55,0.0
20180315:0211,0.0,0.0,-11.16,2.69,0.0
20180315:0311,0.0,0.0,-11.42,2.76,0.0
20180315:0411,0.0,0.0,-11.33,2.9,0.0
20180315:0511,0.0,0.0,-11.11,2.97,0.0
20180315:0611,0.87,1.77,-10.72,3.03,0.0
20180315:0711,34.76,9.09,-9.87,3.24,0.0
20180315:0811,112.12,15.8,-9.24,3.38,0.0
20180315:0911,79.09,21.45,-8.38,3.79,0.0
20180315:1011,102.56,25.6,-8.07,3.79,0.0
20180315:1111,444.09,27.83,-7.8,3.93,0.0
20180315:1211,967.35,27.88,-7.73,3.86,0.0
20180315:1311,891.93,25.74,-7.68,3.86,0.0
20180315:1411,470.26,21.66,-7.82,3.86,0.0
20180315:1511,521.93,16.06,-8.13,4.14,0.0
20180315:1611,36.5,9.39,-8.4,4.41,0.0
20180315:1711,6.95,2.09,-8.94,4.69,0.0
20180315:1811,0.0,0.0,-9.43,4.76,0.0
20180315:1911,0.0,0.0,-10.21,4.55,0.0
20180315:2011,0.0,0.0,-10.76,4.62,0.0
20180315:2111,0.0,0.0,-11.24,4.62,0.0
20180315:2211,0.0,0.0,-11.55,4.69,0.0
20180315:2311,0.0,0.0,-11.63,4.97,0.0
20180316:0011,0.0,0.0,-12.14,4.62,0.0
20180316:0111,0.0,0.0,-12.49,4.55,0.0
20180316:0211,0.0,0.0,-12.7,4.55,0.0
20180316:0311,0.0,0.0,-13.13,4.48,0.0
20180316:0411,0.0,0.0,-13.69,4.41,0.0
20180316:0511,0.0,0.0,-13.84,4.34,0.0
20180316:0611,7.82,2.15,-14.17,4.28,0.0
20180316:0711,34.76,9.47,-14.69,4.48,0.0
20180316:0811,49.54,16.19,-14.29,4.34,0.0
20180316:0911,59.1,21.85,-13.52,4.83,0.0
20180316:1011,63.45,26.0,-13.0,4.76,0.0
20180316:1111,1016.66,28.23,-12.53,4.97,0.0
20180316:1211,41.57,28.27,-12.06,5.1,0.0
20180316:1311,137.64,26.11,-11.92,4.76,0.0
20180316:1411,774.76,22.01,-11.85,4.28,0.0
20180316:1511,553.13,16.39,-11.98,4.48,0.0
20180316:1611,34.76,9.71,-12.42,4.34,0.0
20180316:1711,1.74,2.39,-13.37,4.14,0.0
20180316:1811,0.0,0.0,-14.44,4.14,0.0
20180316:1911,0.0,0.0,-15.0,4.0,0.0
20180316:2011,0.0,0.0,-15.37,4.07,0.0
20180316:2111,0.0,0.0,-15.82,4.07,0.0
20180316:2211,0.0,0.0,-16.22,4.0,0.0
20180316:2311,0.0,0.0,-16.54,3.93,0.0
20180317:0011,0.0,0.0,-16.83,3.79,0.0
20180317:0111,0.0,0.0,-17.09,3.66,0.0
20180317:0211,0.0,0.0,-17.43,3.45,0.0
20180317:0311,0.0,0.0,-17.78,3.31,0.0
20180317:0411,0.0,0.0,-18.06,3.17,0.0
20180317:0511,0.0,0.0,-18.19,3.03,0.0
20180317:0611,6.95,2.52,-18.34,2.83,0.0
20180317:0711,35.63,9.86,-18.77,2.9,0.0
20180317:0811,50.41,16.58,-18.09,2.76,0.0
20180317:0911,58.23,22.25,-16.95,2.69,0.0
20180317:1011,63.45,26.41,-15.85,2.55,0.0
20180317:1111,695.73,28.63,-14.92,2.34,0.0
20180317:1211,42.49,28.66,-14.2,2.14,0.0
20180317:1311,38.8,26.48,-13.79,2.14,0.0
20180317:1411,740.1,22.36,-13.8,2.14,0.0
20180317:1511,562.96,16.72,-14.16,2.14,0.0
20180317:1611,35.63,10.02,-14.65,2.07,0.0
20180317:1711,1.74,2.7,-15.05,2.07,0.0
20180317:1811,0.0,0.0,-15.24,2.07,0.0
20180317:1911,0.0,0.0,-15.05,2.14,0.0
20180317:2011,0.0,0.0,-14.82,2.14,0.0
20180317:2111,0.0,0.0,-14.34,2.0,0.0
20180317:2211,0.0,0.0,-13.92,1.86,0.0
20180317:2311,0.0,0.0,-13.75,1.79,0.0
20180318:0011,0.0,0.0,-13.96,1.72,0.0
20180318:0111,0.0,0.0,-13.94,1.59,0.0
20180318:0211,0.0,0.0,-14.24,1.52,0.0
20180318:0311,0.0,0.0,-14.27,1.38,0.0
20180318:0411,0.0,0.0,-14.28,1.24,0.0
20180318:0511,0.0,0.0,-13.81,1.03,0.0
20180318:0611,9.56,2.9,-13.15,0.9,0.0
20180318:0711,37.37,10.24,-13.95,1.1,0.0
20180318:0811,52.15,16.97,-13.01,0.9,0.0
20180318:0911,60.84,22.65,-11.78,0.69,0.0
20180318:1011,64.31,26.81,-10.49,0.55,0.0
20180318:1111,785.38,29.03,-9.42,0.76,0.0
20180318:1211,153.34,29.05,-8.64,1.1,0.0
20180318:1311,333.97,26.85,-8.2,1.17,0.0
20180318:1411,466.5,22.71,-7.91,1.17,0.0
20180318:1511,556.86,17.05,-8.06,1.1,0.0
20180318:1611,37.37,10.34,-8.53,1.03,0.0
20180318:1711,1.74,3.0,-9.16,1.03,0.0
20180318:1811,0.0,0.0,-9.98,0.97,0.0
20180318:1911,0.0,0.0,-10.44,0.97,0.0
20180318:2011,0.0,0.0,-10.97,1.03,0.0
20180318:2111,0.0,0.0,-11.46,1.17,0.0
20180318:2211,0.0,0.0,-11.61,1.31,0.0
20180318:2311,0.0,0.0,-11.6,1.24,0.0
20180319:0011,0.0,0.0,-11.49,1.24,0.0
20180319:0111,0.0,0.0,-11.26,1.31,0.0
20180319:0211,0.0,0.0,-11.08,1.38,0.0
20180319:0311,0.0,0.0,-10.84,1.38,0.0
20180319:0411,0.0,0.0,-10.51,1.31,0.0
20180319:0511,0.0,0.0,-10.2,1.1,0.0
20180319:0611,12.17,3.28,-10.0,0.9,0.0
20180319:0711,39.11,10.63,-9.22,1.17,0.0
20180319:0811,55.62,17.36,-9.67,1.66,0.0
20180319:0911,63.45,23.04,-9.34,2.0,0.0
20180319:1011,67.79,27.21,-8.89,2.14,0.0
20180319:1111,42.49,29.43,-8.18,2.28,0.0
20180319:1211,702.08,29.43,-7.5,2.14,0.0
20180319:1311,826.51,27.22,-6.74,2.07,0.0
20180319:1411,241.61,23.06,-6.25,1.86,0.0
20180319:1511,540.94,17.38,-5.4,1.59,0.0
20180319:1611,39.98,10.65,-4.87,1.52,0.0
20180319:1711,12.17,3.31,-4.95,1.59,0.0
20180319:1811,0.0,0.0,-5.04,1.72,0.0
20180319:1911,0.0,0.0,-6.05,1.31,0.0
20180319:2011,0.0,0.0,-6.63,1.24,0.0
20180319:2111,0.0,0.0,-7.54,1.1,0.0
20180319:2211,0.0,0.0,-8.41,1.17,0.0
20180319:2311,0.0,0.0,-9.18,1.17,0.0
20180320:0011,0.0,0.0,-10.14,1.17,0.0
20180320:0111,0.0,0.0,-10.36,1.1,0.0
20180320:0211,0.0,0.0,-10.53,1.1,0.0
20180320:0311,0.0,0.0,-10.53,1.1,0.0
20180320:0411,0.0,0.0,-10.56,1.17,0.0
20180320:0511,0.0,0.0,-10.55,1.17,0.0
20180320:0611,2.61,3.67,-10.6,1.17,0.0
20180320:0711,40.85,11.01,-10.56,1.03,0.0
20180320:0811,55.62,17.75,-10.24,0.97,0.0
20180320:0911,64.31,23.44,-9.32,0.9,0.0
20180320:1011,67.79,27.61,-8.34,0.69,0.0
20180320:1111,998.7,29.83,-7.42,0.76,0.0
20180320:1211,46.19,29.82,-6.66,0.9,0.0
20180320:1311,840.13,27.59,-6.12,1.03,0.0
20180320:1411,649.32,23.41,-5.87,1.17,0.0
20180320:1511,544.84,17.71,-5.65,1.1,0.0
20180320:1611,40.85,10.96,-5.75,1.1,0.0
20180320:1711,13.04,3.61,-6.16,1.1,0.0
20180320:1811,0.0,0.0,-6.78,1.03,0.0
20180320:1911,0.0,0.0,-6.68,1.17,0.0
20180320:2011,0.0,0.0,-6.72,1.24,0.0
20180320:2111,0.0,0.0,-6.51,1.24,0.0
20180320:2211,0.0,0.0,-6.41,1.17,0.0
20180320:2311,0.0,0.0,-6.41,1.38,0.0
20180321:0011,0.0,0.0,-7.01,1.59,0.0
20180321:0111,0.0,0.0,-6.84,1.59,0.0
20180321:0211,0.0,0.0,-6.5,1.52,0.0
20180321:0311,0.0,0.0,-6.36,1.45,0.0
20180321:0411,0.0,0.0,-6.18,1.31,0.0
20180321:0511,0.0,0.0,-6.17,1.1,0.0
20180321:0611,16.51,4.05,-6.12,1.03,0.0
20180321:0711,43.46,11.4,-6.94,1.66,0.0
20180321:0811,22.6,18.14,-6.88,1.72,0.0
20180321:0911,146.01,23.84,-6.73,1.86,0.0
20180321:1011,70.4,28.02,-6.23,1.93,0.0
20180321:1111,96.99,30.23,-5.52,1.93,0.0
20180321:1211,982.98,30.21,-5.05,2.07,0.0
20180321:1311,395.46,27.96,-4.8,2.62,0.0
20180321:1411,684.29,23.75,-4.58,2.76,0.0
20180321:1511,536.05,18.03,-4.56,2.9,0.0
20180321:1611,42.59,11.27,-4.98,2.97,0.0
20180321:1711,2.61,3.92,-5.65,2.62,0.0
20180321:1811,0.0,0.0,-6.23,2.34,0.0
20180321:1911,0.0,0.0,-5.35,1.1,0.0
20180321:2011,0.0,0.0,-5.11,0.48,0.0
20180321:2111,0.0,0.0,-5.15,0.14,0.0
20180321:2211,0.0,0.0,-5.32,0.83,0.0
20180321:2311,0.0,0.0,-5.68,0.97,0.0
20180322:0011,0.0,0.0,-6.17,1.17,0.0
20180322:0111,0.0,0.0,-6.87,1.24,0.0
20180322:0211,0.0,0.0,-7.34,1.31,0.0
20180322:0311,0.0,0.0,-8.12,1.31,0.0
20180322:0411,0.0,0.0,-8.23,1.31,0.0
20180322:0511,0.0,0.0,-7.94,1.24,0.0
20180322:0611,17.38,4.43,-8.63,1.24,0.0
20180322:0711,42.59,11.78,-11.42,1.31,0.0
20180322:0811,87.78,18.53,-10.45,1.17,0.0
20180322:0911,64.31,24.24,-9.94,1.1,0.0
20180322:1011,901.84,28.42,-8.62,0.9,0.0
20180322:1111,782.39,30.63,-7.1,0.83,0.0
20180322:1211,718.44,30.6,-5.57,0.83,0.0
20180322:1311,181.15,28.33,-4.86,0.83,0.0
20180322:1411,34.18,24.1,-4.54,0.69,0.0
20180322:1511,361.19,18.36,-4.07,0.48,0.0
20180322:1611,23.47,11.58,-4.14,0.55,0.0
20180322:1711,5.21,4.22,-4.26,0.55,0.0
20180322:1811,0.0,0.0,-4.28,0.48,0.0
20180322:1911,0.0,0.0,-4.86,0.9,0.0
20180322:2011,0.0,0.0,-5.11,1.17,0.0
20180322:2111,0.0,0.0,-5.41,1.31,0.0
20180322:2211,0.0,0.0,-5.57,1.38,0.0
20180322:2311,0.0,0.0,-5.72,1.52,0.0
20180323:0011,0.0,0.0,-5.71,1.52,0.0
20180323:0111,0.0,0.0,-5.65,1.52,0.0
20180323:0211,0.0,0.0,-5.09,1.24,0.0
20180323:0311,0.0,0.0,-4.79,1.1,0.0
20180323:0411,0.0,0.0,-4.41,1.1,0.0
20180323:0511,0.0,0.0,-4.56,1.24,0.0
20180323:0611,9.56,4.81,-5.01,1.38,0.0
20180323:0711,46.06,12.16,-6.52,1.66,0.0
20180323:0811,134.71,18.92,-6.28,1.79,0.0
20180323:0911,67.79,24.64,-5.58,1.86,0.0
20180323:1011,912.93,28.82,-4.37,2.0,0.0
20180323:1111,193.07,31.03,-3.55,2.0,0.0
20180323:1211,81.29,30.99,-2.75,2.07,0.0
20180323:1311,66.51,28.7,-2.51,2.07,0.0
20180323:1411,34.18,24.45,-2.62,2.07,0.0
20180323:1511,33.25,18.68,-2.45,2.21,0.0
20180323:1611,67.79,11.89,-2.43,2.62,0.0
20180323:1711,10.43,4.52,-2.81,2.9,0.0
20180323:1811,0.0,0.0,-3.03,3.03,0.0
20180323:1911,0.0,0.0,-3.42,2.97,0.0
20180323:2011,0.0,0.0,-3.64,2.62,0.0
20180323:2111,0.0,0.0,-3.67,2.48,0.0
20180323:2211,0.0,0.0,-3.63,2.34,0.0
20180323:2311,0.0,0.0,-3.44,2.48,0.0
20180324:0011,0.0,0.0,-3.05,2.97,0.0
20180324:0111,0.0,0.0,-2.3,3.45,0.0
20180324:0211,0.0,0.0,-1.9,3.45,0.0
20180324:0311,0.0,0.0,-1.9,3.59,0.0
20180324:0411,0.0,0.0,-2.23,3.31,0.0
20180324:0511,0.0,0.0,-2.4,3.24,0.0
20180324:0611,15.64,5.19,-2.66,3.1,0.0
20180324:0711,45.19,12.55,-2.3,2.55,0.0
20180324:0811,139.06,19.31,-2.38,2.62,0.0
20180324:0911,119.94,25.03,-2.67,2.69,0.0
20180324:1011,116.39,29.22,-2.86,2.55,0.0
20180324:1111,345.83,31.43,-2.34,3.03,0.0
20180324:1211,101.61,31.37,-1.69,3.1,0.0
20180324:1311,49.88,29.06,-1.63,2.76,0.0
20180324:1411,47.11,24.79,-2.0,2.34,0.0
20180324:1511,46.19,19.01,-2.47,2.28,0.0
20180324:1611,31.29,12.2,-3.1,2.21,0.0
20180324:1711,7.82,4.83,-3.58,2.07,0.0
20180324:1811,0.0,0.0,-4.34,2.14,0.0
20180324:1911,0.0,0.0,-4.3,2.21,0.0
20180324:2011,0.0,0.0,-4.35,2.28,0.0
20180324:2111,0.0,0.0,-4.27,2.21,0.0
20180324:2211,0.0,0.0,-4.55,2.21,0.0
20180324:2311,0.0,0.0,-4.55,2.21,0.0
20180325:0011,0.0,0.0,-4.47,2.0,0.0
20180325:0111,0.0,0.0,-4.54,1.86,0.0
20180325:0211,0.0,0.0,-4.64,1.86,0.0
20180325:0311,0.0,0.0,-4.45,1.79,0.0
20180325:0411,0.0,0.0,-4.67,1.66,0.0
20180325:0511,0.0,0.0,-4.67,1.66,0.0
20180325:0611,22.6,5.57,-4.62,1.72,0.0
20180325:0711,79.09,12.93,-4.3,1.59,0.0
20180325:0811,59.97,19.7,-4.1,1.79,0.0
20180325:0911,163.39,25.43,-3.31,2.41,0.0
20180325:1011,939.12,29.62,-2.74,2.62,0.0
20180325:1111,710.7,31.83,-2.35,2.9,0.0
20180325:1211,398.53,31.76,-2.11,2.55,0.0
20180325:1311,292.1,29.43,-2.12,2.28,0.0
20180325:1411,36.03,25.13,-2.05,2.07,0.0
20180325:1511,48.03,19.33,-2.53,1.86,0.0
20180325:1611,25.2,12.51,-3.09,1.79,0.0
20180325:1711,4.35,5.13,-3.31,1.72,0.0
20180325:1811,0.0,0.0,-2.9,1.24,0.0
20180325:1911,0.0,0.0,-3.25,1.31,0.0
20180325:2011,0.0,0.0,-2.93,0.97,0.0
20180325:2111,0.0,0.0,-2.95,0.9,0.0
20180325:2211,0.0,0.0,-3.05,0.83,0.0
20180325:2311,0.0,0.0,-3.11,0.9,0.0
20180326:0011,0.0,0.0,-3.34,0.83,0.0
20180326:0111,0.0,0.0,-3.67,0.76,0.0
20180326:0211,0.0,0.0,-3.9,0.69,0.0
20180326:0311,0.0,0.0,-4.33,0.62,0.0
20180326:0411,0.0,0.0,-4.82,0.55,0.0
20180326:0511,0.0,0.0,-5.55,0.69,0.0
20180326:0611,24.34,5.95,-6.63,1.03,0.0
20180326:0711,68.66,13.32,-6.04,1.38,0.0
20180326:0811,59.97,20.09,-5.45,1.72,0.0
20180326:0911,66.92,25.83,-5.04,2.34,0.0
20180326:1011,654.96,30.03,-4.14,2.21,0.0
20180326:1111,734.29,32.23,-3.59,2.07,0.0
20180326:1211,1022.54,32.15,-3.23,2.0,0.0
20180326:1311,728.61,29.79,-3.1,1.79,0.0
20180326:1411,498.04,25.47,-3.27,1.52,0.0
20180326:1511,361.54,19.65,-3.54,1.38,0.0
20180326:1611,45.19,12.82,-3.79,1.38,0.0
20180326:1711,22.6,5.43,-4.03,1.31,0.0
20180326:1811,0.0,0.0,-4.41,1.31,0.0
20180326:1911,0.0,0.0,-4.92,1.52,0.0
20180326:2011,0.0,0.0,-5.07,1.59,0.0
20180326:2111,0.0,0.0,-5.51,1.59,0.0
20180326:2211,0.0,0.0,-5.6,1.66,0.0
20180326:2311,0.0,0.0,-5.8,1.72,0.0
20180327:0011,0.0,0.0,-5.92,1.79,0.0
20180327:0111,0.0,0.0,-6.67,1.86,0.0
20180327:0211,0.0,0.0,-7.0,1.93,0.0
20180327:0311,0.0,0.0,-7.43,2.07,0.0
20180327:0411,0.0,0.0,-7.75,2.28,0.0
20180327:0511,0.0,0.0,-8.54,2.34,0.0
20180327:0611,25.2,6.33,-8.89,2.34,0.0
20180327:0711,47.8,13.7,-8.62,2.97,0.0
20180327:0811,59.97,20.48,-8.83,3.03,0.0
20180327:0911,66.92,26.23,-8.72,3.17,0.0
20180327:1011,959.43,30.43,-8.35,3.17,0.0
20180327:1111,1036.32,32.62,-8.04,3.1,0.0
20180327:1211,1032.65,32.53,-7.69,3.1,0.0
20180327:1311,744.97,30.16,-7.33,3.1,0.0
20180327:1411,602.26,25.82,-7.32,2.76,0.0
20180327:1511,359.68,19.97,-7.54,2.69,0.0
20180327:1611,82.57,13.12,-8.13,2.62,0.0
20180327:1711,33.03,5.73,-9.08,2.62,0.0
20180327:1811,0.0,0.0,-10.09,2.76,0.0
20180327:1911,0.0,0.0,-10.74,2.69,0.0
20180327:2011,0.0,0.0,-11.3,2.76,0.0
20180327:2111,0.0,0.0,-11.84,2.83,0.0
20180327:2211,0.0,0.0,-12.29,2.83,0.0
20180327:2311,0.0,0.0,-12.67,2.83,0.0
20180328:0011,0.0,0.0,-13.04,2.9,0.0
20180328:0111,0.0,0.0,-13.34,2.83,0.0
20180328:0211,0.0,0.0,-13.67,2.83,0.0
20180328:0311,0.0,0.0,-13.98,2.83,0.0
20180328:0411,0.0,0.0,-14.28,2.83,0.0
20180328:0511,0.0,0.0,-14.41,2.83,0.0
20180328:0611,25.2,6.71,-14.28,2.83,0.0
20180328:0711,46.06,14.08,-13.65,2.83,0.0
20180328:0811,57.36,20.87,-12.77,2.97,0.0
20180328:0911,63.45,26.62,-11.7,3.17,0.0
20180328:1011,880.78,30.82,-10.74,3.45,0.0
20180328:1111,578.59,33.02,-10.08,3.24,0.0
20180328:1211,392.35,32.91,-9.56,3.1,0.0
20180328:1311,445.79,30.52,-9.24,3.17,0.0
20180328:1411,767.07,26.16,-9.08,3.17,0.0
20180328:1511,605.23,20.29,-9.27,3.17,0.0
20180328:1611,44.32,13.43,-10.05,3.03,0.0
20180328:1711,29.55,6.02,-11.03,2.97,0.0
20180328:1811,0.0,0.0,-11.88,3.03,0.0
20180328:1911,0.0,0.0,-12.25,2.97,0.0
20180328:2011,0.0,0.0,-12.61,2.97,0.0
20180328:2111,0.0,0.0,-12.91,2.9,0.0
20180328:2211,0.0,0.0,-13.19,2.9,0.0
20180328:2311,0.0,0.0,-13.44,2.9,0.0
20180329:0011,0.0,0.0,-13.52,2.9,0.0
20180329:0111,0.0,0.0,-13.6,2.97,0.0
20180329:0211,0.0,0.0,-13.77,3.03,0.0
20180329:0311,0.0,0.0,-13.99,2.97,0.0
20180329:0411,0.0,0.0,-14.1,2.97,0.0
20180329:0511,0.0,0.0,-14.16,2.97,0.0
20180329:0611,26.94,7.08,-14.02,2.9,0.0
20180329:0711,47.8,14.46,-13.44,2.9,0.0
20180329:0811,59.1,21.26,-12.68,2.83,0.0
20180329:0911,65.18,27.01,-11.68,2.83,0.0
20180329:1011,990.18,31.22,-10.58,2.9,0.0
20180329:1111,843.56,33.41,-9.56,2.97,0.0
20180329:1211,759.33,33.29,-9.0,2.9,0.0
20180329:1311,696.4,30.88,-8.73,2.76,0.0
20180329:1411,686.82,26.49,-8.89,2.62,0.0
20180329:1511,599.02,20.61,-9.32,2.41,0.0
20180329:1611,46.06,13.73,-9.58,2.21,0.0
20180329:1711,29.55,6.32,-9.96,2.07,0.0
20180329:1811,0.0,0.0,-10.09,2.0,0.0
20180329:1911,0.0,0.0,-9.62,1.93,0.0
20180329:2011,0.0,0.0,-10.1,1.93,0.0
20180329:2111,0.0,0.0,-10.58,1.93,0.0
20180329:2211,0.0,0.0,-11.12,1.93,0.0
20180329:2311,0.0,0.0,-11.46,1.93,0.0
20180330:0011,0.0,0.0,-11.89,1.93,0.0
20180330:0111,0.0,0.0,-11.77,1.86,0.0
20180330:0211,0.0,0.0,-12.07,1.86,0.0
20180330:0311,0.0,0.0,-12.35,1.79,0.0
20180330:0411,0.0,0.0,-12.78,1.86,0.0
20180330:0511,0.0,0.0,-13.0,1.79,0.0
20180330:0611,28.68,7.46,-13.22,1.79,0.0
20180330:0711,47.8,14.84,-13.32,1.79,0.0
20180330:0811,59.97,21.64,-12.84,1.72,0.0
20180330:0911,65.18,27.41,-12.09,1.66,0.0
20180330:1011,952.45,31.62,-11.12,1.59,0.0
20180330:1111,847.67,33.81,-10.13,1.52,0.0
20180330:1211,843.88,33.68,-9.39,1.31,0.0
20180330:1311,535.4,31.24,-8.85,1.17,0.0
20180330:1411,690.63,26.83,-8.67,1.17,0.0
20180330:1511,601.87,20.93,-8.59,1.17,0.0
20180330:1611,46.06,14.04,-8.55,1.1,0.0
20180330:1711,26.07,6.62,-9.05,1.17,0.0
20180330:1811,0.0,0.0,-10.02,1.38,0.0
20180330:1911,0.0,0.0,-10.6,1.45,0.0
20180330:2011,0.0,0.0,-11.22,1.45,0.0
20180330:2111,0.0,0.0,-11.68,1.45,0.0
20180330:2211,0.0,0.0,-12.29,1.45,0.0
20180330:2311,0.0,0.0,-12.86,1.52,0.0
20180331:0011,0.0,0.0,-13.33,1.59,0.0
20180331:0111,0.0,0.0,-13.97,1.66,0.0
20180331:0211,0.0,0.0,-14.41,1.66,0.0
20180331:0311,0.0,0.0,-14.84,1.66,0.0
20180331:0411,0.0,0.0,-15.2,1.66,0.0
20180331:0511,0.0,0.0,-15.27,1.59,0.0
20180331:0611,33.03,7.83,-15.26,1.59,0.0
20180331:0711,49.54,15.22,-16.73,1.72,0.0
20180331:0811,144.27,22.03,-15.85,1.59,0.0
20180331:0911,201.63,27.8,-14.57,1.38,0.0
20180331:1011,836.4,32.02,-13.13,1.24,0.0
20180331:1111,611.49,34.2,-11.75,1.1,0.0
20180331:1211,542.7,34.06,-10.75,1.03,0.0
20180331:1311,984.05,31.6,-10.3,1.1,0.0
20180331:1411,808.69,27.17,-10.23,1.03,0.0
20180331:1511,115.43,21.24,-10.79,1.03,0.0
20180331:1611,67.79,14.34,-11.79,1.1,0.0
20180331:1711,13.91,6.91,-13.06,1.38,0.0
20180331:1811,0.0,0.0,-14.53,1.52,0.0
20180331:1911,0.0,0.0,-17.13,1.59,0.0
20180331:2011,0.0,0.0,-16.85,1.59,0.0
20180331:2111,0.0,0.0,-16.43,1.52,0.0
20180331:2211,0.0,0.0,-15.97,1.52,0.0
20180331:2311,0.0,0.0,-15.51,1.52,0.0
20180401:0011,0.0,0.0,-15.17,1.45,0.0
20180401:0111,0.0,0.0,-14.84,1.38,0.0
20180401:0211,0.0,0.0,-14.3,1.31,0.0
20180401:0311,0.0,0.0,-14.02,1.31,0.0
20180401:0411,0.0,0.0,-13.85,1.31,0.0
20180401:0511,0.0,0.0,-13.97,1.38,0.0
20180401:0611,35.63,8.21,-14.03,1.38,0.0
20180401:0711,59.97,15.6,-14.91,1.38,0.0
20180401:0811,73.87,22.41,-13.66,1.24,0.0
20180401:0911,82.57,28.19,-12.15,1.1,0.0
20180401:1011,981.83,32.41,-10.89,0.83,0.0
20180401:1111,1032.9,34.59,-9.79,0.62,0.0
20180401:1211,740.19,34.43,-8.86,0.62,0.0
20180401:1311,737.48,31.96,-8.26,0.69,0.0
20180401:1411,805.1,27.5,-8.05,0.69,0.0
20180401:1511,586.4,21.56,-8.15,0.83,0.0
20180401:1611,57.36,14.64,-8.59,0.83,0.0
20180401:1711,31.29,7.21,-9.43,0.97,0.0
20180401:1811,0.0,0.0,-10.53,1.03,0.0
20180401:1911,0.0,0.0,-11.27,1.17,0.0
20180401:2011,0.0,0.0,-12.27,1.24,0.0
20180401:2111,0.0,0.0,-13.05,1.24,0.0
20180401:2211,0.0,0.0,-13.65,1.31,0.0
20180401:2311,0.0,0.0,-14.02,1.31,0.0
20180402:0011,0.0,0.0,-14.26,1.24,0.0
20180402:0111,0.0,0.0,-14.15,1.24,0.0
20180402:0211,0.0,0.0,-14.19,1.24,0.0
20180402:0311,0.0,0.0,-14.28,1.24,0.0
20180402:0411,0.0,0.0,-14.33,1.24,0.0
20180402:0511,0.0,0.0,-14.38,1.17,0.0
20180402:0611,37.37,8.58,-14.31,1.17,0.0
20180402:0711,60.84,15.97,-14.06,1.17,0.0
20180402:0811,75.61,22.8,-12.91,1.03,0.0
20180402:0911,119.07,28.58,-11.5,0.97,0.0
20180402:1011,952.72,32.8,-10.23,0.76,0.0
20180402:1111,959.54,34.98,-9.03,0.48,0.0
20180402:1211,585.74,34.81,-8.01,0.14,0.0
20180402:1311,833.79,32.31,-7.24,0.21,0.0
20180402:1411,799.0,27.83,-6.84,0.34,0.0
20180402:1511,584.92,21.87,-6.7,0.21,0.0
20180402:1611,340.29,14.94,-7.1,0.76,0.0
20180402:1711,33.03,7.5,-7.96,1.03,0.0
20180402:1811,0.0,0.0,-9.12,1.1,0.0
20180402:1911,0.0,0.0,-9.9,1.24,0.0
20180402:2011,0.0,0.0,-10.81,1.38,0.0
20180402:2111,0.0,0.0,-11.69,1.52,0.0
20180402:2211,0.0,0.0,-12.75,1.66,0.0
20180402:2311,0.0,0.0,-13.33,1.72,0.0
20180403:0011,0.0,0.0,-13.59,1.86,0.0
20180403:0111,0.0,0.0,-13.95,1.93,0.0
20180403:0211,0.0,0.0,-13.68,2.0,0.0
20180403:0311,0.0,0.0,-13.31,2.07,0.0
20180403:0411,0.0,0.0,-13.09,2.21,0.0
20180403:0511,0.0,0.0,-12.73,2.28,0.0
20180403:0611,33.9,8.95,-12.21,2.34,0.0
20180403:0711,73.01,16.35,-11.27,2.62,0.0
20180403:0811,85.17,23.18,-9.84,2.97,0.0
20180403:0911,45.19,28.97,-8.59,3.24,0.0
20180403:1011,99.76,33.2,-7.87,3.59,0.0
20180403:1111,159.81,35.37,-7.62,3.93,0.0
20180403:1211,108.08,35.19,-7.77,4.0,0.0
20180403:1311,67.43,32.67,-7.88,4.14,0.0
20180403:1411,82.21,28.16,-7.93,3.79,0.0
20180403:1511,48.96,22.18,-8.09,3.45,0.0
20180403:1611,32.33,15.24,-8.29,3.24,0.0
20180403:1711,31.29,7.79,-8.47,3.17,0.0
20180403:1811,0.0,0.0,-8.61,3.03,0.0
20180403:1911,0.0,0.0,-8.65,2.97,0.0
20180403:2011,0.0,0.0,-8.59,2.9,0.0
20180403:2111,0.0,0.0,-8.5,2.76,0.0
20180403:2211,0.0,0.0,-8.54,2.62,0.0
20180403:2311,0.0,0.0,-8.31,2.62,0.0
20180404:0011,0.0,0.0,-8.14,2.55,0.0
20180404:0111,0.0,0.0,-7.91,2.41,0.0
20180404:0211,0.0,0.0,-7.7,2.34,0.0
20180404:0311,0.0,0.0,-7.52,2.07,0.0
20180404:0411,0.0,0.0,-7.21,1.86,0.0
20180404:0511,0.87,1.78,-6.74,1.59,0.0
20180404:0611,42.59,9.32,-5.75,1.38,0.0
20180404:0711,66.05,16.72,-4.98,1.31,0.0
20180404:0811,122.54,23.55,-3.43,1.31,0.0
20180404:0911,96.47,29.35,-2.98,1.86,0.0
20180404:1011,47.11,33.59,-2.55,2.48,0.0
20180404:1111,144.1,35.76,-1.97,2.62,0.0
20180404:1211,54.5,35.56,-2.06,2.62,0.0
20180404:1311,55.42,33.02,-2.12,2.48,0.0
20180404:1411,38.8,28.49,-2.61,2.07,0.0
20180404:1511,410.61,22.49,-2.39,2.48,0.0
20180404:1611,237.26,15.53,-2.1,1.38,0.0
20180404:1711,37.37,8.08,-1.91,1.38,0.0
20180404:1811,0.0,0.0,-1.33,1.1,0.0
20180404:1911,0.0,0.0,-1.37,0.83,0.0
20180404:2011,0.0,0.0,-1.52,0.97,0.0
20180404:2111,0.0,0.0,-1.65,1.1,0.0
20180404:2211,0.0,0.0,-2.34,1.52,0.0
20180404:2311,0.0,0.0,-2.74,1.59,0.0
20180405:0011,0.0,0.0,-2.87,1.72,0.0
20180405:0111,0.0,0.0,-2.42,1.59,0.0
20180405:0211,0.0,0.0,-1.77,1.31,0.0
20180405:0311,0.0,0.0,-1.31,1.17,0.0
20180405:0411,0.0,0.0,-1.21,1.1,0.0
20180405:0511,0.87,2.15,-0.98,0.9,0.0
20180405:0611,9.56,9.69,-1.09,0.41,0.0
20180405:0711,19.99,17.09,-1.11,0.41,0.0
20180405:0811,39.11,23.93,-1.33,0.97,0.0
20180405:0911,218.15,29.74,-2.28,1.52,0.0
20180405:1011,843.63,33.97,-2.45,1.93,0.0
20180405:1111,544.95,36.14,-1.99,2.28,0.0
20180405:1211,780.23,35.93,-2.21,2.41,0.0
20180405:1311,401.85,33.37,-2.41,2.69,0.0
20180405:1411,79.44,28.82,-2.86,2.83,0.0
20180405:1511,72.05,22.8,-3.53,2.97,0.0
20180405:1611,333.43,15.83,-4.54,2.76,0.0
20180405:1711,49.54,8.37,-5.75,2.83,0.0
20180405:1811,0.0,0.0,-6.71,2.83,0.0
20180405:1911,0.0,0.0,-6.98,2.97,0.0
20180405:2011,0.0,0.0,-7.22,2.83,0.0
20180405:2111,0.0,0.0,-7.66,2.69,0.0
20180405:2211,0.0,0.0,-8.01,2.76,0.0
20180405:2311,0.0,0.0,-7.69,3.03,0.0
20180406:0011,0.0,0.0,-7.83,2.9,0.0
20180406:0111,0.0,0.0,-8.06,2.55,0.0
20180406:0211,0.0,0.0,-7.62,2.41,0.0
20180406:0311,0.0,0.0,-7.59,2.14,0.0
20180406:0411,0.0,0.0,-7.74,2.21,0.0
20180406:0511,1.74,2.51,-7.42,1.93,0.0
20180406:0611,63.45,10.05,-7.02,1.72,0.0
20180406:0711,118.2,17.46,-6.66,1.03,0.0
20180406:0811,166.0,24.31,-6.43,1.79,0.0
20180406:0911,173.55,30.12,-5.91,1.59,0.0
20180406:1011,266.52,34.36,-5.54,1.52,0.0
20180406:1111,427.61,36.53,-5.16,1.86,0.0
20180406:1211,221.73,36.3,-4.58,1.66,0.0
20180406:1311,479.0,33.72,-3.83,1.72,0.0
20180406:1411,309.8,29.15,-3.71,1.17,0.0
20180406:1511,137.18,23.11,-3.1,0.83,0.0
20180406:1611,163.54,16.12,-2.87,0.76,0.0
20180406:1711,32.16,8.66,-3.0,0.76,0.0
20180406:1811,0.0,0.0,-3.25,0.76,0.0
20180406:1911,0.0,0.0,-3.22,0.9,0.0
20180406:2011,0.0,0.0,-3.68,1.17,0.0
20180406:2111,0.0,0.0,-4.31,1.31,0.0
20180406:2211,0.0,0.0,-4.98,1.59,0.0
20180406:2311,0.0,0.0,-5.25,1.72,0.0
20180407:0011,0.0,0.0,-5.5,1.86,0.0
20180407:0111,0.0,0.0,-5.65,1.93,0.0
20180407:0211,0.0,0.0,-5.57,2.0,0.0
20180407:0311,0.0,0.0,-5.3,2.07,0.0
20180407:0411,0.0,0.0,-5.19,2.14,0.0
20180407:0511,1.74,2.88,-5.24,2.14,0.0
20180407:0611,10.43,10.42,-5.06,2.0,0.0
20180407:0711,31.29,17.82,-4.59,2.0,0.0
20180407:0811,50.41,24.68,-4.14,2.0,0.0
20180407:0911,84.06,30.5,-3.76,1.93,0.0
20180407:1011,110.85,34.74,-3.17,1.93,0.0
20180407:1111,111.77,36.91,-2.58,1.93,0.0
20180407:1211,114.54,36.67,-2.24,1.86,0.0
20180407:1311,102.54,34.07,-1.75,1.86,0.0
20180407:1411,87.76,29.47,-1.32,1.72,0.0
20180407:1511,144.36,23.41,-1.08,1.52,0.0
20180407:1611,85.54,16.41,-1.26,1.38,0.0
20180407:1711,10.43,8.95,-1.4,1.31,0.0
20180407:1811,0.0,0.0,-1.65,1.38,0.0
20180407:1911,0.0,0.0,-1.99,1.38,0.0
20180407:2011,0.0,0.0,-2.0,1.31,0.0
20180407:2111,0.0,0.0,-1.99,1.31,0.0
20180407:2211,0.0,0.0,-2.12,1.31,0.0
20180407:2311,0.0,0.0,-3.04,1.38,0.0
20180408:0011,0.0,0.0,-3.29,1.38,0.0
20180408:0111,0.0,0.0,-4.05,1.45,0.0
20180408:0211,0.0,0.0,-4.15,1.52,0.0
20180408:0311,0.0,0.0,-3.48,1.72,0.0
20180408:0411,0.0,0.0,-2.91,2.0,0.0
20180408:0511,1.74,3.24,-2.39,1.93,0.0
20180408:0611,19.12,10.78,-1.78,1.86,0.0
20180408:0711,36.5,18.19,-1.6,2.07,0.0
20180408:0811,101.69,25.05,-0.85,1.93,0.0
20180408:0911,74.82,30.88,-0.25,1.93,0.0
20180408:1011,84.98,35.13,0.04,1.93,0.0
20180408:1111,151.49,37.29,0.45,2.0,0.0
20180408:1211,120.09,37.03,0.28,1.86,0.0
20180408:1311,116.39,34.41,0.61,1.66,0.0
20180408:1411,143.18,29.79,-0.02,1.59,0.0
20180408:1511,114.54,23.71,0.43,1.45,0.0
20180408:1611,46.19,16.7,0.34,1.45,0.0
20180408:1711,20.86,9.23,0.42,1.38,0.0
20180408:1811,0.0,0.0,0.34,1.24,0.0
20180408:1911,0.0,0.0,0.56,1.03,0.0
20180408:2011,0.0,0.0,0.55,1.03,0.0
20180408:2111,0.0,0.0,0.61,0.97,0.0
20180408:2211,0.0,0.0,0.53,1.03,0.0
20180408:2311,0.0,0.0,0.59,1.03,0.0
20180409:0011,0.0,0.0,0.59,0.97,0.0
20180409:0111,0.0,0.0,0.6,0.9,0.0
20180409:0211,0.0,0.0,0.52,0.97,0.0
20180409:0311,0.0,0.0,0.59,0.76,0.0
20180409:0411,0.0,0.0,0.7,0.69,0.0
20180409:0511,7.82,3.6,0.85,0.55,0.0
20180409:0611,71.27,11.14,0.7,0.62,0.0
20180409:0711,97.34,18.55,0.64,0.76,0.0
20180409:0811,64.31,25.42,0.65,1.17,0.0
20180409:0911,159.68,31.25,0.85,1.17,0.0
20180409:1011,92.37,35.51,0.78,1.38,0.0
20180409:1111,129.32,37.66,0.76,1.66,0.0
20180409:1211,117.32,37.4,0.69,1.52,0.0
20180409:1311,93.3,34.76,0.6,1.17,0.0
20180409:1411,72.05,30.12,0.53,0.83,0.0
20180409:1511,120.78,24.01,0.54,0.69,0.0
20180409:1611,99.49,16.99,0.63,0.55,0.0
20180409:1711,47.8,9.52,0.72,0.55,0.0
20180409:1811,0.87,2.01,0.44,0.76,0.0
20180409:1911,0.0,0.0,0.88,0.69,0.0
20180409:2011,0.0,0.0,0.31,0.97,0.0
20180409:2111,0.0,0.0,-0.18,1.31,0.0
20180409:2211,0.0,0.0,-0.29,1.52,0.0
20180409:2311,0.0,0.0,-0.59,1.72,0.0
20180410:0011,0.0,0.0,-1.05,1.86,0.0
20180410:0111,0.0,0.0,-1.63,1.93,0.0
20180410:0211,0.0,0.0,-2.13,2.07,0.0
20180410:0311,0.0,0.0,-2.71,2.28,0.0
20180410:0411,0.0,0.0,-3.15,2.48,0.0
20180410:0511,18.25,3.95,-3.14,2.62,0.0
20180410:0611,49.54,11.49,-2.9,2.76,0.0
20180410:0711,0.0,0.0,-2.59,3.03,0.0
20180410:0811,82.57,25.78,-2.2,3.38,0.0
20180410:0911,735.1,31.62,-1.77,3.45,0.0
20180410:1011,959.08,35.88,-1.39,3.59,0.0
20180410:1111,865.72,38.04,-1.0,3.45,0.0
20180410:1211,960.97,37.76,-0.66,3.31,0.0
20180410:1311,873.35,35.1,-0.42,3.24,0.0
20180410:1411,764.92,30.43,-0.25,3.1,0.0
20180410:1511,549.24,24.31,-0.1,2.83,0.0
20180410:1611,353.5,17.28,-0.13,2.41,0.0
20180410:1711,59.97,9.8,-0.63,2.41,0.0
20180410:1811,0.87,2.29,-1.66,2.48,0.0
20180410:1911,0.0,0.0,-2.27,2.48,0.0
20180410:2011,0.0,0.0,-2.91,2.55,0.0
20180410:2111,0.0,0.0,-3.06,2.62,0.0
20180410:2211,0.0,0.0,-3.33,2.55,0.0
20180410:2311,0.0,0.0,-3.66,2.55,0.0
20180411:0011,0.0,0.0,-4.0,2.48,0.0
20180411:0111,0.0,0.0,-4.36,2.55,0.0
20180411:0211,0.0,0.0,-4.69,2.48,0.0
20180411:0311,0.0,0.0,-4.89,2.41,0.0
20180411:0411,0.0,0.0,-5.15,2.41,0.0
20180411:0511,6.08,4.31,-5.21,2.41,0.0
20180411:0611,52.15,11.84,-4.65,2.48,0.0
20180411:0711,73.01,19.26,-3.05,2.34,0.0
20180411:0811,86.04,26.14,-1.69,2.55,0.0
20180411:0911,828.07,31.99,-0.88,2.62,0.0
20180411:1011,0.0,0.0,-0.3,2.48,0.0
20180411:1111,911.7,38.41,0.22,2.34,0.0
20180411:1211,1025.7,38.12,0.71,2.28,0.0
20180411:1311,940.09,35.44,1.11,2.21,0.0
20180411:1411,751.86,30.75,1.33,2.21,0.0
20180411:1511,580.48,24.61,1.38,2.07,0.0
20180411:1611,347.45,17.57,1.19,2.07,0.0
20180411:1711,46.06,10.08,0.81,2.14,0.0
20180411:1811,1.74,2.58,-0.47,2.28,0.0
20180411:1911,0.0,0.0,-1.43,2.34,0.0
20180411:2011,0.0,0.0,-2.07,2.28,0.0
20180411:2111,0.0,0.0,-2.49,2.28,0.0
20180411:2211,0.0,0.0,-2.92,2.41,0.0
20180411:2311,0.0,0.0,-3.17,2.41,0.0
20180412:0011,0.0,0.0,-3.48,2.48,0.0
20180412:0111,0.0,0.0,-3.82,2.55,0.0
20180412:0211,0.0,0.0,-4.1,2.62,0.0
20180412:0311,0.0,0.0,-4.35,2.69,0.0
20180412:0411,0.0,0.0,-4.62,2.76,0.0
20180412:0511,23.47,4.66,-4.84,2.83,0.0
20180412:0611,50.41,12.19,-4.48,2.9,0.0
20180412:0711,70.4,19.62,-2.92,3.03,0.0
20180412:0811,81.7,26.5,-1.06,2.97,0.0
20180412:0911,805.6,32.36,0.08,3.03,0.0
20180412:1011,853.48,36.63,0.62,3.03,0.0
20180412:1111,816.69,38.78,1.14,3.17,0.0
20180412:1211,654.92,38.48,1.59,3.31,0.0
20180412:1311,249.6,35.77,1.89,3.24,0.0
20180412:1411,491.2,31.06,2.01,3.03,0.0
20180412:1511,419.03,24.91,2.04,3.38,0.0
20180412:1611,57.27,17.85,1.85,3.38,0.0
20180412:1711,11.3,10.36,1.48,3.45,0.0
20180412:1811,1.74,2.86,0.12,3.45,0.0
20180412:1911,0.0,0.0,-1.46,3.72,0.0
20180412:2011,0.0,0.0,-2.63,3.72,0.0
20180412:2111,0.0,0.0,-3.25,3.66,0.0
20180412:2211,0.0,0.0,-3.56,3.45,0.0
20180412:2311,0.0,0.0,-3.76,3.45,0.0
20180413:0011,0.0,0.0,-3.85,3.38,0.0
20180413:0111,0.0,0.0,-3.77,3.31,0.0
20180413:0211,0.0,0.0,-3.74,3.31,0.0
20180413:0311,0.0,0.0,-3.33,3.38,0.0
20180413:0411,0.0,0.0,-3.22,3.38,0.0
20180413:0511,8.69,5.01,-3.2,3.38,0.0
20180413:0611,82.57,12.54,-2.15,3.45,0.0
20180413:0711,74.74,19.97,-0.66,3.38,0.0
20180413:0811,192.07,26.86,0.44,3.45,0.0
20180413:0911,323.03,32.73,0.97,3.59,0.0
20180413:1011,126.55,37.0,1.56,3.72,0.0
20180413:1111,359.27,39.15,1.91,3.86,0.0
20180413:1211,230.59,38.83,2.17,3.72,0.0
20180413:1311,389.82,36.11,2.47,3.52,0.0
20180413:1411,178.86,31.38,2.72,3.66,0.0
20180413:1511,45.26,25.2,2.74,3.52,0.0
20180413:1611,44.34,18.13,2.65,3.52,0.0
20180413:1711,19.12,10.64,2.5,3.45,0.0
20180413:1811,1.74,3.14,2.17,3.38,0.0
20180413:1911,0.0,0.0,1.12,3.24,0.0
20180413:2011,0.0,0.0,0.32,3.24,0.0
20180413:2111,0.0,0.0,-0.3,3.17,0.0
20180413:2211,0.0,0.0,-0.24,3.17,0.0
20180413:2311,0.0,0.0,-0.39,3.17,0.0
20180414:0011,0.0,0.0,-0.66,3.1,0.0
20180414:0111,0.0,0.0,-0.76,3.1,0.0
20180414:0211,0.0,0.0,-0.76,3.1,0.0
20180414:0311,0.0,0.0,-0.55,3.1,0.0
20180414:0411,0.0,0.0,-0.55,3.03,0.0
20180414:0511,4.35,5.35,-0.64,2.97,0.0
20180414:0611,64.31,12.89,0.36,2.9,0.0
20180414:0711,45.19,20.31,2.21,2.83,0.0
20180414:0811,38.24,27.21,2.45,2.76,0.0
20180414:0911,216.03,33.09,2.81,2.69,0.0
20180414:1011,102.54,37.37,3.37,2.55,0.0
20180414:1111,82.21,39.51,4.06,2.48,0.0
20180414:1211,59.12,39.18,4.64,2.41,0.0
20180414:1311,467.7,36.44,4.96,2.34,0.0
20180414:1411,786.63,31.69,5.04,2.21,0.0
20180414:1511,582.72,25.49,4.8,2.14,0.0
20180414:1611,352.42,18.41,4.26,2.07,0.0
20180414:1711,56.49,10.92,3.75,2.07,0.0
20180414:1811,9.56,3.42,3.36,2.07,0.0
20180414:1911,0.0,0.0,2.87,2.14,0.0
20180414:2011,0.0,0.0,2.08,2.14,0.0
20180414:2111,0.0,0.0,1.67,2.14,0.0
20180414:2211,0.0,0.0,1.43,2.14,0.0
20180414:2311,0.0,0.0,1.32,2.07,0.0
20180415:0011,0.0,0.0,1.37,2.0,0.0
20180415:0111,0.0,0.0,2.0,1.93,0.0
20180415:0211,0.0,0.0,2.04,1.86,0.0
20180415:0311,0.0,0.0,1.88,1.86,0.0
20180415:0411,0.0,0.0,1.59,1.86,0.0
20180415:0511,31.29,5.7,1.58,1.86,0.0
20180415:0611,56.49,13.23,1.57,1.79,0.0
20180415:0711,100.82,20.66,2.99,1.79,0.0
20180415:0811,129.5,27.56,3.39,1.66,0.0
20180415:0911,794.32,33.45,3.75,1.66,0.0
20180415:1011,861.97,37.73,4.41,1.59,0.0
20180415:1111,1006.56,39.87,4.95,1.52,0.0
20180415:1211,424.02,39.53,5.41,1.45,0.0
20180415:1311,753.4,36.77,5.52,1.38,0.0
20180415:1411,295.25,32.0,5.42,1.38,0.0
20180415:1511,55.42,25.78,5.12,1.52,0.0
20180415:1611,235.97,18.69,4.67,1.59,0.0
20180415:1711,12.17,11.19,4.16,1.66,0.0
20180415:1811,3.48,3.7,3.75,1.66,0.0
20180415:1911,0.0,0.0,3.07,1.59,0.0
20180415:2011,0.0,0.0,2.04,1.66,0.0
20180415:2111,0.0,0.0,1.18,1.72,0.0
20180415:2211,0.0,0.0,0.6,1.72,0.0
20180415:2311,0.0,0.0,0.41,1.66,0.0
20180416:0011,0.0,0.0,0.31,1.66,0.0
20180416:0111,0.0,0.0,0.45,1.79,0.0
20180416:0211,0.0,0.0,0.84,1.79,0.0
20180416:0311,0.0,0.0,1.14,1.66,0.0
20180416:0411,0.0,0.0,1.59,1.59,0.0
20180416:0511,5.21,6.04,1.74,1.52,0.0
20180416:0611,55.62,13.57,2.18,1.52,0.0
20180416:0711,64.31,21.0,1.75,1.52,0.0
20180416:0811,79.96,27.91,1.78,1.45,0.0
20180416:0911,46.19,33.8,1.93,1.38,0.0
20180416:1011,349.6,38.09,2.34,1.31,0.0
20180416:1111,304.22,40.23,2.59,1.24,0.0
20180416:1211,467.28,39.88,2.4,1.17,0.0
20180416:1311,188.27,37.1,2.51,1.17,0.0
20180416:1411,188.74,32.3,2.27,1.17,0.0
20180416:1511,375.85,26.07,2.2,1.1,0.0
20180416:1611,313.57,18.97,2.06,1.03,0.0
20180416:1711,60.84,11.47,1.95,1.03,0.0
20180416:1811,15.64,3.98,1.55,1.1,0.0
20180416:1911,0.0,0.0,1.35,1.17,0.0
20180416:2011,0.0,0.0,1.12,1.17,0.0
20180416:2111,0.0,0.0,0.97,1.17,0.0
20180416:2211,0.0,0.0,0.91,1.17,0.0
20180416:2311,0.0,0.0,0.83,1.17,0.0
20180417:0011,0.0,0.0,0.86,1.1,0.0
20180417:0111,0.0,0.0,0.84,1.03,0.0
20180417:0211,0.0,0.0,0.8,1.1,0.0
20180417:0311,0.0,0.0,0.76,0.97,0.0
20180417:0411,0.0,0.0,0.44,1.03,0.0
20180417:0511,11.3,6.37,0.77,1.03,0.0
20180417:0611,68.66,13.9,1.05,1.03,0.0
20180417:0711,150.36,21.34,1.52,1.1,0.0
20180417:0811,181.64,28.26,2.2,0.97,0.0
20180417:0911,419.83,34.15,2.86,1.03,0.0
20180417:1011,540.78,38.45,3.27,1.03,0.0
20180417:1111,423.56,40.59,3.66,1.31,0.0
20180417:1211,436.75,40.23,3.81,1.1,0.0
20180417:1311,206.58,37.42,4.26,1.45,0.0
20180417:1411,218.94,32.6,3.95,1.93,0.0
20180417:1511,35.1,26.36,3.28,2.0,0.0
20180417:1611,97.36,19.25,2.74,1.66,0.0
20180417:1711,48.67,11.74,2.43,1.38,0.0
20180417:1811,2.61,4.26,2.1,1.45,0.0
20180417:1911,0.0,0.0,1.79,1.66,0.0
20180417:2011,0.0,0.0,1.45,1.52,0.0
20180417:2111,0.0,0.0,1.37,1.45,0.0
20180417:2211,0.0,0.0,1.27,1.31,0.0
20180417:2311,0.0,0.0,1.36,1.24,0.0
20180418:0011,0.0,0.0,1.54,1.17,0.0
20180418:0111,0.0,0.0,1.5,1.38,0.0
20180418:0211,0.0,0.0,1.61,1.52,0.0
20180418:0311,0.0,0.0,1.68,1.52,0.0
20180418:0411,0.0,0.0,1.86,1.31,0.0
20180418:0511,19.99,6.7,2.01,1.24,0.0
20180418:0611,65.18,14.23,2.03,1.45,0.0
20180418:0711,107.77,21.67,2.19,1.45,0.0
20180418:0811,161.66,28.6,2.65,1.45,0.0
20180418:0911,255.02,34.5,3.04,1.38,0.0
20180418:1011,240.18,38.81,3.77,2.0,0.0
20180418:1111,437.24,40.94,4.34,2.28,0.0
20180418:1211,433.2,40.57,4.72,2.21,0.0
20180418:1311,348.89,37.74,4.9,2.07,0.0
20180418:1411,227.91,32.91,4.96,2.14,0.0
20180418:1511,247.47,26.64,4.78,2.21,0.0
20180418:1611,189.72,19.52,4.4,1.86,0.0
20180418:1711,76.48,12.01,4.68,1.17,0.0
20180418:1811,21.73,4.53,5.0,0.76,0.0
20180418:1911,0.0,0.0,4.74,0.55,0.0
20180418:2011,0.0,0.0,3.81,0.41,0.0
20180418:2111,0.0,0.0,3.32,0.28,0.0
20180418:2211,0.0,0.0,2.93,0.48,0.0
20180418:2311,0.0,0.0,2.59,0.62,0.0
20180419:0011,0.0,0.0,2.53,0.62,0.0
20180419:0111,0.0,0.0,2.42,0.62,0.0
20180419:0211,0.0,0.0,2.46,0.62,0.0
20180419:0311,0.0,0.0,2.86,0.55,0.0
20180419:0411,0.0,0.0,3.04,0.62,0.0
20180419:0511,39.98,7.03,3.23,0.69,0.0
20180419:0611,96.47,14.56,3.19,0.76,0.0
20180419:0711,151.23,22.0,3.95,0.97,0.0
20180419:0811,90.39,28.93,4.46,0.9,0.0
20180419:0911,733.24,34.85,5.08,0.9,0.0
20180419:1011,589.07,39.16,5.85,0.76,0.0
20180419:1111,1047.86,41.29,6.68,0.62,0.0
20180419:1211,850.22,40.91,7.47,0.62,0.0
20180419:1311,839.76,38.06,8.23,0.9,0.0
20180419:1411,741.33,33.2,8.71,1.17,0.0
20180419:1511,594.53,26.92,8.76,1.45,0.0
20180419:1611,364.63,19.79,8.61,1.59,0.0
20180419:1711,54.75,12.28,8.24,1.59,0.0
20180419:1811,24.34,4.8,8.38,1.38,0.0
20180419:1911,0.0,0.0,8.56,2.07,0.0
20180419:2011,0.0,0.0,9.56,1.66,0.0
20180419:2111,0.0,0.0,9.22,1.52,0.0
20180419:2211,0.0,0.0,8.95,1.52,0.0
20180419:2311,0.0,0.0,8.86,1.59,0.0
20180420:0011,0.0,0.0,8.48,1.52,0.0
20180420:0111,0.0,0.0,8.19,1.52,0.0
20180420:0211,0.0,0.0,7.8,1.45,0.0
20180420:0311,0.0,0.0,7.18,1.31,0.0
20180420:0411,0.0,0.0,6.67,1.17,0.0
20180420:0511,25.2,7.36,6.13,1.03,0.0
20180420:0611,97.34,14.88,6.13,1.03,0.0
20180420:0711,135.58,22.33,6.31,0.97,0.0
20180420:0811,114.72,29.27,6.49,1.17,0.0
20180420:0911,196.28,35.19,6.47,1.59,0.0
20180420:1011,103.46,39.51,6.36,2.0,0.0
20180420:1111,57.27,41.64,6.12,2.41,0.0
20180420:1211,212.28,41.24,5.97,2.62,0.0
20180420:1311,348.95,38.38,5.1,2.41,0.0
20180420:1411,81.29,33.5,4.55,2.34,0.0
20180420:1511,36.95,27.2,4.05,2.41,0.0
20180420:1611,346.02,20.06,3.88,2.76,0.0
20180420:1711,66.92,12.55,3.16,2.55,0.0
20180420:1811,26.07,5.07,2.31,2.41,0.0
20180420:1911,0.0,0.0,1.52,2.34,0.0
20180420:2011,0.0,0.0,1.06,2.55,0.0
20180420:2111,0.0,0.0,0.37,2.62,0.0
20180420:2211,0.0,0.0,-0.34,2.48,0.0
20180420:2311,0.0,0.0,-0.23,2.55,0.0
20180421:0011,0.0,0.0,-0.22,2.41,0.0
20180421:0111,0.0,0.0,-0.47,2.07,0.0
20180421:0211,0.0,0.0,-0.64,2.0,0.0
20180421:0311,0.0,0.0,-0.68,2.07,0.0
20180421:0411,0.0,0.0,-0.74,2.07,0.0
20180421:0511,26.07,7.68,-0.68,2.14,0.0
20180421:0611,61.71,15.2,-0.09,2.14,0.0
20180421:0711,160.79,22.65,0.39,2.76,0.0
20180421:0811,143.4,29.6,0.67,2.97,0.0
20180421:0911,745.09,35.53,0.9,2.83,0.0
20180421:1011,585.2,39.85,1.19,2.55,0.0
20180421:1111,1081.94,41.98,1.67,2.48,0.0
20180421:1211,795.95,41.57,1.96,2.48,0.0
20180421:1311,745.05,38.69,2.21,2.41,0.0
20180421:1411,708.72,33.79,2.27,2.41,0.0
20180421:1511,596.3,27.48,2.21,2.21,0.0
20180421:1611,382.24,20.33,1.94,1.93,0.0
20180421:1711,53.89,12.81,1.56,1.79,0.0
20180421:1811,28.68,5.34,0.97,1.59,0.0
20180421:1911,0.0,0.0,0.51,1.17,0.0
20180421:2011,0.0,0.0,0.46,0.62,0.0
20180421:2111,0.0,0.0,-0.17,0.34,0.0
20180421:2211,0.0,0.0,-0.9,0.69,0.0
20180421:2311,0.0,0.0,-1.62,0.83,0.0
20180422:0011,0.0,0.0,-2.45,0.97,0.0
20180422:0111,0.0,0.0,-4.25,1.03,0.0
20180422:0211,0.0,0.0,-4.85,1.03,0.0
20180422:0311,0.0,0.0,-5.25,1.24,0.0
20180422:0411,0.0,0.0,-5.21,1.38,0.0
20180422:0511,40.85,8.0,-5.38,1.52,0.0
20180422:0611,71.27,15.52,-4.2,1.52,0.0
20180422:0711,79.96,22.97,-1.07,1.66,0.0
20180422:0811,126.02,29.92,0.78,1.66,0.0
20180422:0911,800.07,35.86,2.13,1.59,0.0
20180422:1011,999.8,40.19,3.29,1.59,0.0
20180422:1111,273.8,42.32,3.99,1.52,0.0
20180422:1211,208.56,41.9,3.86,1.45,0.0
20180422:1311,101.61,39.0,3.52,1.79,0.0
20180422:1411,215.47,34.08,3.83,1.72,0.0
20180422:1511,81.29,27.76,3.26,1.86,0.0
20180422:1611,48.03,20.59,2.68,1.86,0.0
20180422:1711,31.29,13.07,2.22,1.93,0.0
20180422:1811,4.35,5.61,1.86,2.07,0.0
20180422:1911,0.0,0.0,1.66,2.07,0.0
20180422:2011,0.0,0.0,1.51,2.14,0.0
20180422:2111,0.0,0.0,1.45,2.34,0.0
20180422:2211,0.0,0.0,1.29,2.41,0.0
20180422:2311,0.0,0.0,1.1,2.34,0.0
20180423:0011,0.0,0.0,0.97,2.21,0.0
20180423:0111,0.0,0.0,0.97,1.93,0.0
20180423:0211,0.0,0.0,0.87,1.66,0.0
20180423:0311,0.0,0.0,0.78,1.52,0.0
20180423:0411,0.0,0.0,0.73,1.45,0.0
20180423:0511,7.82,8.31,0.67,1.24,0.0
20180423:0611,100.82,15.83,0.65,1.03,0.0
20180423:0711,143.4,23.29,0.99,1.24,0.0
20180423:0811,204.24,30.24,1.5,2.07,0.0
20180423:0911,318.52,36.19,1.6,2.55,0.0
20180423:1011,250.04,40.53,1.78,2.55,0.0
20180423:1111,263.85,42.66,1.96,2.69,0.0
20180423:1211,77.59,42.23,1.96,2.41,0.0
20180423:1311,352.43,39.31,1.65,2.0,0.0
20180423:1411,76.67,34.37,1.39,2.14,0.0
20180423:1511,125.63,28.03,1.1,2.21,0.0
20180423:1611,35.1,20.86,0.88,2.28,0.0
20180423:1711,19.12,13.33,0.53,2.55,0.0
20180423:1811,5.21,5.87,0.13,2.48,0.0
20180423:1911,0.0,0.0,-0.19,2.83,0.0
20180423:2011,0.0,0.0,-0.46,2.69,0.0
20180423:2111,0.0,0.0,-0.62,2.76,0.0
20180423:2211,0.0,0.0,-0.73,2.41,0.0
20180423:2311,0.0,0.0,-0.43,2.83,0.0
20180424:0011,0.0,0.0,-0.26,2.28,0.0
20180424:0111,0.0,0.0,-0.13,2.07,0.0
20180424:0211,0.0,0.0,-0.12,1.79,0.0
20180424:0311,0.0,0.0,-0.14,1.31,0.0
20180424:0411,0.0,0.0,0.0,1.24,0.0
20180424:0511,23.47,8.62,-0.01,1.1,0.0
20180424:0611,90.39,16.14,0.07,1.17,0.0
20180424:0711,167.74,23.6,0.27,1.52,0.0
20180424:0811,216.41,30.56,0.39,1.66,0.0
20180424:0911,398.57,36.52,0.51,1.72,0.0
20180424:1011,309.47,40.86,0.62,2.14,0.0
20180424:1111,306.75,42.99,0.59,2.34,0.0
20180424:1211,202.3,42.55,0.7,2.48,0.0
20180424:1311,202.97,39.62,0.83,2.83,0.0
20180424:1411,96.99,34.66,0.47,2.69,0.0
20180424:1511,127.48,28.3,0.4,2.55,0.0
20180424:1611,120.65,21.12,0.43,2.69,0.0
20180424:1711,25.2,13.59,0.02,2.14,0.0
20180424:1811,5.21,6.14,0.0,2.07,0.0
20180424:1911,0.0,0.0,-0.71,2.07,0.0
20180424:2011,0.0,0.0,-1.2,2.0,0.0
20180424:2111,0.0,0.0,-1.7,1.86,0.0
20180424:2211,0.0,0.0,-1.92,1.72,0.0
20180424:2311,0.0,0.0,-1.86,1.72,0.0
20180425:0011,0.0,0.0,-2.15,1.66,0.0
20180425:0111,0.0,0.0,-2.51,1.72,0.0
20180425:0211,0.0,0.0,-2.54,1.66,0.0
20180425:0311,0.0,0.0,-2.78,1.59,0.0
20180425:0411,0.87,1.72,-2.82,1.59,0.0
20180425:0511,23.47,8.92,-2.41,1.45,0.0
20180425:0611,110.38,16.44,-2.02,1.31,0.0
20180425:0711,172.08,23.9,-0.98,1.86,0.0
20180425:0811,225.1,30.87,-0.49,2.0,0.0
20180425:0911,267.11,36.84,0.06,1.86,0.0
20180425:1011,445.3,41.19,0.35,2.21,0.0
20180425:1111,393.21,43.32,0.42,2.41,0.0
20180425:1211,258.54,42.87,0.3,2.28,0.0
20180425:1311,352.96,39.92,0.26,2.41,0.0
20180425:1411,176.1,34.94,0.3,2.14,0.0
20180425:1511,327.79,28.57,-0.04,2.41,0.0
20180425:1611,116.0,21.38,-0.1,2.28,0.0
20180425:1711,32.16,13.85,-0.1,2.0,0.0
20180425:1811,5.21,6.4,-0.49,1.59,0.0
20180425:1911,0.0,0.0,-1.46,1.52,0.0
20180425:2011,0.0,0.0,-1.97,1.52,0.0
20180425:2111,0.0,0.0,-2.28,1.38,0.0
20180425:2211,0.0,0.0,-2.2,1.1,0.0
20180425:2311,0.0,0.0,-2.31,1.03,0.0
20180426:0011,0.0,0.0,-2.4,1.03,0.0
20180426:0111,0.0,0.0,-2.67,0.9,0.0
20180426:0211,0.0,0.0,-2.69,0.62,0.0
20180426:0311,0.0,0.0,-2.82,0.34,0.0
20180426:0411,0.87,2.03,-3.15,0.14,0.0
20180426:0511,22.6,9.22,-3.2,0.28,0.0
20180426:0611,111.25,16.74,-3.27,0.48,0.0
20180426:0711,171.22,24.21,-3.09,0.9,0.0
20180426:0811,226.84,31.18,-2.0,0.76,0.0
20180426:0911,445.71,37.16,-0.97,0.48,0.0
20180426:1011,522.94,41.52,-0.08,0.55,0.0
20180426:1111,259.43,43.65,0.64,0.69,0.0
20180426:1211,187.52,43.19,1.06,1.17,0.0
20180426:1311,100.69,40.22,1.02,1.72,0.0
20180426:1411,162.58,35.22,0.54,2.34,0.0
20180426:1511,197.56,28.83,0.36,2.34,0.0
20180426:1611,247.56,21.63,0.32,2.41,0.0
20180426:1711,91.26,14.11,-0.04,1.45,0.0
20180426:1811,35.63,6.66,-0.63,1.1,0.0
20180426:1911,0.0,0.0,-0.9,1.03,0.0
20180426:2011,0.0,0.0,-1.18,0.83,0.0
20180426:2111,0.0,0.0,-1.15,0.83,0.0
20180426:2211,0.0,0.0,-1.31,0.69,0.0
20180426:2311,0.0,0.0,-1.68,0.83,0.0
20180427:0011,0.0,0.0,-1.93,0.97,0.0
20180427:0111,0.0,0.0,-1.97,1.03,0.0
20180427:0211,0.0,0.0,-1.99,1.03,0.0
20180427:0311,0.0,0.0,-2.06,1.1,0.0
20180427:0411,0.87,2.33,-2.04,1.17,0.0
20180427:0511,48.67,9.52,-1.85,1.31,0.0
20180427:0611,118.2,17.04,-1.16,1.52,0.0
20180427:0711,171.22,24.5,-0.91,1.72,0.0
20180427:0811,144.27,31.49,-0.43,2.0,0.0
20180427:0911,711.18,37.47,0.02,1.93,0.0
20180427:1011,399.2,41.84,0.38,2.14,0.0
20180427:1111,570.0,43.97,0.74,2.14,0.0
20180427:1211,530.59,43.5,0.79,2.14,0.0
20180427:1311,823.6,40.51,0.61,2.28,0.0
20180427:1411,231.51,35.5,0.76,2.0,0.0
20180427:1511,512.34,29.09,0.76,2.07,0.0
20180427:1611,398.92,21.89,0.53,1.72,0.0
20180427:1711,68.66,14.36,0.32,1.52,0.0
20180427:1811,6.08,6.91,-0.35,1.17,0.0
20180427:1911,0.0,0.0,-0.99,0.97,0.0
20180427:2011,0.0,0.0,-0.83,0.83,0.0
20180427:2111,0.0,0.0,-1.08,0.62,0.0
20180427:2211,0.0,0.0,-1.27,0.62,0.0
20180427:2311,0.0,0.0,-1.46,0.41,0.0
20180428:0011,0.0,0.0,-1.66,0.28,0.0
20180428:0111,0.0,0.0,-1.94,0.28,0.0
20180428:0211,0.0,0.0,-2.18,0.28,0.0
20180428:0311,0.0,0.0,-2.28,0.41,0.0
20180428:0411,1.74,2.62,-2.48,0.41,0.0
20180428:0511,62.58,9.81,-2.18,0.62,0.0
20180428:0611,65.18,17.33,-1.95,0.76,0.0
20180428:0711,79.96,24.8,-1.5,0.62,0.0
20180428:0811,88.65,31.79,-1.37,0.9,0.0
20180428:0911,849.13,37.78,-0.98,0.97,0.0
20180428:1011,646.37,42.15,-0.17,0.83,0.0
20180428:1111,766.51,44.29,0.39,0.9,0.0
20180428:1211,1001.99,43.81,0.78,1.03,0.0
20180428:1311,1008.16,40.8,0.98,1.17,0.0
20180428:1411,851.87,35.77,1.11,1.24,0.0
20180428:1511,642.96,29.35,1.16,1.31,0.0
20180428:1611,406.06,22.14,1.18,1.24,0.0
20180428:1711,58.23,14.61,0.9,1.03,0.0
20180428:1811,32.16,7.17,0.24,0.9,0.0
20180428:1911,0.0,0.0,-0.08,0.76,0.0
20180428:2011,0.0,0.0,-1.03,0.62,0.0
20180428:2111,0.0,0.0,-1.85,0.69,0.0
20180428:2211,0.0,0.0,-2.54,0.76,0.0
20180428:2311,0.0,0.0,-3.09,0.69,0.0
20180429:0011,0.0,0.0,-3.63,0.83,0.0
20180429:0111,0.0,0.0,-3.94,0.9,0.0
20180429:0211,0.0,0.0,-4.34,1.03,0.0
20180429:0311,0.0,0.0,-4.9,1.1,0.0
20180429:0411,7.82,2.92,-6.22,1.17,0.0
20180429:0511,42.59,10.1,-6.27,1.31,0.0
20180429:0611,65.18,17.62,-5.84,1.38,0.0
20180429:0711,79.09,25.09,-4.98,1.45,0.0
20180429:0811,87.78,32.08,-3.94,1.38,0.0
20180429:0911,905.22,38.08,-2.71,0.97,0.0
20180429:1011,1065.71,42.47,-1.56,0.83,0.0
20180429:1111,1012.0,44.6,-0.86,0.69,0.0
20180429:1211,1001.8,44.12,0.06,0.55,0.0
20180429:1311,994.71,41.09,0.62,0.69,0.0
20180429:1411,861.21,36.04,1.01,0.97,0.0
20180429:1511,654.61,29.61,1.33,1.03,0.0
20180429:1611,415.3,22.39,1.45,0.9,0.0
20180429:1711,57.36,14.86,1.24,0.55,0.0
20180429:1811,44.32,7.42,0.52,0.69,0.0
20180429:1911,0.0,0.0,0.59,0.69,0.0
20180429:2011,0.0,0.0,-0.59,1.03,0.0
20180429:2111,0.0,0.0,-1.76,1.24,0.0
20180429:2211,0.0,0.0,-2.73,1.31,0.0
20180429:2311,0.0,0.0,-3.89,1.45,0.0
20180430:0011,0.0,0.0,-4.72,1.59,0.0
20180430:0111,0.0,0.0,-5.32,1.59,0.0
20180430:0211,0.0,0.0,-5.98,1.66,0.0
20180430:0311,0.0,0.0,-6.06,1.72,0.0
20180430:0411,5.21,3.2,-5.71,1.72,0.0
20180430:0511,47.8,10.38,-4.67,1.79,0.0
20180430:0611,72.14,17.9,-2.2,1.72,0.0
20180430:0711,81.7,25.37,-0.55,1.72,0.0
20180430:0811,700.03,32.37,0.64,1.93,0.0
20180430:0911,887.81,38.38,1.69,2.14,0.0
20180430:1011,976.45,42.77,2.57,2.14,0.0
20180430:1111,1069.99,44.91,3.23,2.34,0.0
20180430:1211,1082.28,44.42,3.77,2.41,0.0
20180430:1311,886.6,41.38,3.85,2.34,0.0
20180430:1411,749.83,36.31,3.79,2.83,0.0
20180430:1511,297.72,29.87,3.54,3.17,0.0
20180430:1611,92.37,22.63,3.07,3.17,0.0
20180430:1711,55.62,15.1,2.45,2.9,0.0
20180430:1811,13.04,7.67,1.89,2.9,0.0
20180430:1911,0.0,0.0,1.87,3.38,0.0
20180430:2011,0.0,0.0,1.77,3.52,0.0
20180430:2111,0.0,0.0,1.68,3.79,0.0
20180430:2211,0.0,0.0,1.53,4.07,0.0
20180430:2311,0.0,0.0,1.27,4.21,0.0
20180501:0011,0.0,0.0,0.88,4.34,0.0
20180501:0111,0.0,0.0,0.16,4.21,0.0
20180501:0211,0.0,0.0,-0.29,4.21,0.0
20180501:0311,0.0,0.0,-0.64,4.21,0.0
20180501:0411,2.61,3.49,-0.95,4.14,0.0
20180501:0511,11.3,10.66,-1.11,3.03,0.0
20180501:0611,20.86,18.17,-1.07,3.52,0.0
20180501:0711,61.71,25.65,-0.58,3.72,0.0
20180501:0811,133.02,32.66,-0.42,3.31,0.0
20180501:0911,145.03,38.68,-0.29,2.69,0.0
20180501:1011,165.35,43.08,-0.09,2.62,0.0
20180501:1111,221.42,45.22,0.14,2.28,0.0
20180501:1211,207.84,44.72,0.51,2.14,0.0
20180501:1311,252.29,41.66,0.96,1.86,0.0
20180501:1411,87.76,36.58,1.21,1.59,0.0
20180501:1511,89.6,30.12,1.31,1.31,0.0
20180501:1611,136.63,22.88,1.33,1.17,0.0
20180501:1711,47.8,15.34,1.08,0.83,0.0
20180501:1811,6.95,7.92,0.98,0.76,0.0
20180501:1911,0.0,0.0,0.62,0.62,0.0
20180501:2011,0.0,0.0,0.28,0.69,0.0
20180501:2111,0.0,0.0,-0.15,0.69,0.0
20180501:2211,0.0,0.0,-0.26,0.83,0.0
20180501:2311,0.0,0.0,-0.17,0.9,0.0
20180502:0011,0.0,0.0,0.01,1.52,0.0
20180502:0111,0.0,0.0,0.37,1.79,0.0
20180502:0211,0.0,0.0,0.39,1.79,0.0
20180502:0311,0.0,0.0,0.07,1.31,0.0
20180502:0411,2.61,3.77,-0.81,1.1,0.0
20180502:0511,52.15,10.93,-1.55,1.1,0.0
20180502:0611,77.35,18.44,-1.44,1.38,0.0
20180502:0711,156.44,25.92,0.11,1.59,0.0
20180502:0811,167.66,32.94,0.64,1.72,0.0
20180502:0911,268.32,38.97,1.42,1.72,0.0
20180502:1011,123.78,43.38,2.02,2.0,0.0
20180502:1111,181.98,45.52,2.43,2.0,0.0
20180502:1211,265.36,45.01,2.79,2.34,0.0
20180502:1311,89.6,41.94,2.86,2.41,0.0
20180502:1411,151.49,36.84,2.88,2.76,0.0
20180502:1511,182.77,30.37,2.68,2.34,0.0
20180502:1611,131.77,23.12,2.31,2.69,0.0
20180502:1711,59.1,15.58,2.02,2.69,0.0
20180502:1811,42.59,8.16,1.84,3.03,0.0
20180502:1911,0.0,0.0,1.79,3.59,0.0
20180502:2011,0.0,0.0,1.31,3.66,0.0
20180502:2111,0.0,0.0,0.48,3.52,0.0
20180502:2211,0.0,0.0,0.21,3.17,0.0
20180502:2311,0.0,0.0,0.21,2.69,0.0
20180503:0011,0.0,0.0,0.53,2.69,0.0
20180503:0111,0.0,0.0,0.6,2.48,0.0
20180503:0211,0.0,0.0,0.7,2.41,0.0
20180503:0311,0.0,0.0,0.68,2.14,0.0
20180503:0411,19.12,4.04,0.6,1.59,0.0
20180503:0511,55.62,11.2,0.44,1.1,0.0
20180503:0611,126.89,18.71,0.3,0.97,0.0
20180503:0711,151.23,26.19,0.23,1.52,0.0
20180503:0811,364.58,33.21,0.01,1.86,0.0
20180503:0911,511.42,39.25,-0.15,2.14,0.0
20180503:1011,515.32,43.67,-0.05,2.14,0.0
20180503:1111,420.21,45.82,-0.22,2.97,0.0
20180503:1211,174.59,45.3,0.17,3.24,0.0
20180503:1311,574.12,42.22,0.2,3.03,0.0
20180503:1411,388.0,37.1,0.0,3.03,0.0
20180503:1511,486.64,30.61,-0.14,2.48,0.0
20180503:1611,359.97,23.36,0.02,2.48,0.0
20180503:1711,65.18,15.82,-0.1,2.21,0.0
20180503:1811,15.64,8.4,-0.72,1.72,0.0
20180503:1911,0.0,0.0,-1.58,1.93,0.0
20180503:2011,0.0,0.0,-1.95,1.59,0.0
20180503:2111,0.0,0.0,-1.86,1.52,0.0
20180503:2211,0.0,0.0,-1.73,1.38,0.0
20180503:2311,0.0,0.0,-1.63,1.1,0.0
20180504:0011,0.0,0.0,-1.5,0.76,0.0
20180504:0111,0.0,0.0,-1.67,0.48,0.0
20180504:0211,0.0,0.0,-1.92,0.55,0.0
20180504:0311,0.0,0.0,-1.91,0.69,0.0
20180504:0411,3.48,4.31,-1.5,0.76,0.0
20180504:0511,32.16,11.47,-1.18,0.76,0.0
20180504:0611,71.27,18.97,-0.53,0.9,0.0
20180504:0711,93.0,26.45,0.1,1.45,0.0
20180504:0811,133.02,33.48,0.62,1.52,0.0
20180504:0911,116.39,39.53,0.86,1.52,0.0
20180504:1011,124.71,43.96,1.08,1.45,0.0
20180504:1111,193.99,46.11,1.39,1.38,0.0
20180504:1211,187.52,45.58,1.55,1.66,0.0
20180504:1311,203.8,42.49,1.66,1.66,0.0
20180504:1411,90.53,37.35,1.74,1.93,0.0
20180504:1511,141.33,30.86,1.89,1.79,0.0
20180504:1611,125.98,23.6,1.72,1.31,0.0
20180504:1711,44.32,16.06,1.67,1.17,0.0
20180504:1811,13.04,8.64,1.68,1.31,0.0
20180504:1911,0.87,1.71,1.53,1.1,0.0
20180504:2011,0.0,0.0,1.64,1.1,0.0
20180504:2111,0.0,0.0,1.72,1.1,0.0
20180504:2211,0.0,0.0,1.65,1.17,0.0
20180504:2311,0.0,0.0,1.77,1.03,0.0
20180505:0011,0.0,0.0,1.98,0.83,0.0
20180505:0111,0.0,0.0,2.17,0.69,0.0
20180505:0211,0.0,0.0,2.29,0.55,0.0
20180505:0311,0.0,0.0,2.34,0.41,0.0
20180505:0411,4.35,4.57,2.4,0.34,0.0
20180505:0511,21.73,11.72,2.6,0.41,0.0
20180505:0611,59.97,19.23,2.7,0.48,0.0
20180505:0711,86.91,26.71,3.17,0.76,0.0
20180505:0811,178.25,33.75,3.42,0.9,0.0
20180505:0911,147.8,39.81,4.03,0.83,0.0
20180505:1011,135.79,44.24,4.43,0.9,0.0
20180505:1111,153.34,46.4,4.68,1.03,0.0
20180505:1211,210.61,45.87,4.91,1.1,0.0
20180505:1311,165.35,42.75,5.2,1.17,0.0
20180505:1411,102.54,37.61,5.42,1.31,0.0
20180505:1511,79.44,31.1,5.54,1.45,0.0
20180505:1611,127.82,23.83,5.09,1.72,0.0
20180505:1711,40.85,16.29,4.74,2.0,0.0
20180505:1811,8.69,8.88,4.34,2.34,0.0
20180505:1911,0.87,1.96,4.78,2.14,0.0
20180505:2011,0.0,0.0,4.46,2.21,0.0
20180505:2111,0.0,0.0,3.98,2.34,0.0
20180505:2211,0.0,0.0,3.89,2.21,0.0
20180505:2311,0.0,0.0,3.62,2.34,0.0
20180506:0011,0.0,0.0,3.41,2.76,0.0
20180506:0111,0.0,0.0,3.29,2.69,0.0
20180506:0211,0.0,0.0,3.06,2.48,0.0
20180506:0311,0.0,0.0,2.82,2.21,0.0
20180506:0411,3.48,4.83,2.71,2.0,0.0
20180506:0511,26.94,11.98,2.75,1.79,0.0
20180506:0611,73.01,19.48,2.85,1.59,0.0
20180506:0711,60.84,26.97,3.31,1.17,0.0
20180506:0811,133.94,34.01,3.43,1.1,0.0
20180506:0911,201.91,40.08,3.73,1.03,0.0
20180506:1011,136.71,44.52,4.05,1.03,0.0
20180506:1111,182.9,46.68,4.32,1.03,0.0
20180506:1211,138.56,46.14,4.87,1.03,0.0
20180506:1311,148.72,43.02,5.71,0.83,0.0
20180506:1411,107.15,37.85,6.22,0.83,0.0
20180506:1511,156.49,31.33,6.43,0.69,0.0
20180506:1611,91.45,24.06,6.54,0.83,0.0
20180506:1711,79.09,16.52,6.72,0.9,0.0
20180506:1811,35.63,9.11,6.7,0.9,0.0
20180506:1911,0.87,2.2,6.7,1.03,0.0
20180506:2011,0.0,0.0,5.98,1.17,0.0
20180506:2111,0.0,0.0,5.4,1.1,0.0
20180506:2211,0.0,0.0,4.72,1.03,0.0
20180506:2311,0.0,0.0,4.34,1.1,0.0
20180507:0011,0.0,0.0,3.89,1.24,0.0
20180507:0111,0.0,0.0,3.89,1.24,0.0
20180507:0211,0.0,0.0,3.24,1.17,0.0
20180507:0311,0.0,0.0,2.7,1.1,0.0
20180507:0411,4.35,5.08,3.76,1.1,0.0
20180507:0511,45.19,12.23,4.77,1.45,0.0
20180507:0611,111.25,19.73,4.61,1.59,0.0
20180507:0711,176.43,27.21,5.9,1.03,0.0
20180507:0811,445.52,34.26,6.04,0.76,0.0
20180507:0911,749.89,40.34,6.19,0.55,0.0
20180507:1011,701.14,44.8,6.49,0.55,0.0
20180507:1111,973.39,46.96,6.93,0.41,0.0
20180507:1211,1067.75,46.42,7.29,0.28,0.0
20180507:1311,744.89,43.28,7.58,0.14,0.0
20180507:1411,813.19,38.1,7.66,0.34,0.0
20180507:1511,633.06,31.57,7.45,0.34,0.0
20180507:1611,246.57,24.29,7.26,0.48,0.0
20180507:1711,108.64,16.75,7.14,0.62,0.0
20180507:1811,40.85,9.35,6.82,0.76,0.0
20180507:1911,0.87,2.44,6.75,1.03,0.0
20180507:2011,0.0,0.0,5.93,1.17,0.0
20180507:2111,0.0,0.0,5.02,1.31,0.0
20180507:2211,0.0,0.0,4.38,1.38,0.0
20180507:2311,0.0,0.0,3.77,1.45,0.0
20180508:0011,0.0,0.0,3.72,1.45,0.0
20180508:0111,0.0,0.0,3.95,1.45,0.0
20180508:0211,0.0,0.0,3.96,1.45,0.0
20180508:0311,0.0,0.0,3.9,1.52,0.0
20180508:0411,5.21,5.33,3.82,1.52,0.0
20180508:0511,79.96,12.47,3.44,1.59,0.0
20180508:0611,123.41,19.97,3.44,1.59,0.0
20180508:0711,81.7,27.46,3.43,1.66,0.0
20180508:0811,716.4,34.51,4.64,1.59,0.0
20180508:0911,873.63,40.6,6.11,1.59,0.0
20180508:1011,1026.09,45.07,7.3,1.66,0.0
20180508:1111,1031.52,47.23,8.46,1.66,0.0
20180508:1211,1017.67,46.69,9.4,1.66,0.0
20180508:1311,922.56,43.54,10.12,1.72,0.0
20180508:1411,803.95,38.34,10.71,1.86,0.0
20180508:1511,613.62,31.8,10.66,2.14,0.0
20180508:1611,415.06,24.51,10.07,2.55,0.0
20180508:1711,71.27,16.97,9.19,2.9,0.0
20180508:1811,46.06,9.57,8.33,3.1,0.0
20180508:1911,3.48,2.68,7.84,2.97,0.0
20180508:2011,0.0,0.0,7.97,2.55,0.0
20180508:2111,0.0,0.0,8.8,2.07,0.0
20180508:2211,0.0,0.0,8.51,1.86,0.0
20180508:2311,0.0,0.0,7.28,1.79,0.0
20180509:0011,0.0,0.0,5.99,1.86,0.0
20180509:0111,0.0,0.0,4.91,1.86,0.0
20180509:0211,0.0,0.0,3.59,1.93,0.0
20180509:0311,0.0,0.0,2.71,2.0,0.0
20180509:0411,20.86,5.57,2.22,2.14,0.0
20180509:0511,63.45,12.7,2.24,2.21,0.0
20180509:0611,68.66,20.2,3.6,2.21,0.0
20180509:0711,79.09,27.7,4.7,2.41,0.0
20180509:0811,721.5,34.76,6.06,2.41,0.0
20180509:0911,901.44,40.85,7.57,2.55,0.0
20180509:1011,924.73,45.33,8.92,2.62,0.0
20180509:1111,992.0,47.5,10.18,4.34,0.0
20180509:1211,1014.61,46.95,10.94,4.69,0.0
20180509:1311,839.44,43.79,10.7,4.48,0.0
20180509:1411,532.3,38.58,10.09,4.0,0.0
20180509:1511,383.96,32.03,9.7,4.14,0.0
20180509:1611,195.79,24.74,9.41,4.34,0.0
20180509:1711,65.18,17.19,8.68,3.93,0.0
20180509:1811,59.1,9.8,8.01,3.86,0.0
20180509:1911,1.74,2.91,7.82,3.52,0.0
20180509:2011,0.0,0.0,7.58,2.97,0.0
20180509:2111,0.0,0.0,8.03,2.41,0.0
20180509:2211,0.0,0.0,8.46,2.07,0.0
20180509:2311,0.0,0.0,7.45,2.07,0.0
20180510:0011,0.0,0.0,6.52,2.14,0.0
20180510:0111,0.0,0.0,5.66,2.21,0.0
20180510:0211,0.0,0.0,5.31,2.21,0.0
20180510:0311,0.0,0.0,4.77,2.28,0.0
20180510:0411,13.04,5.81,4.34,2.34,0.0
20180510:0511,40.85,12.94,4.74,2.14,0.0
20180510:0611,59.1,20.43,5.26,2.14,0.0
20180510:0711,77.35,27.93,5.51,2.69,0.0
20180510:0811,195.24,35.0,6.12,2.62,0.0
20180510:0911,252.74,41.1,6.73,2.83,0.0
20180510:1011,417.23,45.59,7.38,2.9,0.0
20180510:1111,197.68,47.77,8.3,3.38,0.0
20180510:1211,139.49,47.21,9.03,3.52,0.0
20180510:1311,59.12,44.04,8.35,2.97,0.0
20180510:1411,67.43,38.82,8.07,2.07,0.0
20180510:1511,108.08,32.25,7.49,2.14,0.0
20180510:1611,32.33,24.95,7.95,1.66,0.0
20180510:1711,65.18,17.41,8.47,1.17,0.0
20180510:1811,9.56,10.02,6.63,1.59,0.0
20180510:1911,1.74,3.14,4.14,1.79,0.0
20180510:2011,0.0,0.0,4.12,1.52,0.0
20180510:2111,0.0,0.0,3.47,1.52,0.0
20180510:2211,0.0,0.0,3.22,1.38,0.0
20180510:2311,0.0,0.0,2.62,1.52,0.0
20180511:0011,0.0,0.0,2.36,1.45,0.0
20180511:0111,0.0,0.0,2.09,1.31,0.0
20180511:0211,0.0,0.0,1.93,1.17,0.0
20180511:0311,0.0,0.0,1.57,1.1,0.0
20180511:0411,32.16,6.04,1.14,0.97,0.0
20180511:0511,61.71,13.16,1.34,1.1,0.0
20180511:0611,104.29,20.66,1.47,1.24,0.0
20180511:0711,119.94,28.15,1.95,1.17,0.0
20180511:0811,674.09,35.23,2.62,1.1,0.0
20180511:0911,886.29,41.35,3.48,1.17,0.0
20180511:1011,1020.07,45.84,4.56,1.24,0.0
20180511:1111,1012.57,48.03,5.71,1.24,0.0
20180511:1211,1021.02,47.47,7.01,1.17,0.0
20180511:1311,958.77,44.28,7.79,1.45,0.0
20180511:1411,824.15,39.05,9.37,1.31,0.0
20180511:1511,646.57,32.47,10.85,1.03,0.0
20180511:1611,418.21,25.17,10.97,1.17,0.0
20180511:1711,64.31,17.63,10.9,1.24,0.0
20180511:1811,50.41,10.24,10.44,1.1,0.0
20180511:1911,11.3,3.37,9.62,0.9,0.0
20180511:2011,0.0,0.0,8.47,0.9,0.0
20180511:2111,0.0,0.0,7.62,1.24,0.0
20180511:2211,0.0,0.0,7.22,1.38,0.0
20180511:2311,0.0,0.0,6.91,1.38,0.0
20180512:0011,0.0,0.0,6.38,1.45,0.0
20180512:0111,0.0,0.0,6.39,1.45,0.0
20180512:0211,0.0,0.0,6.54,1.38,0.0
20180512:0311,0.0,0.0,5.75,1.45,0.0
20180512:0411,33.9,6.27,5.71,1.45,0.0
20180512:0511,59.1,13.38,5.52,1.52,0.0
20180512:0611,69.53,20.87,5.69,1.59,0.0
20180512:0711,79.09,28.37,5.22,1.72,0.0
20180512:0811,731.34,35.45,5.32,1.79,0.0
20180512:0911,912.4,41.58,6.6,1.66,0.0
20180512:1011,949.86,46.09,7.79,1.45,0.0
20180512:1111,1057.94,48.28,8.66,1.45,0.0
20180512:1211,988.17,47.72,9.37,1.66,0.0
20180512:1311,764.67,44.52,11.35,1.24,0.0
20180512:1411,755.78,39.27,11.85,0.83,0.0
20180512:1511,566.21,32.69,11.9,0.83,0.0
20180512:1611,364.39,25.38,11.4,0.62,0.0
20180512:1711,83.43,17.84,11.06,0.34,0.0
20180512:1811,52.15,10.46,10.55,0.41,0.0
20180512:1911,6.08,3.59,9.2,0.76,0.0
20180512:2011,0.0,0.0,8.18,0.83,0.0
20180512:2111,0.0,0.0,7.09,1.03,0.0
20180512:2211,0.0,0.0,6.26,1.24,0.0
20180512:2311,0.0,0.0,5.67,1.52,0.0
20180513:0011,0.0,0.0,4.49,1.72,0.0
20180513:0111,0.0,0.0,4.37,1.72,0.0
20180513:0211,0.0,0.0,3.68,1.86,0.0
20180513:0311,0.0,0.0,2.84,2.0,0.0
20180513:0411,33.03,6.49,2.55,2.0,0.0
20180513:0511,82.57,13.6,3.14,1.93,0.0
20180513:0611,116.46,21.09,4.14,2.07,0.0
20180513:0711,192.94,28.59,4.58,2.14,0.0
20180513:0811,160.73,35.68,5.31,2.21,0.0
20180513:0911,477.19,41.81,5.57,2.28,0.0
20180513:1011,790.27,46.33,5.78,2.48,0.0
20180513:1111,240.74,48.53,6.54,2.83,0.0
20180513:1211,147.8,47.96,7.07,2.83,0.0
20180513:1311,432.61,44.76,7.8,3.03,0.0
20180513:1411,490.13,39.5,8.43,3.31,0.0
20180513:1511,389.97,32.9,8.53,3.03,0.0
20180513:1611,335.99,25.59,9.12,2.48,0.0
20180513:1711,92.13,18.05,8.67,2.76,0.0
20180513:1811,63.45,10.67,9.19,2.41,0.0
20180513:1911,9.56,3.81,9.72,2.21,0.0
20180513:2011,0.0,0.0,10.19,1.93,0.0
20180513:2111,0.0,0.0,9.72,1.79,0.0
20180513:2211,0.0,0.0,8.95,1.79,0.0
20180513:2311,0.0,0.0,7.96,1.86,0.0
20180514:0011,0.0,0.0,7.14,1.93,0.0
20180514:0111,0.0,0.0,6.74,2.0,0.0
20180514:0211,0.0,0.0,6.34,2.0,0.0
20180514:0311,0.0,0.0,5.57,2.0,0.0
20180514:0411,6.08,6.7,4.9,2.07,0.0
20180514:0511,73.87,13.81,4.92,2.21,0.0
20180514:0611,71.27,21.29,5.5,2.34,0.0
20180514:0711,81.7,28.8,6.71,2.34,0.0
20180514:0811,712.57,35.89,8.23,2.07,0.0
20180514:0911,901.78,42.04,9.88,2.0,0.0
20180514:1011,983.64,46.57,11.32,1.86,0.0
20180514:1111,1018.55,48.77,11.98,2.07,0.0
20180514:1211,967.55,48.2,12.95,2.07,0.0
20180514:1311,930.2,44.99,13.85,1.93,0.0
20180514:1411,811.11,39.72,15.48,1.59,0.0
20180514:1511,626.23,33.11,15.72,1.17,0.0
20180514:1611,413.9,25.8,15.34,1.1,0.0
20180514:1711,69.53,18.26,14.96,0.9,0.0
20180514:1811,58.23,10.88,14.22,0.69,0.0
20180514:1911,15.64,4.03,13.52,0.76,0.0
20180514:2011,0.0,0.0,12.13,0.9,0.0
20180514:2111,0.0,0.0,10.73,1.1,0.0
20180514:2211,0.0,0.0,9.6,1.31,0.0
20180514:2311,0.0,0.0,8.71,1.38,0.0
20180515:0011,0.0,0.0,8.06,1.45,0.0
20180515:0111,0.0,0.0,7.61,1.52,0.0
20180515:0211,0.0,0.0,7.2,1.59,0.0
20180515:0311,0.0,0.0,6.77,1.59,0.0
20180515:0411,39.11,6.91,6.33,1.66,0.0
20180515:0511,58.23,14.01,6.34,1.52,0.0
20180515:0611,71.27,21.5,7.79,1.45,0.0
20180515:0711,80.83,29.0,10.68,1.38,0.0
20180515:0811,732.8,36.1,12.32,1.1,0.0
20180515:0911,897.83,42.26,13.53,0.76,0.0
20180515:1011,983.34,46.8,14.45,0.69,0.0
20180515:1111,1043.61,49.01,15.15,0.83,0.0
20180515:1211,1008.86,48.44,15.83,1.1,0.0
20180515:1311,942.11,45.21,15.98,1.45,0.0
20180515:1411,807.07,39.93,15.66,1.66,0.0
20180515:1511,615.84,33.32,15.45,1.72,0.0
20180515:1611,405.65,26.0,14.48,1.86,0.0
20180515:1711,72.14,18.46,14.62,1.66,0.0
20180515:1811,57.36,11.09,14.6,1.17,0.0
20180515:1911,8.69,4.24,13.29,0.83,0.0
20180515:2011,0.0,0.0,12.2,0.62,0.0
20180515:2111,0.0,0.0,11.16,0.34,0.0
20180515:2211,0.0,0.0,10.16,0.34,0.0
20180515:2311,0.0,0.0,9.41,0.41,0.0
20180516:0011,0.0,0.0,8.9,0.48,0.0
20180516:0111,0.0,0.0,8.0,0.76,0.0
20180516:0211,0.0,0.0,7.28,0.83,0.0
20180516:0311,0.0,0.0,6.53,0.9,0.0
20180516:0411,11.3,7.11,5.8,1.03,0.0
20180516:0511,93.0,14.21,5.38,1.1,0.0
20180516:0611,147.75,21.69,4.61,1.45,0.0
20180516:0711,195.55,29.2,5.24,1.59,0.0
20180516:0811,449.65,36.3,5.38,1.79,0.0
20180516:0911,612.02,42.47,5.57,2.0,0.0
20180516:1011,616.31,47.03,5.7,2.14,0.0
20180516:1111,574.76,49.24,5.88,2.41,0.0
20180516:1211,658.94,48.67,6.05,2.48,0.0
20180516:1311,562.77,45.44,6.3,2.55,0.0
20180516:1411,529.4,40.15,6.25,2.55,0.0
20180516:1511,551.21,33.53,6.15,2.55,0.0
20180516:1611,353.78,26.2,5.67,2.41,0.0
20180516:1711,99.95,18.66,5.25,2.28,0.0
20180516:1811,54.75,11.29,4.73,2.21,0.0
20180516:1911,18.25,4.45,6.05,1.45,0.0
20180516:2011,0.0,0.0,5.47,1.38,0.0
20180516:2111,0.0,0.0,5.05,1.45,0.0
20180516:2211,0.0,0.0,4.45,1.52,0.0
20180516:2311,0.0,0.0,3.52,1.72,0.0
20180517:0011,0.0,0.0,3.3,1.79,0.0
20180517:0111,0.0,0.0,3.61,1.72,0.0
20180517:0211,0.0,0.0,3.71,1.72,0.0
20180517:0311,0.0,0.0,4.09,1.59,0.0
20180517:0411,41.72,7.31,4.32,1.45,0.0
20180517:0511,56.49,14.4,3.98,1.45,0.0
20180517:0611,69.53,21.88,4.02,1.86,0.0
20180517:0711,79.09,29.39,5.3,1.79,0.0
20180517:0811,749.44,36.5,6.35,1.59,0.0
20180517:0911,929.49,42.68,7.05,1.59,0.0
20180517:1011,1033.16,47.24,7.39,1.79,0.0
20180517:1111,1056.1,49.47,7.53,2.0,0.0
20180517:1211,1048.37,48.9,7.74,2.28,0.0
20180517:1311,984.13,45.65,7.82,2.41,0.0
20180517:1411,838.87,40.35,7.79,2.48,0.0
20180517:1511,663.23,33.73,7.38,2.48,0.0
20180517:1611,432.58,26.4,7.02,2.55,0.0
20180517:1711,69.53,18.85,6.96,2.21,0.0
20180517:1811,57.36,11.49,7.68,1.79,0.0
20180517:1911,21.73,4.65,8.72,1.45,0.0
20180517:2011,0.0,0.0,7.82,1.52,0.0
20180517:2111,0.0,0.0,7.21,1.72,0.0
20180517:2211,0.0,0.0,6.19,1.93,0.0
20180517:2311,0.0,0.0,5.84,1.93,0.0
20180518:0011,0.0,0.0,5.68,1.86,0.0
20180518:0111,0.0,0.0,5.98,1.79,0.0
20180518:0211,0.0,0.0,5.67,1.66,0.0
20180518:0311,0.0,0.0,5.24,1.52,0.0
20180518:0411,43.46,7.5,4.93,1.45,0.0
20180518:0511,66.92,14.59,5.49,1.24,0.0
20180518:0611,73.01,22.07,6.97,1.1,0.0
20180518:0711,132.11,29.58,8.05,0.97,0.0
20180518:0811,745.55,36.69,9.13,0.55,0.0
20180518:0911,779.77,42.88,9.87,1.17,0.0
20180518:1011,1019.47,47.46,8.37,2.0,0.0
20180518:1111,1110.95,49.69,8.92,1.93,0.0
20180518:1211,939.18,49.12,9.05,2.07,0.0
20180518:1311,866.09,45.87,8.86,2.41,0.0
20180518:1411,801.99,40.56,8.64,2.76,0.0
20180518:1511,574.89,33.92,8.57,2.48,0.0
20180518:1611,436.73,26.59,8.38,2.28,0.0
20180518:1711,65.18,19.04,8.03,2.21,0.0
20180518:1811,46.93,11.68,9.31,1.66,0.0
20180518:1911,20.86,4.85,9.49,1.24,0.0
20180518:2011,0.0,0.0,8.65,0.76,0.0
20180518:2111,0.0,0.0,7.75,0.48,0.0
20180518:2211,0.0,0.0,6.9,0.41,0.0
20180518:2311,0.0,0.0,6.13,0.55,0.0
20180519:0011,0.0,0.0,5.53,0.69,0.0
20180519:0111,0.0,0.0,4.94,0.76,0.0
20180519:0211,0.0,0.0,4.5,0.9,0.0
20180519:0311,0.0,0.0,4.1,0.97,0.0
20180519:0411,14.77,7.69,3.87,1.03,0.0
20180519:0511,97.34,14.77,4.6,0.9,0.0
20180519:0611,90.39,22.24,6.76,0.69,0.0
20180519:0711,124.28,29.76,8.28,0.34,0.0
20180519:0811,681.29,36.88,9.47,0.21,0.0
20180519:0911,837.19,43.08,10.55,0.48,0.0
20180519:1011,920.65,47.67,11.52,1.03,0.0
20180519:1111,969.48,49.91,10.93,1.59,0.0
20180519:1211,957.65,49.33,10.59,2.0,0.0
20180519:1311,944.26,46.08,10.26,2.34,0.0
20180519:1411,800.11,40.76,10.06,2.55,0.0
20180519:1511,601.85,34.11,10.0,2.41,0.0
20180519:1611,398.83,26.78,10.16,2.21,0.0
20180519:1711,95.6,19.23,10.52,2.0,0.0
20180519:1811,61.71,11.87,11.63,1.59,0.0
20180519:1911,25.2,5.05,11.22,1.24,0.0
20180519:2011,0.0,0.0,10.27,0.97,0.0
20180519:2111,0.0,0.0,9.38,0.76,0.0
20180519:2211,0.0,0.0,8.64,0.62,0.0
20180519:2311,0.0,0.0,8.01,0.55,0.0
20180520:0011,0.0,0.0,7.52,0.62,0.0
20180520:0111,0.0,0.0,7.06,0.76,0.0
20180520:0211,0.0,0.0,6.92,0.83,0.0
20180520:0311,0.0,0.0,6.87,0.83,0.0
20180520:0411,44.32,7.87,7.03,0.97,0.0
20180520:0511,60.84,14.94,7.46,1.24,0.0
20180520:0611,127.76,22.41,6.42,1.72,0.0
20180520:0711,192.07,29.93,6.52,2.07,0.0
20180520:0811,400.6,37.06,6.48,2.76,0.0
20180520:0911,537.26,43.27,7.64,3.17,0.0
20180520:1011,594.33,47.87,8.51,3.38,0.0
20180520:1111,762.9,50.11,9.24,3.59,0.0
20180520:1211,732.75,49.54,10.01,3.79,0.0
20180520:1311,790.86,46.28,10.33,4.21,0.0
20180520:1411,597.45,40.95,10.12,4.34,0.0
20180520:1511,512.29,34.3,9.5,4.21,0.0
20180520:1611,255.8,26.96,8.21,3.52,0.0
20180520:1711,120.81,19.42,7.21,3.1,0.0
20180520:1811,70.4,12.06,6.77,2.62,0.0
20180520:1911,26.94,5.24,8.49,1.86,0.0
20180520:2011,0.0,0.0,8.53,1.72,0.0
20180520:2111,0.0,0.0,8.85,1.66,0.0
20180520:2211,0.0,0.0,9.05,1.52,0.0
20180520:2311,0.0,0.0,8.77,1.45,0.0
20180521:0011,0.0,0.0,8.56,1.45,0.0
20180521:0111,0.0,0.0,8.42,1.45,0.0
20180521:0211,0.0,0.0,8.26,1.38,0.0
20180521:0311,0.87,1.71,8.08,1.31,0.0
20180521:0411,35.63,8.04,7.96,1.03,0.0
20180521:0511,84.3,15.11,8.18,0.76,0.0
20180521:0611,122.54,22.58,9.07,1.03,0.0
20180521:0711,106.03,30.1,9.7,1.31,0.0
20180521:0811,730.06,37.23,9.51,1.79,0.0
20180521:0911,869.94,43.45,9.84,2.07,0.0
20180521:1011,985.12,48.06,10.01,2.62,0.0
20180521:1111,1038.56,50.32,10.75,2.76,0.0
20180521:1211,1018.17,49.75,11.4,2.69,0.0
20180521:1311,988.7,46.48,11.92,2.55,0.0
20180521:1411,725.28,41.14,12.66,2.34,0.0
20180521:1511,395.54,34.49,13.33,2.21,0.0
20180521:1611,294.16,27.14,14.0,2.0,0.0
20180521:1711,134.71,19.6,15.16,1.52,0.0
20180521:1811,50.41,12.25,14.64,1.03,0.0
20180521:1911,6.95,5.43,13.83,0.76,0.0
20180521:2011,0.0,0.0,12.89,0.55,0.0
20180521:2111,0.0,0.0,11.9,0.28,0.0
20180521:2211,0.0,0.0,11.07,0.14,0.0
20180521:2311,0.0,0.0,10.19,0.41,0.0
20180522:0011,0.0,0.0,9.39,0.48,0.0
20180522:0111,0.0,0.0,8.7,0.41,0.0
20180522:0211,0.0,0.0,8.33,0.41,0.0
20180522:0311,0.87,1.89,8.03,0.41,0.0
20180522:0411,17.38,8.21,7.89,0.48,0.0
20180522:0511,61.71,15.27,7.97,0.62,0.0
20180522:0611,158.18,22.74,8.61,0.76,0.0
20180522:0711,188.6,30.26,9.3,0.76,0.0
20180522:0811,358.59,37.4,10.47,0.76,0.0
20180522:0911,489.86,43.63,11.41,0.97,0.0
20180522:1011,692.23,48.25,11.9,1.17,0.0
20180522:1111,783.78,50.52,12.09,1.45,0.0
20180522:1211,939.12,49.95,12.11,1.52,0.0
20180522:1311,960.34,46.67,12.14,1.66,0.0
20180522:1411,804.03,41.33,12.55,1.59,0.0
20180522:1511,626.75,34.67,12.86,1.59,0.0
20180522:1611,417.25,27.32,12.95,1.66,0.0
20180522:1711,66.05,19.78,12.33,1.72,0.0
20180522:1811,57.36,12.43,12.3,1.59,0.0
20180522:1911,29.55,5.62,12.0,1.1,0.0
20180522:2011,0.0,0.0,11.06,0.83,0.0
20180522:2111,0.0,0.0,9.99,0.76,0.0
20180522:2211,0.0,0.0,9.1,0.76,0.0
20180522:2311,0.0,0.0,8.31,0.83,0.0
20180523:0011,0.0,0.0,7.65,0.97,0.0
20180523:0111,0.0,0.0,7.31,1.03,0.0
20180523:0211,0.0,0.0,6.79,1.17,0.0
20180523:0311,0.87,2.06,6.37,1.24,0.0
20180523:0411,43.46,8.37,6.29,1.38,0.0
20180523:0511,69.53,15.43,7.67,1.1,0.0
20180523:0611,102.56,22.89,10.29,1.03,0.0
20180523:0711,118.2,30.41,12.02,0.69,0.0
20180523:0811,702.87,37.56,13.46,0.69,0.0
20180523:0911,862.07,43.8,14.43,1.1,0.0
20180523:1011,913.56,48.43,14.8,1.59,0.0
20180523:1111,948.59,50.71,14.24,1.86,0.0
20180523:1211,774.76,50.14,13.74,2.14,0.0
20180523:1311,853.37,46.86,13.12,2.34,0.0
20180523:1411,846.22,41.51,12.78,2.48,0.0
20180523:1511,639.73,34.84,12.66,2.41,0.0
20180523:1611,411.5,27.49,13.56,2.0,0.0
20180523:1711,86.04,19.95,14.47,1.59,0.0
20180523:1811,51.28,12.6,14.53,1.24,0.0
20180523:1911,30.42,5.8,13.39,1.1,0.0
20180523:2011,0.0,0.0,12.43,0.76,0.0
20180523:2111,0.0,0.0,11.54,0.21,0.0
20180523:2211,0.0,0.0,10.85,0.69,0.0
20180523:2311,0.0,0.0,9.18,1.17,0.0
20180524:0011,0.0,0.0,7.24,1.38,0.0
20180524:0111,0.0,0.0,6.52,1.45,0.0
20180524:0211,0.0,0.0,6.51,1.45,0.0
20180524:0311,1.74,2.22,7.02,1.45,0.0
20180524:0411,39.11,8.53,7.26,1.52,0.0
20180524:0511,59.1,15.58,8.13,1.24,0.0
20180524:0611,81.7,23.04,10.42,0.9,0.0
20180524:0711,97.34,30.56,11.81,0.83,0.0
20180524:0811,724.86,37.72,13.3,0.9,0.0
20180524:0911,880.87,43.96,14.45,1.17,0.0
20180524:1011,992.16,48.61,15.03,1.52,0.0
20180524:1111,1051.88,50.9,14.82,1.72,0.0
20180524:1211,1038.2,50.33,14.97,1.79,0.0
20180524:1311,999.48,47.05,15.27,1.79,0.0
20180524:1411,843.75,41.69,15.23,1.86,0.0
20180524:1511,656.75,35.01,15.23,1.79,0.0
20180524:1611,425.21,27.66,15.06,1.79,0.0
20180524:1711,86.04,20.12,14.9,1.72,0.0
20180524:1811,58.23,12.77,14.77,1.45,0.0
20180524:1911,32.16,5.97,13.91,1.1,0.0
20180524:2011,0.0,0.0,12.77,0.69,0.0
20180524:2111,0.0,0.0,11.5,0.48,0.0
20180524:2211,0.0,0.0,10.59,0.55,0.0
20180524:2311,0.0,0.0,10.03,0.76,0.0
20180525:0011,0.0,0.0,9.67,0.97,0.0
20180525:0111,0.0,0.0,9.6,1.03,0.0
20180525:0211,0.0,0.0,9.45,1.1,0.0
20180525:0311,1.74,2.38,9.33,1.17,0.0
20180525:0411,42.59,8.68,9.27,1.17,0.0
20180525:0511,60.84,15.72,9.67,1.1,0.0
20180525:0611,86.04,23.18,11.25,0.9,0.0
20180525:0711,97.34,30.71,12.6,0.55,0.0
20180525:0811,695.17,37.86,13.74,0.21,0.0
20180525:0911,896.06,44.12,14.6,0.48,0.0
20180525:1011,984.06,48.78,15.38,0.69,0.0
20180525:1111,1023.04,51.08,16.17,1.03,0.0
20180525:1211,995.05,50.52,16.48,1.52,0.0
20180525:1311,945.09,47.23,14.97,1.93,0.0
20180525:1411,829.24,41.86,13.95,2.28,0.0
20180525:1511,639.54,35.18,13.01,2.55,0.0
20180525:1611,436.25,27.83,13.01,2.48,0.0
20180525:1711,79.09,20.28,13.22,2.34,0.0
20180525:1811,59.1,12.94,15.04,1.86,0.0
20180525:1911,33.9,6.14,15.03,1.24,0.0
20180525:2011,0.0,0.0,13.62,1.24,0.0
20180525:2111,0.0,0.0,11.98,1.24,0.0
20180525:2211,0.0,0.0,10.53,1.38,0.0
20180525:2311,0.0,0.0,9.3,1.52,0.0
20180526:0011,0.0,0.0,8.45,1.66,0.0
20180526:0111,0.0,0.0,7.58,1.72,0.0
20180526:0211,0.0,0.0,6.95,1.79,0.0
20180526:0311,1.74,2.53,6.55,1.79,0.0
20180526:0411,39.98,8.82,6.54,1.72,0.0
20180526:0511,66.05,15.86,7.71,1.59,0.0
20180526:0611,87.78,23.32,11.08,1.59,0.0
20180526:0711,96.47,30.84,13.07,1.38,0.0
20180526:0811,737.48,38.01,14.83,1.1,0.0
20180526:0911,883.24,44.27,16.07,0.55,0.0
20180526:1011,1013.22,48.95,17.02,0.48,0.0
20180526:1111,1053.97,51.25,17.71,1.03,0.0
20180526:1211,1053.68,50.69,18.12,1.17,0.0
20180526:1311,1018.51,47.4,18.39,1.45,0.0
20180526:1411,871.32,42.03,17.3,1.79,0.0
20180526:1511,669.3,35.35,15.93,2.21,0.0
20180526:1611,437.29,27.99,15.23,2.34,0.0
20180526:1711,78.22,20.45,16.04,2.07,0.0
20180526:1811,55.62,13.11,17.37,1.66,0.0
20180526:1911,33.9,6.31,16.99,1.45,0.0
20180526:2011,0.0,0.0,15.56,1.59,0.0
20180526:2111,0.0,0.0,14.32,1.66,0.0
20180526:2211,0.0,0.0,13.28,1.72,0.0
20180526:2311,0.0,0.0,12.51,1.86,0.0
20180527:0011,0.0,0.0,11.75,1.86,0.0
20180527:0111,0.0,0.0,11.01,1.86,0.0
20180527:0211,0.0,0.0,10.52,1.79,0.0
20180527:0311,1.74,2.67,10.13,1.86,0.0
20180527:0411,53.02,8.96,9.83,1.86,0.0
20180527:0511,99.95,15.99,10.47,1.72,0.0
20180527:0611,161.66,23.45,13.59,1.66,0.0
20180527:0711,200.77,30.97,14.45,2.14,0.0
20180527:0811,655.48,38.14,13.54,2.62,0.0
20180527:0911,871.27,44.42,13.26,3.03,0.0
20180527:1011,946.13,49.1,13.85,3.03,0.0
20180527:1111,1018.47,51.42,14.49,2.97,0.0
20180527:1211,913.78,50.86,15.19,2.76,0.0
20180527:1311,814.23,47.57,15.74,2.62,0.0
20180527:1411,663.5,42.19,15.12,2.83,0.0
20180527:1511,615.85,35.51,15.01,2.83,0.0
20180527:1611,436.16,28.15,15.25,2.69,0.0
20180527:1711,83.43,20.6,15.82,2.34,0.0
20180527:1811,71.27,13.26,16.1,2.21,0.0
20180527:1911,30.42,6.47,17.23,1.93,0.0
20180527:2011,0.0,0.0,15.65,2.07,0.0
20180527:2111,0.0,0.0,15.08,2.07,0.0
20180527:2211,0.0,0.0,14.51,2.0,0.0
20180527:2311,0.0,0.0,13.69,2.0,0.0
20180528:0011,0.0,0.0,12.8,2.0,0.0
20180528:0111,0.0,0.0,11.75,2.0,0.0
20180528:0211,0.0,0.0,10.43,2.14,0.0
20180528:0311,1.74,2.81,9.34,2.21,0.0
20180528:0411,53.89,9.09,8.59,2.21,0.0
20180528:0511,99.95,16.12,9.3,2.21,0.0
20180528:0611,112.12,23.57,9.23,2.69,0.0
20180528:0711,215.54,31.1,9.62,2.9,0.0
20180528:0811,206.97,38.27,9.78,3.66,0.0
20180528:0911,267.71,44.56,10.62,3.72,0.0
20180528:1011,145.03,49.25,11.42,3.72,0.0
20180528:1111,206.0,51.58,12.04,3.66,0.0
20180528:1211,712.51,51.03,12.11,3.38,0.0
20180528:1311,607.17,47.73,12.21,3.17,0.0
20180528:1411,795.52,42.35,12.84,2.62,0.0
20180528:1511,619.63,35.66,14.19,2.28,0.0
20180528:1611,172.18,28.3,16.54,1.66,0.0
20180528:1711,37.37,20.76,16.67,1.24,0.0
20180528:1811,56.49,13.42,16.35,1.24,0.0
20180528:1911,35.63,6.63,12.97,0.69,0.0
20180528:2011,0.0,0.0,12.53,0.34,0.0
20180528:2111,0.0,0.0,12.32,0.76,0.0
20180528:2211,0.0,0.0,11.83,1.03,0.0
20180528:2311,0.0,0.0,11.11,1.24,0.0
20180529:0011,0.0,0.0,10.53,1.31,0.0
20180529:0111,0.0,0.0,9.93,1.38,0.0
20180529:0211,0.0,0.0,9.43,1.52,0.0
20180529:0311,1.74,2.94,8.97,1.52,0.0
20180529:0411,12.17,9.21,8.81,1.59,0.0
20180529:0511,79.09,16.24,9.8,1.52,0.0
20180529:0611,86.04,23.69,11.65,1.72,0.0
20180529:0711,101.69,31.22,9.84,2.62,0.0
20180529:0811,706.7,38.4,10.01,3.17,0.0
20180529:0911,882.75,44.69,10.96,3.31,0.0
20180529:1011,1005.68,49.4,11.91,3.1,0.0
20180529:1111,1029.15,51.74,12.09,3.17,0.0
20180529:1211,856.64,51.19,12.14,3.24,0.0
20180529:1311,850.31,47.89,12.2,3.17,0.0
20180529:1411,694.27,42.51,12.83,2.76,0.0
20180529:1511,633.8,35.81,13.76,2.55,0.0
20180529:1611,412.31,28.45,13.35,2.76,0.0
20180529:1711,136.45,20.9,13.24,2.69,0.0
20180529:1811,63.45,13.57,13.88,2.48,0.0
20180529:1911,13.04,6.79,17.54,1.66,0.0
20180529:2011,0.0,0.0,16.31,1.93,0.0
20180529:2111,0.0,0.0,15.67,1.72,0.0
20180529:2211,0.0,0.0,14.6,1.79,0.0
20180529:2311,0.0,0.0,13.34,2.0,0.0
20180530:0011,0.0,0.0,12.12,2.0,0.0
20180530:0111,0.0,0.0,11.4,2.0,0.0
20180530:0211,0.0,0.0,10.96,2.0,0.0
20180530:0311,1.74,3.07,10.44,2.0,0.0
20180530:0411,43.46,9.33,10.39,2.0,0.0
20180530:0511,106.03,16.35,11.58,2.07,0.0
20180530:0611,154.7,23.8,12.6,2.21,0.0
20180530:0711,146.88,31.33,12.74,2.62,0.0
20180530:0811,643.27,38.51,12.31,3.24,0.0
20180530:0911,900.96,44.82,12.85,3.59,0.0
20180530:1011,997.89,49.54,13.52,3.66,0.0
20180530:1111,1081.78,51.88,14.01,3.72,0.0
20180530:1211,1051.32,51.34,14.45,3.66,0.0
20180530:1311,899.7,48.05,14.74,3.45,0.0
20180530:1411,281.0,42.66,15.01,3.45,0.0
20180530:1511,455.7,35.96,15.72,3.03,0.0
20180530:1611,352.46,28.59,15.78,2.9,0.0
20180530:1711,140.8,21.05,16.39,2.62,0.0
20180530:1811,77.35,13.72,17.7,2.28,0.0
20180530:1911,36.5,6.93,19.15,1.72,0.0
20180530:2011,0.0,0.0,18.26,1.86,0.0
20180530:2111,0.0,0.0,17.35,1.59,0.0
20180530:2211,0.0,0.0,16.16,1.66,0.0
20180530:2311,0.0,0.0,15.02,1.72,0.0
20180531:0011,0.0,0.0,14.05,1.79,0.0
20180531:0111,0.0,0.0,13.1,1.79,0.0
20180531:0211,0.0,0.0,12.16,1.86,0.0
20180531:0311,5.21,3.18,11.4,1.93,0.0
20180531:0411,41.72,9.44,11.38,1.86,0.0
20180531:0511,61.71,16.46,12.66,1.79,0.0
20180531:0611,78.22,23.9,14.51,1.93,0.0
20180531:0711,87.78,31.43,15.51,2.07,0.0
20180531:0811,737.24,38.62,15.63,2.34,0.0
20180531:0911,860.69,44.94,13.67,3.17,0.0
20180531:1011,709.86,49.67,14.24,3.1,0.0
20180531:1111,604.91,52.03,14.87,2.97,0.0
20180531:1211,682.64,51.49,15.13,2.9,0.0
20180531:1311,899.83,48.19,16.04,2.62,0.0
20180531:1411,689.85,42.8,18.52,2.0,0.0
20180531:1511,331.66,36.1,18.54,1.79,0.0
20180531:1611,163.71,28.73,18.49,1.24,0.0
20180531:1711,112.98,21.19,18.33,0.69,0.0
20180531:1811,87.78,13.86,17.79,0.9,0.0
20180531:1911,36.5,7.08,17.46,0.69,0.0
20180531:2011,0.0,0.0,16.93,0.83,0.0
20180531:2111,0.0,0.0,16.16,1.1,0.0
20180531:2211,0.0,0.0,15.23,1.1,0.0
20180531:2311,0.0,0.0,14.36,1.17,0.0
20180601:0011,0.0,0.0,13.56,1.17,0.0
20180601:0111,0.0,0.0,12.81,1.1,0.0
20180601:0211,0.0,0.0,12.26,1.03,0.0
20180601:0311,1.74,3.3,11.77,1.1,0.0
20180601:0411,55.62,9.55,11.66,1.03,0.0
20180601:0511,89.52,16.56,12.91,0.76,0.0
20180601:0611,107.77,24.0,14.73,0.34,0.0
20180601:0711,120.81,31.53,15.79,0.21,0.0
20180601:0811,660.25,38.73,16.7,0.41,0.0
20180601:0911,794.75,45.05,17.47,0.34,0.0
20180601:1011,925.8,49.79,18.26,0.48,0.0
20180601:1111,960.77,52.16,18.75,0.9,0.0
20180601:1211,909.98,51.64,19.14,1.31,0.0
20180601:1311,878.17,48.34,18.05,1.93,0.0
20180601:1411,735.05,42.94,16.61,2.28,0.0
20180601:1511,583.97,36.23,15.84,2.41,0.0
20180601:1611,395.78,28.86,15.7,2.41,0.0
20180601:1711,100.82,21.32,16.71,2.14,0.0
20180601:1811,86.04,13.99,17.65,1.79,0.0
20180601:1911,39.98,7.22,17.47,1.45,0.0
20180601:2011,0.0,0.0,16.5,1.03,0.0
20180601:2111,0.0,0.0,15.42,0.76,0.0
20180601:2211,0.0,0.0,14.47,0.69,0.0
20180601:2311,0.0,0.0,13.56,0.76,0.0
20180602:0011,0.0,0.0,12.66,0.9,0.0
20180602:0111,0.0,0.0,12.0,0.97,0.0
20180602:0211,0.0,0.0,11.57,1.03,0.0
20180602:0311,3.48,3.4,11.24,1.03,0.0
20180602:0411,56.49,9.65,11.31,1.03,0.0
20180602:0511,86.91,16.65,13.07,0.76,0.0
20180602:0611,99.95,24.1,15.14,0.55,0.0
20180602:0711,119.94,31.63,16.37,0.76,0.0
20180602:0811,631.82,38.83,17.42,0.83,0.0
20180602:0911,780.61,45.16,18.28,1.03,0.0
20180602:1011,806.12,49.91,18.86,1.24,0.0
20180602:1111,854.83,52.29,19.44,1.52,0.0
20180602:1211,865.75,51.77,19.55,1.72,0.0
20180602:1311,765.93,48.47,19.44,1.93,0.0
20180602:1411,666.98,43.07,18.79,2.0,0.0
20180602:1511,527.69,36.36,17.3,2.28,0.0
20180602:1611,385.39,28.99,16.97,2.34,0.0
20180602:1711,104.29,21.45,17.34,2.21,0.0
20180602:1811,77.35,14.12,18.12,1.86,0.0
20180602:1911,39.98,7.35,17.9,1.52,0.0
20180602:2011,0.0,0.0,16.98,1.03,0.0
20180602:2111,0.0,0.0,15.78,0.83,0.0
20180602:2211,0.0,0.0,14.78,0.69,0.0
20180602:2311,0.0,0.0,13.9,0.62,0.0
20180603:0011,0.0,0.0,13.14,0.62,0.0
20180603:0111,0.0,0.0,12.39,0.62,0.0
20180603:0211,0.0,0.0,11.91,0.76,0.0
20180603:0311,6.95,3.5,11.54,0.76,0.0
20180603:0411,54.75,9.74,11.68,0.69,0.0
20180603:0511,80.83,16.74,13.05,0.55,0.0
20180603:0611,99.95,24.18,14.84,0.97,0.0
20180603:0711,101.69,31.71,15.97,1.24,0.0
20180603:0811,661.12,38.92,16.93,1.52,0.0
20180603:0911,813.48,45.26,17.09,1.79,0.0
20180603:1011,926.55,50.02,15.22,2.41,0.0
20180603:1111,977.67,52.42,14.06,2.9,0.0
20180603:1211,930.83,51.9,13.76,3.24,0.0
20180603:1311,882.16,48.6,13.49,3.52,0.0
20180603:1411,731.95,43.2,13.22,3.59,0.0
20180603:1511,575.58,36.49,13.26,3.31,0.0
20180603:1611,392.31,29.12,13.08,3.17,0.0
20180603:1711,129.5,21.58,12.54,3.1,0.0
20180603:1811,70.4,14.25,12.25,2.97,0.0
20180603:1911,40.85,7.48,13.94,2.21,0.0
20180603:2011,0.87,1.58,14.85,1.59,0.0
20180603:2111,0.0,0.0,13.58,1.45,0.0
20180603:2211,0.0,0.0,12.5,1.38,0.0
20180603:2311,0.0,0.0,11.58,1.38,0.0
20180604:0011,0.0,0.0,10.76,1.31,0.0
20180604:0111,0.0,0.0,9.99,1.31,0.0
20180604:0211,0.0,0.0,9.11,1.24,0.0
20180604:0311,15.64,3.6,8.41,1.17,0.0
20180604:0411,57.36,9.83,8.62,1.17,0.0
20180604:0511,100.82,16.82,8.74,1.31,0.0
20180604:0611,121.68,24.26,9.07,1.38,0.0
20180604:0711,105.16,31.79,8.77,1.45,0.0
20180604:0811,676.38,39.0,10.0,1.52,0.0
20180604:0911,859.72,45.35,11.23,1.66,0.0
20180604:1011,947.39,50.13,11.76,1.86,0.0
20180604:1111,991.35,52.53,11.92,2.14,0.0
20180604:1211,980.88,52.02,12.33,2.34,0.0
20180604:1311,921.34,48.73,12.32,2.69,0.0
20180604:1411,776.79,43.33,12.47,2.76,0.0
20180604:1511,621.25,36.61,12.77,2.69,0.0
20180604:1611,422.61,29.24,12.97,2.62,0.0
20180604:1711,91.26,21.7,13.74,2.41,0.0
20180604:1811,64.31,14.37,14.24,2.21,0.0
20180604:1911,39.11,7.6,15.96,1.72,0.0
20180604:2011,0.87,1.71,15.51,1.38,0.0
20180604:2111,0.0,0.0,14.61,1.52,0.0
20180604:2211,0.0,0.0,13.89,1.72,0.0
20180604:2311,0.0,0.0,13.32,1.79,0.0
20180605:0011,0.0,0.0,12.81,1.72,0.0
20180605:0111,0.0,0.0,12.28,1.59,0.0
20180605:0211,0.0,0.0,11.58,1.45,0.0
20180605:0311,17.38,3.68,10.99,1.45,0.0
20180605:0411,54.75,9.91,10.71,1.38,0.0
20180605:0511,69.53,16.9,11.42,1.1,0.0
20180605:0611,79.96,24.33,12.61,0.9,0.0
20180605:0711,105.16,31.87,13.25,1.72,0.0
20180605:0811,675.91,39.08,9.93,2.83,0.0
20180605:0911,703.84,45.44,10.05,3.52,0.0
20180605:1011,662.97,50.23,10.87,3.93,0.0
20180605:1111,710.55,52.64,11.39,4.21,0.0
20180605:1211,676.67,52.14,11.58,4.21,0.0
20180605:1311,625.28,48.85,11.12,4.07,0.0
20180605:1411,627.38,43.44,11.14,4.07,0.0
20180605:1511,485.43,36.73,10.68,3.86,0.0
20180605:1611,342.73,29.36,10.01,3.59,0.0
20180605:1711,103.42,21.81,9.6,2.9,0.0
20180605:1811,56.49,14.49,10.41,2.28,0.0
20180605:1911,38.24,7.72,11.68,1.52,0.0
20180605:2011,2.61,1.83,11.23,1.24,0.0
20180605:2111,0.0,0.0,10.44,0.9,0.0
20180605:2211,0.0,0.0,9.75,0.62,0.0
20180605:2311,0.0,0.0,9.28,0.48,0.0
20180606:0011,0.0,0.0,8.91,0.9,0.0
20180606:0111,0.0,0.0,8.69,1.24,0.0
20180606:0211,0.0,0.0,8.46,1.38,0.0
20180606:0311,17.38,3.76,8.17,1.38,0.0
20180606:0411,49.54,9.98,8.19,1.24,0.0
20180606:0511,73.87,16.97,9.35,1.1,0.0
20180606:0611,75.61,24.4,10.49,1.03,0.0
20180606:0711,87.78,31.94,9.98,1.66,0.0
20180606:0811,677.49,39.15,9.44,2.14,0.0
20180606:0911,845.76,45.52,10.22,2.41,0.0
20180606:1011,905.08,50.32,10.45,2.83,0.0
20180606:1111,947.8,52.75,10.67,3.1,0.0
20180606:1211,924.79,52.25,11.2,3.17,0.0
20180606:1311,826.52,48.96,11.5,3.1,0.0
20180606:1411,698.98,43.56,11.19,3.1,0.0
20180606:1511,396.68,36.84,10.94,3.1,0.0
20180606:1611,344.45,29.47,10.65,3.03,0.0
20180606:1711,142.53,21.93,10.57,2.76,0.0
20180606:1811,87.78,14.6,11.36,2.34,0.0
20180606:1911,42.59,7.83,12.95,1.72,0.0
20180606:2011,2.61,1.94,12.81,1.52,0.0
20180606:2111,0.0,0.0,12.1,1.31,0.0
20180606:2211,0.0,0.0,11.43,1.03,0.0
20180606:2311,0.0,0.0,10.77,0.69,0.0
20180607:0011,0.0,0.0,10.19,0.62,0.0
20180607:0111,0.0,0.0,9.75,0.48,0.0
20180607:0211,0.0,0.0,9.44,0.48,0.0
20180607:0311,13.04,3.84,9.26,0.55,0.0
20180607:0411,56.49,10.05,9.5,0.69,0.0
20180607:0511,91.26,17.03,10.36,1.1,0.0
20180607:0611,105.16,24.46,10.61,1.66,0.0
20180607:0711,109.51,32.0,9.66,2.0,0.0
20180607:0811,619.21,39.22,9.97,2.21,0.0
20180607:0911,752.61,45.59,11.09,2.07,0.0
20180607:1011,920.38,50.4,11.18,2.34,0.0
20180607:1111,929.47,52.84,11.14,2.76,0.0
20180607:1211,975.16,52.36,11.47,2.97,0.0
20180607:1311,884.02,49.07,11.85,3.1,0.0
20180607:1411,745.77,43.67,11.98,3.24,0.0
20180607:1511,621.87,36.95,11.68,3.1,0.0
20180607:1611,414.31,29.57,11.46,2.97,0.0
20180607:1711,117.33,22.03,11.66,2.62,0.0
20180607:1811,71.27,14.71,11.64,2.48,0.0
20180607:1911,44.32,7.94,14.41,1.72,0.0
20180607:2011,0.87,2.05,14.28,1.24,0.0
20180607:2111,0.0,0.0,13.39,0.97,0.0
20180607:2211,0.0,0.0,12.54,0.76,0.0
20180607:2311,0.0,0.0,11.85,0.55,0.0
20180608:0011,0.0,0.0,11.17,0.62,0.0
20180608:0111,0.0,0.0,10.73,0.83,0.0
20180608:0211,0.0,0.0,10.28,1.03,0.0
20180608:0311,19.12,3.9,9.94,1.17,0.0
20180608:0411,46.93,10.11,10.24,1.03,0.0
20180608:0511,69.53,17.09,12.07,0.97,0.0
20180608:0611,82.57,24.52,14.16,1.03,0.0
20180608:0711,102.56,32.05,15.14,0.76,0.0
20180608:0811,704.27,39.28,16.23,0.76,0.0
20180608:0911,869.51,45.66,17.04,1.31,0.0
20180608:1011,972.7,50.48,17.74,1.38,0.0
20180608:1111,1013.57,52.93,18.41,1.31,0.0
20180608:1211,997.07,52.46,19.01,1.38,0.0
20180608:1311,923.58,49.17,17.98,1.86,0.0
20180608:1411,769.32,43.77,16.1,2.34,0.0
20180608:1511,617.27,37.05,14.28,2.76,0.0
20180608:1611,412.73,29.68,12.81,3.03,0.0
20180608:1711,81.7,22.13,12.8,2.83,0.0
20180608:1811,67.79,14.81,13.42,2.55,0.0
20180608:1911,42.59,8.04,16.22,1.79,0.0
20180608:2011,0.87,2.15,16.12,1.24,0.0
20180608:2111,0.0,0.0,15.13,0.97,0.0
20180608:2211,0.0,0.0,14.31,0.34,0.0
20180608:2311,0.0,0.0,13.6,0.21,0.0
20180609:0011,0.0,0.0,13.03,0.83,0.0
20180609:0111,0.0,0.0,12.54,1.03,0.0
20180609:0211,0.0,0.0,12.19,1.1,0.0
20180609:0311,2.61,3.96,11.84,1.03,0.0
20180609:0411,9.56,10.16,11.83,0.97,0.0
20180609:0511,105.16,17.14,13.22,0.69,0.0
20180609:0611,152.96,24.57,15.06,0.48,0.0
20180609:0711,190.34,32.1,15.94,0.97,0.0
20180609:0811,548.79,39.33,16.72,1.45,0.0
20180609:0911,613.39,45.72,17.52,1.52,0.0
20180609:1011,655.47,50.55,16.95,1.79,0.0
20180609:1111,790.57,53.01,14.75,2.28,0.0
20180609:1211,843.59,52.55,14.22,2.48,0.0
20180609:1311,691.74,49.27,13.27,2.76,0.0
20180609:1411,532.05,43.86,13.15,2.21,0.0
20180609:1511,402.49,37.15,13.18,2.21,0.0
20180609:1611,295.35,29.77,12.9,2.28,0.0
20180609:1711,137.32,22.23,13.16,2.21,0.0
20180609:1811,53.02,14.91,14.02,2.07,0.0
20180609:1911,39.98,8.14,15.28,1.17,0.0
20180609:2011,0.87,2.25,14.88,0.28,0.0
20180609:2111,0.0,0.0,14.22,0.34,0.0
20180609:2211,0.0,0.0,13.51,0.21,0.0
20180609:2311,0.0,0.0,12.84,0.34,0.0
20180610:0011,0.0,0.0,12.26,0.48,0.0
20180610:0111,0.0,0.0,11.67,0.41,0.0
20180610:0211,0.0,0.0,11.23,0.34,0.0
20180610:0311,2.61,4.02,10.85,0.34,0.0
20180610:0411,11.3,10.21,10.81,0.62,0.0
20180610:0511,73.01,17.18,11.93,0.55,0.0
20180610:0611,140.8,24.61,13.17,0.48,0.0
20180610:0711,86.04,32.15,13.54,0.69,0.0
20180610:0811,694.29,39.38,14.72,1.1,0.0
20180610:0911,657.5,45.78,11.04,2.21,0.0
20180610:1011,232.3,50.62,12.6,2.41,0.0
20180610:1111,504.52,53.09,16.27,2.34,0.0
20180610:1211,351.43,52.63,12.29,2.21,0.0
20180610:1311,439.62,49.36,11.36,2.28,0.0
20180610:1411,187.52,43.96,14.65,1.93,0.0
20180610:1511,80.37,37.24,14.18,1.79,0.0
20180610:1611,61.89,29.86,13.57,1.93,0.0
20180610:1711,26.07,22.32,11.74,1.93,0.0
20180610:1811,17.38,15.0,10.91,1.86,0.0
20180610:1911,11.3,8.23,10.05,2.28,0.0
20180610:2011,0.87,2.34,9.53,2.28,0.0
20180610:2111,0.0,0.0,9.11,2.21,0.0
20180610:2211,0.0,0.0,8.65,2.28,0.0
20180610:2311,0.0,0.0,8.0,2.34,0.0
20180611:0011,0.0,0.0,6.99,2.28,0.0
20180611:0111,0.0,0.0,6.59,2.21,0.0
20180611:0211,0.0,0.0,6.27,1.93,0.0
20180611:0311,2.61,4.07,6.21,1.79,0.0
20180611:0411,9.56,10.26,6.13,1.72,0.0
20180611:0511,19.12,17.22,6.01,1.79,0.0
20180611:0611,28.68,24.65,6.04,1.79,0.0
20180611:0711,39.11,32.18,6.32,2.0,0.0
20180611:0811,101.61,39.42,6.48,1.93,0.0
20180611:0911,165.35,45.82,6.81,1.66,0.0
20180611:1011,169.05,50.68,6.97,1.93,0.0
20180611:1111,152.42,53.16,6.83,1.86,0.0
20180611:1211,182.9,52.71,7.54,1.86,0.0
20180611:1311,218.93,49.44,8.95,1.79,0.0
20180611:1411,186.6,44.04,9.18,1.79,0.0
20180611:1511,121.01,37.32,9.06,2.07,0.0
20180611:1611,123.78,29.95,9.02,2.14,0.0
20180611:1711,101.69,22.41,8.94,2.0,0.0
20180611:1811,27.81,15.08,8.82,2.0,0.0
20180611:1911,7.82,8.32,8.62,1.86,0.0
20180611:2011,0.87,2.42,8.22,1.38,0.0
20180611:2111,0.0,0.0,7.62,1.24,0.0
20180611:2211,0.0,0.0,6.99,1.24,0.0
20180611:2311,0.0,0.0,6.75,1.17,0.0
20180612:0011,0.0,0.0,6.57,1.03,0.0
20180612:0111,0.0,0.0,6.56,0.83,0.0
20180612:0211,0.0,0.0,6.55,0.83,0.0
20180612:0311,2.61,4.11,6.3,0.83,0.0
20180612:0411,10.43,10.29,6.09,0.97,0.0
20180612:0511,74.74,17.25,6.61,0.9,0.0
20180612:0611,163.39,24.68,6.88,1.1,0.0
20180612:0711,205.11,32.21,8.56,1.24,0.0
20180612:0811,371.92,39.46,9.47,1.31,0.0
20180612:0911,507.69,45.86,10.31,1.45,0.0
20180612:1011,565.08,50.73,11.03,1.72,0.0
20180612:1111,723.5,53.22,11.57,2.0,0.0
20180612:1211,677.81,52.78,12.11,2.21,0.0
20180612:1311,751.86,49.52,12.43,2.55,0.0
20180612:1411,695.24,44.12,12.57,2.69,0.0
20180612:1511,511.65,37.4,12.7,3.17,0.0
20180612:1611,294.99,30.03,12.19,3.03,0.0
20180612:1711,142.53,22.49,11.48,2.34,0.0
20180612:1811,51.28,15.16,10.68,2.07,0.0
20180612:1911,18.25,8.4,9.63,1.93,0.0
20180612:2011,1.74,2.5,8.56,1.79,0.0
20180612:2111,0.0,0.0,7.64,1.59,0.0
20180612:2211,0.0,0.0,6.81,1.38,0.0
20180612:2311,0.0,0.0,6.0,1.31,0.0
20180613:0011,0.0,0.0,5.38,1.38,0.0
20180613:0111,0.0,0.0,4.92,1.31,0.0
20180613:0211,0.0,0.0,4.69,1.38,0.0
20180613:0311,3.48,4.14,4.54,1.24,0.0
20180613:0411,10.43,10.32,5.07,1.17,0.0
20180613:0511,80.83,17.28,5.97,1.31,0.0
20180613:0611,146.88,24.7,6.99,1.31,0.0
20180613:0711,0.0,0.0,7.28,1.24,0.0
20180613:0811,683.13,39.48,8.23,1.38,0.0
20180613:0911,835.58,45.9,9.55,1.24,0.0
20180613:1011,984.24,50.77,10.58,1.52,0.0
20180613:1111,1019.07,53.28,11.44,1.72,0.0
20180613:1211,927.25,52.85,12.06,2.0,0.0
20180613:1311,962.21,49.59,12.62,2.21,0.0
20180613:1411,815.61,44.19,12.63,2.34,0.0
20180613:1511,626.92,37.48,12.55,2.41,0.0
20180613:1611,374.25,30.1,12.16,2.07,0.0
20180613:1711,151.23,22.56,11.62,2.0,0.0
20180613:1811,72.14,15.24,10.66,1.86,0.0
20180613:1911,39.11,8.47,9.91,1.86,0.0
20180613:2011,1.74,2.57,8.77,1.79,0.0
20180613:2111,0.0,0.0,7.6,1.66,0.0
20180613:2211,0.0,0.0,6.97,1.59,0.0
20180613:2311,0.0,0.0,6.42,1.66,0.0
20180614:0011,0.0,0.0,6.03,1.66,0.0
20180614:0111,0.0,0.0,5.76,1.45,0.0
20180614:0211,0.0,0.0,5.53,1.59,0.0
20180614:0311,2.61,4.17,5.38,1.59,0.0
20180614:0411,11.3,10.35,5.38,1.59,0.0
20180614:0511,40.85,17.3,5.48,1.72,0.0
20180614:0611,29.55,24.72,5.69,1.86,0.0
20180614:0711,83.43,32.26,6.51,2.14,0.0
20180614:0811,125.63,39.51,6.77,2.48,0.0
20180614:0911,113.62,45.93,7.3,3.24,0.0
20180614:1011,100.69,50.81,7.45,2.97,0.0
20180614:1111,122.86,53.33,8.17,2.21,0.0
20180614:1211,126.55,52.91,8.96,2.21,0.0
20180614:1311,85.91,49.66,9.43,2.48,0.0
20180614:1411,77.59,44.26,9.43,3.38,0.0
20180614:1511,51.73,37.55,9.47,3.66,0.0
20180614:1611,99.76,30.17,9.35,4.34,0.0
20180614:1711,41.72,22.63,8.76,4.9,0.0
20180614:1811,22.6,15.31,8.02,5.03,0.0
20180614:1911,12.17,8.54,6.31,4.0,0.0
20180614:2011,7.82,2.64,5.3,3.59,0.0
20180614:2111,0.0,0.0,4.51,3.66,0.0
20180614:2211,0.0,0.0,4.07,3.38,0.0
20180614:2311,0.0,0.0,3.76,3.72,0.0
20180615:0011,0.0,0.0,3.09,3.45,0.0
20180615:0111,0.0,0.0,3.57,2.97,0.0
20180615:0211,0.0,0.0,2.97,3.79,0.0
20180615:0311,3.48,4.2,2.98,2.9,0.0
20180615:0411,10.43,10.36,3.43,3.1,0.0
20180615:0511,91.26,17.32,3.65,3.38,0.0
20180615:0611,140.8,24.73,4.33,3.38,0.0
20180615:0711,213.8,32.27,5.07,2.97,0.0
20180615:0811,252.63,39.52,4.95,3.03,0.0
20180615:0911,569.24,45.95,6.45,3.17,0.0
20180615:1011,462.32,50.84,6.57,2.97,0.0
20180615:1111,363.06,53.37,7.48,3.03,0.0
20180615:1211,254.95,52.96,7.33,3.24,0.0
20180615:1311,79.44,49.71,7.49,2.97,0.0
20180615:1411,185.67,44.33,7.96,3.17,0.0
20180615:1511,109.0,37.61,7.31,2.41,0.0
20180615:1611,87.76,30.24,6.7,2.62,0.0
20180615:1711,51.28,22.7,6.1,2.48,0.0
20180615:1811,29.55,15.37,5.85,2.41,0.0
20180615:1911,7.82,8.6,5.21,2.14,0.0
20180615:2011,1.74,2.7,4.49,2.21,0.0
20180615:2111,0.0,0.0,4.17,1.52,0.0
20180615:2211,0.0,0.0,4.13,1.66,0.0
20180615:2311,0.0,0.0,4.1,1.59,0.0
20180616:0011,0.0,0.0,4.08,1.38,0.0
20180616:0111,0.0,0.0,3.62,1.17,0.0
20180616:0211,0.0,0.0,3.37,1.03,0.0
20180616:0311,3.48,4.21,3.3,0.69,0.0
20180616:0411,10.43,10.37,3.51,1.1,0.0
20180616:0511,65.18,17.32,4.44,1.17,0.0
20180616:0611,132.11,24.74,5.37,1.1,0.0
20180616:0711,211.19,32.28,6.4,1.45,0.0
20180616:0811,400.22,39.53,7.18,1.38,0.0
20180616:0911,446.18,45.96,8.15,1.59,0.0
20180616:1011,283.53,50.86,9.15,1.86,0.0
20180616:1111,672.94,53.41,9.74,1.93,0.0
20180616:1211,536.08,53.01,10.17,1.86,0.0
20180616:1311,649.51,49.77,10.4,1.72,0.0
20180616:1411,513.75,44.38,11.0,2.14,0.0
20180616:1511,455.17,37.67,11.23,2.48,0.0
20180616:1611,248.45,30.3,11.41,2.83,0.0
20180616:1711,109.51,22.75,11.31,2.83,0.0
20180616:1811,36.5,15.43,10.94,2.48,0.0
20180616:1911,9.56,8.66,10.14,2.0,0.0
20180616:2011,1.74,2.76,9.14,1.93,0.0
20180616:2111,0.0,0.0,8.21,1.86,0.0
20180616:2211,0.0,0.0,7.59,2.48,0.0
20180616:2311,0.0,0.0,6.8,2.69,0.0
20180617:0011,0.0,0.0,6.56,1.93,0.0
20180617:0111,0.0,0.0,6.12,2.0,0.0
20180617:0211,0.0,0.0,5.82,1.93,0.0
20180617:0311,3.48,4.22,5.61,1.59,0.0
20180617:0411,10.43,10.38,5.89,1.52,0.0
20180617:0511,19.12,17.33,5.99,1.59,0.0
20180617:0611,108.64,24.74,5.96,1.79,0.0
20180617:0711,159.92,32.28,6.89,1.66,0.0
20180617:0811,323.14,39.54,7.59,1.59,0.0
20180617:0911,265.08,45.97,8.13,1.45,0.0
20180617:1011,145.03,50.88,8.87,1.38,0.0
20180617:1111,219.85,53.43,10.14,1.1,0.0
20180617:1211,248.02,53.04,10.65,0.97,0.0
20180617:1311,297.29,49.81,10.98,1.03,0.0
20180617:1411,364.94,44.43,11.38,0.34,0.0
20180617:1511,253.22,37.72,11.62,1.79,0.0
20180617:1611,203.84,30.35,10.61,2.0,0.0
20180617:1711,146.88,22.81,10.04,1.72,0.0
20180617:1811,56.49,15.48,9.91,1.79,0.0
20180617:1911,10.43,8.71,9.5,1.86,0.0
20180617:2011,1.74,2.8,8.63,1.72,0.0
20180617:2111,0.0,0.0,7.64,1.59,0.0
20180617:2211,0.0,0.0,6.77,1.52,0.0
20180617:2311,0.0,0.0,6.44,1.59,0.0
20180618:0011,0.0,0.0,6.19,1.59,0.0
20180618:0111,0.0,0.0,6.07,1.59,0.0
20180618:0211,0.0,0.0,5.84,1.93,0.0
20180618:0311,4.35,4.23,5.67,2.14,0.0
20180618:0411,26.07,10.38,5.51,2.14,0.0
20180618:0511,19.12,17.32,5.56,1.86,0.0
20180618:0611,42.59,24.74,6.01,2.14,0.0
20180618:0711,106.9,32.27,6.28,2.21,0.0
20180618:0811,133.94,39.53,6.48,2.21,0.0
20180618:0911,160.73,45.98,6.87,2.41,0.0
20180618:1011,133.94,50.89,7.35,2.41,0.0
20180618:1111,137.64,53.46,8.06,2.55,0.0
20180618:1211,129.32,53.08,8.66,2.83,0.0
20180618:1311,207.84,49.85,8.77,3.17,0.0
20180618:1411,138.56,44.48,9.11,3.38,0.0
20180618:1511,121.93,37.77,9.03,3.31,0.0
20180618:1611,108.08,30.4,8.57,2.97,0.0
20180618:1711,56.49,22.86,8.38,2.69,0.0
20180618:1811,96.47,15.53,7.88,3.1,0.0
20180618:1911,49.54,8.75,6.96,3.03,0.0
20180618:2011,1.74,2.85,5.88,2.97,0.0
20180618:2111,0.0,0.0,4.99,2.9,0.0
20180618:2211,0.0,0.0,4.43,2.9,0.0
20180618:2311,0.0,0.0,4.08,3.1,0.0
20180619:0011,0.0,0.0,3.75,3.03,0.0
20180619:0111,0.0,0.0,4.2,3.17,0.0
20180619:0211,0.0,0.0,4.6,4.34,0.0
20180619:0311,4.35,4.22,3.46,2.97,0.0
20180619:0411,20.86,10.37,3.12,2.69,0.0
20180619:0511,73.87,17.31,3.86,3.03,0.0
20180619:0611,59.1,24.73,3.89,3.59,0.0
20180619:0711,141.67,32.26,4.47,3.93,0.0
20180619:0811,188.71,39.52,5.33,4.0,0.0
20180619:0911,251.88,45.97,5.6,5.1,0.0
20180619:1011,267.82,50.9,5.61,4.28,0.0
20180619:1111,239.7,53.47,4.72,4.28,0.0
20180619:1211,131.17,53.1,6.7,3.52,0.0
20180619:1311,97.92,49.89,6.76,3.79,0.0
20180619:1411,186.6,44.52,5.71,4.28,0.0
20180619:1511,158.88,37.81,5.65,3.86,0.0
20180619:1611,88.68,30.44,5.1,3.52,0.0
20180619:1711,30.42,22.9,5.25,3.31,0.0
20180619:1811,73.87,15.57,4.33,2.97,0.0
20180619:1911,9.56,8.79,3.41,3.24,0.0
20180619:2011,1.74,2.88,2.88,2.83,0.0
20180619:2111,0.0,0.0,2.18,2.83,0.0
20180619:2211,0.0,0.0,2.01,3.38,0.0
20180619:2311,0.0,0.0,1.94,3.1,0.0
20180620:0011,0.0,0.0,1.79,2.41,0.0
20180620:0111,0.0,0.0,1.63,2.55,0.0
20180620:0211,0.0,0.0,1.85,2.83,0.0
20180620:0311,3.48,4.21,1.96,2.69,0.0
20180620:0411,10.43,10.36,2.39,2.76,0.0
20180620:0511,19.99,17.3,3.05,2.69,0.0
20180620:0611,74.74,24.71,3.85,2.62,0.0
20180620:0711,81.7,32.25,4.96,2.28,0.0
20180620:0811,107.15,39.51,5.58,2.41,0.0
20180620:0911,133.02,45.96,5.85,1.79,0.0
20180620:1011,177.36,50.9,6.01,1.17,0.0
20180620:1111,352.18,53.48,6.4,0.9,0.0
20180620:1211,149.65,53.12,6.39,1.03,0.0
20180620:1311,92.37,49.91,5.86,1.17,0.0
20180620:1411,168.12,44.55,5.32,1.24,0.0
20180620:1511,185.91,37.85,5.82,1.52,0.0
20180620:1611,235.11,30.48,6.58,1.66,0.0
20180620:1711,132.4,22.93,6.85,1.93,0.0
20180620:1811,79.09,15.61,6.65,2.28,0.0
20180620:1911,24.34,8.83,6.01,1.86,0.0
20180620:2011,1.74,2.91,5.37,1.59,0.0
20180620:2111,0.0,0.0,4.61,1.52,0.0
20180620:2211,0.0,0.0,3.82,1.59,0.0
20180620:2311,0.0,0.0,3.06,1.59,0.0
20180621:0011,0.0,0.0,2.8,1.59,0.0
20180621:0111,0.0,0.0,2.35,1.59,0.0
20180621:0211,0.0,0.0,1.78,1.59,0.0
20180621:0311,21.73,4.2,1.4,1.52,0.0
20180621:0411,62.58,10.34,1.46,1.52,0.0
20180621:0511,36.5,17.28,1.68,1.72,0.0
20180621:0611,138.19,24.69,2.21,1.72,0.0
20180621:0711,221.62,32.23,3.55,2.34,0.0
20180621:0811,369.09,39.49,4.51,2.76,0.0
20180621:0911,469.93,45.95,5.37,2.83,0.0
20180621:1011,610.29,50.89,5.95,2.97,0.0
20180621:1111,546.38,53.48,6.34,3.03,0.0
20180621:1211,339.46,53.13,7.0,3.52,0.0
20180621:1311,489.34,49.93,7.23,3.66,0.0
20180621:1411,478.26,44.57,6.76,3.31,0.0
20180621:1511,573.09,37.88,7.05,3.17,0.0
20180621:1611,345.82,30.51,6.52,3.03,0.0
20180621:1711,174.1,22.97,5.99,2.69,0.0
20180621:1811,37.37,15.64,5.74,2.83,0.0
20180621:1911,8.69,8.85,5.22,2.76,0.0
20180621:2011,1.74,2.94,4.61,1.86,0.0
20180621:2111,0.0,0.0,3.95,1.86,0.0
20180621:2211,0.0,0.0,3.32,1.72,0.0
20180621:2311,0.0,0.0,2.9,1.79,0.0
20180622:0011,0.0,0.0,2.47,1.72,0.0
20180622:0111,0.0,0.0,2.09,1.66,0.0
20180622:0211,0.0,0.0,1.86,1.72,0.0
20180622:0311,3.48,4.18,1.83,1.72,0.0
20180622:0411,17.38,10.32,1.89,2.0,0.0
20180622:0511,31.29,17.25,2.48,2.28,0.0
20180622:0611,95.6,24.66,3.2,2.34,0.0
20180622:0711,176.43,32.2,4.45,2.83,0.0
20180622:0811,368.11,39.46,5.23,3.24,0.0
20180622:0911,429.73,45.93,5.57,3.72,0.0
20180622:1011,491.79,50.87,6.18,4.83,0.0
20180622:1111,769.2,53.47,6.99,5.38,0.0
20180622:1211,930.29,53.14,7.19,5.31,0.0
20180622:1311,823.12,49.95,7.35,5.38,0.0
20180622:1411,753.43,44.59,7.04,4.97,0.0
20180622:1511,599.56,37.9,6.49,4.83,0.0
20180622:1611,393.06,30.53,6.23,4.69,0.0
20180622:1711,223.71,22.99,5.62,4.48,0.0
20180622:1811,33.03,15.66,4.97,3.72,0.0
20180622:1911,8.69,8.87,4.89,2.9,0.0
20180622:2011,1.74,2.95,4.15,2.34,0.0
20180622:2111,0.0,0.0,3.46,2.28,0.0
20180622:2211,0.0,0.0,2.99,2.07,0.0
20180622:2311,0.0,0.0,2.61,2.14,0.0
20180623:0011,0.0,0.0,2.55,2.21,0.0
20180623:0111,0.0,0.0,2.39,2.21,0.0
20180623:0211,0.0,0.0,2.4,2.07,0.0
20180623:0311,18.25,4.15,2.61,2.14,0.0
20180623:0411,10.43,10.29,2.88,2.21,0.0
20180623:0511,28.68,17.22,3.22,2.21,0.0
20180623:0611,52.15,24.62,4.02,2.21,0.0
20180623:0711,99.95,32.16,5.39,2.21,0.0
20180623:0811,229.84,39.43,6.43,2.21,0.0
20180623:0911,265.99,45.9,7.52,2.34,0.0
20180623:1011,437.97,50.85,8.09,2.69,0.0
20180623:1111,496.86,53.46,8.29,3.17,0.0
20180623:1211,703.98,53.13,8.39,3.1,0.0
20180623:1311,605.14,49.95,8.69,3.03,0.0
20180623:1411,479.12,44.61,8.67,2.83,0.0
20180623:1511,302.4,37.92,8.9,2.97,0.0
20180623:1611,209.51,30.55,8.94,2.97,0.0
20180623:1711,48.03,23.01,8.64,2.9,0.0
20180623:1811,24.34,15.68,8.24,2.48,0.0
20180623:1911,8.69,8.89,7.62,2.0,0.0
20180623:2011,1.74,2.96,7.06,1.86,0.0
20180623:2111,0.0,0.0,6.48,1.52,0.0
20180623:2211,0.0,0.0,6.07,1.38,0.0
20180623:2311,0.0,0.0,5.8,1.24,0.0
20180624:0011,0.0,0.0,5.48,1.1,0.0
20180624:0111,0.0,0.0,5.42,1.17,0.0
20180624:0211,0.0,0.0,5.23,1.1,0.0
20180624:0311,19.99,4.11,5.17,1.17,0.0
20180624:0411,10.43,10.25,5.65,1.38,0.0
20180624:0511,42.59,17.18,6.32,1.45,0.0
20180624:0611,159.92,24.58,7.21,1.66,0.0
20180624:0711,212.06,32.12,8.67,1.59,0.0
20180624:0811,428.53,39.39,9.93,1.66,0.0
20180624:0911,478.76,45.86,10.63,1.86,0.0
20180624:1011,485.41,50.82,11.36,2.07,0.0
20180624:1111,705.26,53.44,11.73,2.34,0.0
20180624:1211,310.11,53.13,11.85,2.41,0.0
20180624:1311,243.8,49.95,11.8,2.48,0.0
20180624:1411,185.67,44.62,11.68,2.55,0.0
20180624:1511,260.78,37.93,11.42,2.41,0.0
20180624:1611,128.4,30.57,11.11,2.41,0.0
20180624:1711,96.99,23.02,10.75,2.21,0.0
20180624:1811,21.73,15.69,10.35,2.14,0.0
20180624:1911,7.82,8.9,9.53,1.86,0.0
20180624:2011,1.74,2.97,9.07,1.72,0.0
20180624:2111,0.0,0.0,8.61,1.59,0.0
20180624:2211,0.0,0.0,8.18,1.52,0.0
20180624:2311,0.0,0.0,7.88,1.52,0.0
20180625:0011,0.0,0.0,7.61,1.59,0.0
20180625:0111,0.0,0.0,7.3,1.59,0.0
20180625:0211,0.0,0.0,7.21,1.45,0.0
20180625:0311,2.61,4.07,7.23,1.38,0.0
20180625:0411,22.6,10.21,7.45,1.38,0.0
20180625:0511,42.59,17.13,8.03,1.52,0.0
20180625:0611,150.36,24.54,9.0,1.52,0.0
20180625:0711,182.51,32.08,9.54,1.66,0.0
20180625:0811,640.63,39.35,10.75,1.66,0.0
20180625:0911,779.25,45.82,11.85,1.66,0.0
20180625:1011,820.48,50.79,13.12,1.93,0.0
20180625:1111,1004.25,53.41,13.9,2.0,0.0
20180625:1211,1016.44,53.11,14.11,1.86,0.0
20180625:1311,968.75,49.95,14.86,2.07,0.0
20180625:1411,824.09,44.62,15.36,2.21,0.0
20180625:1511,641.12,37.93,15.44,2.28,0.0
20180625:1611,449.72,30.57,15.16,2.21,0.0
20180625:1711,244.72,23.03,14.79,2.0,0.0
20180625:1811,65.18,15.69,14.34,1.79,0.0
20180625:1911,42.59,8.9,13.85,1.59,0.0
20180625:2011,13.04,2.97,12.72,1.38,0.0
20180625:2111,0.0,0.0,11.14,1.17,0.0
20180625:2211,0.0,0.0,9.74,0.97,0.0
20180625:2311,0.0,0.0,9.33,0.97,0.0
20180626:0011,0.0,0.0,8.57,1.17,0.0
20180626:0111,0.0,0.0,7.61,1.24,0.0
20180626:0211,0.0,0.0,6.83,1.31,0.0
20180626:0311,19.12,4.03,6.63,1.31,0.0
20180626:0411,45.19,10.16,7.05,1.17,0.0
20180626:0511,62.58,17.08,8.98,1.03,0.0
20180626:0611,72.14,24.49,12.09,0.83,0.0
20180626:0711,69.53,32.03,13.15,0.62,0.0
20180626:0811,732.99,39.3,14.75,0.9,0.0
20180626:0911,908.52,45.77,16.01,1.1,0.0
20180626:1011,1026.9,50.74,17.02,1.31,0.0
20180626:1111,1088.04,53.38,17.87,1.38,0.0
20180626:1211,1062.18,53.09,18.57,1.59,0.0
20180626:1311,1006.43,49.94,19.01,1.86,0.0
20180626:1411,867.63,44.61,19.01,2.14,0.0
20180626:1511,678.49,37.93,18.69,2.07,0.0
20180626:1611,467.37,30.57,18.33,1.93,0.0
20180626:1711,253.76,23.03,17.8,1.79,0.0
20180626:1811,60.84,15.69,17.04,1.66,0.0
20180626:1911,47.8,8.9,16.3,1.38,0.0
20180626:2011,13.04,2.96,15.19,1.03,0.0
20180626:2111,0.0,0.0,13.8,0.69,0.0
20180626:2211,0.0,0.0,13.46,0.62,0.0
20180626:2311,0.0,0.0,13.09,0.76,0.0
20180627:0011,0.0,0.0,12.81,0.83,0.0
20180627:0111,0.0,0.0,12.81,0.83,0.0
20180627:0211,0.0,0.0,12.63,0.83,0.0
20180627:0311,2.61,3.98,12.51,0.97,0.0
20180627:0411,9.56,10.1,12.71,0.97,0.0
20180627:0511,29.55,17.03,13.74,0.69,0.0
20180627:0611,100.82,24.43,15.59,0.48,0.0
20180627:0711,205.98,31.97,16.74,0.21,0.0
20180627:0811,496.17,39.25,18.33,0.55,0.0
20180627:0911,800.88,45.72,19.11,1.17,0.0
20180627:1011,821.89,50.7,19.04,1.45,0.0
20180627:1111,719.92,53.34,19.46,1.72,0.0
20180627:1211,276.23,53.06,19.91,2.14,0.0
20180627:1311,799.88,49.92,20.34,2.55,0.0
20180627:1411,825.36,44.6,20.31,2.69,0.0
20180627:1511,652.5,37.93,20.04,2.76,0.0
20180627:1611,441.05,30.57,19.51,2.62,0.0
20180627:1711,241.58,23.03,18.82,2.34,0.0
20180627:1811,74.74,15.69,18.09,1.93,0.0
20180627:1911,45.19,8.89,17.0,1.38,0.0
20180627:2011,13.04,2.94,15.94,1.17,0.0
20180627:2111,0.0,0.0,14.32,0.9,0.0
20180627:2211,0.0,0.0,14.21,0.62,0.0
20180627:2311,0.0,0.0,13.57,0.62,0.0
20180628:0011,0.0,0.0,13.1,0.62,0.0
20180628:0111,0.0,0.0,12.61,0.76,0.0
20180628:0211,0.0,0.0,12.12,0.83,0.0
20180628:0311,2.61,3.92,11.79,0.9,0.0
20180628:0411,55.62,10.04,11.32,0.97,0.0
20180628:0511,92.13,16.97,10.94,1.17,0.0
20180628:0611,160.79,24.37,13.01,1.79,0.0
20180628:0711,101.69,31.91,14.51,2.28,0.0
20180628:0811,567.12,39.19,15.55,2.76,0.0
20180628:0911,824.93,45.66,15.8,3.24,0.0
20180628:1011,937.68,50.64,16.27,3.86,0.0
20180628:1111,1044.36,53.29,16.52,4.34,0.0
20180628:1211,751.92,53.02,16.52,4.69,0.0
20180628:1311,852.14,49.89,16.32,4.76,0.0
20180628:1411,610.8,44.58,15.83,4.76,0.0
20180628:1511,655.32,37.91,15.23,4.28,0.0
20180628:1611,452.1,30.56,14.64,3.79,0.0
20180628:1711,249.73,23.02,14.22,3.24,0.0
20180628:1811,58.23,15.67,13.57,2.69,0.0
20180628:1911,39.11,8.87,13.49,1.79,0.0
20180628:2011,13.04,2.92,12.69,1.38,0.0
20180628:2111,0.0,0.0,11.44,1.03,0.0
20180628:2211,0.0,0.0,10.35,0.83,0.0
20180628:2311,0.0,0.0,10.06,0.76,0.0
20180629:0011,0.0,0.0,9.4,0.83,0.0
20180629:0111,0.0,0.0,9.01,0.83,0.0
20180629:0211,0.0,0.0,8.59,0.83,0.0
20180629:0311,16.51,3.85,8.23,0.9,0.0
20180629:0411,40.85,9.98,7.93,0.97,0.0
20180629:0511,55.62,16.9,9.33,0.83,0.0
20180629:0611,161.66,24.31,11.72,0.83,0.0
20180629:0711,69.53,31.85,12.65,0.76,0.0
20180629:0811,730.28,39.12,13.83,0.97,0.0
20180629:0911,909.76,45.6,14.78,1.31,0.0
20180629:1011,1035.07,50.58,15.66,1.79,0.0
20180629:1111,1087.14,53.24,16.41,2.28,0.0
20180629:1211,1057.1,52.98,16.94,2.41,0.0
20180629:1311,1007.18,49.86,17.33,2.48,0.0
20180629:1411,854.58,44.56,17.49,2.48,0.0
20180629:1511,675.96,37.9,17.42,2.28,0.0
20180629:1611,471.82,30.54,17.25,2.14,0.0
20180629:1711,256.21,23.0,16.96,2.0,0.0
20180629:1811,55.62,15.66,16.5,1.72,0.0
20180629:1911,38.24,8.85,15.44,1.24,0.0
20180629:2011,11.3,2.9,14.5,0.97,0.0
20180629:2111,0.0,0.0,13.24,0.62,0.0
20180629:2211,0.0,0.0,12.75,0.55,0.0
20180629:2311,0.0,0.0,11.29,1.1,0.0
20180630:0011,0.0,0.0,10.22,1.24,0.0
20180630:0111,0.0,0.0,9.49,1.31,0.0
20180630:0211,0.0,0.0,8.88,1.38,0.0
20180630:0311,18.25,3.78,8.36,1.38,0.0
20180630:0411,43.46,9.91,8.29,1.31,0.0
20180630:0511,62.58,16.83,9.91,1.1,0.0
20180630:0611,72.14,24.23,12.18,1.1,0.0
20180630:0711,81.7,31.77,13.13,1.45,0.0
20180630:0811,708.03,39.05,14.25,2.28,0.0
20180630:0911,865.13,45.53,15.09,2.34,0.0
20180630:1011,1002.04,50.51,15.76,2.21,0.0
20180630:1111,1056.15,53.18,16.19,2.14,0.0
20180630:1211,1025.86,52.93,16.74,2.0,0.0
20180630:1311,984.86,49.82,17.17,2.07,0.0
20180630:1411,834.51,44.53,17.42,2.14,0.0
20180630:1511,667.9,37.87,17.28,2.76,0.0
20180630:1611,460.6,30.52,16.89,2.48,0.0
20180630:1711,252.0,22.98,16.25,2.41,0.0
20180630:1811,59.97,15.63,15.69,2.07,0.0
20180630:1911,39.98,8.82,14.38,1.79,0.0
20180630:2011,13.04,2.86,13.48,1.17,0.0
20180630:2111,0.0,0.0,12.43,0.62,0.0
20180630:2211,0.0,0.0,11.83,0.34,0.0
20180630:2311,0.0,0.0,11.12,0.83,0.0
20180701:0011,0.0,0.0,10.6,0.97,0.0
20180701:0111,0.0,0.0,10.39,1.03,0.0
20180701:0211,0.0,0.0,10.11,0.97,0.0
20180701:0311,16.51,3.71,9.88,0.97,0.0
20180701:0411,44.32,9.83,9.94,0.97,0.0
20180701:0511,65.18,16.75,10.63,0.76,0.0
20180701:0611,80.83,24.16,12.75,0.55,0.0
20180701:0711,93.86,31.7,13.53,0.9,0.0
20180701:0811,681.88,38.97,14.57,1.03,0.0
20180701:0911,837.42,45.45,15.59,1.17,0.0
20180701:1011,953.95,50.44,16.59,1.59,0.0
20180701:1111,971.28,53.11,17.51,1.86,0.0
20180701:1211,980.25,52.87,18.12,1.93,0.0
20180701:1311,944.1,49.77,18.54,1.79,0.0
20180701:1411,827.96,44.49,18.91,1.66,0.0
20180701:1511,658.6,37.84,18.75,1.45,0.0
20180701:1611,463.88,30.49,18.4,1.52,0.0
20180701:1711,252.65,22.95,17.84,1.72,0.0
20180701:1811,57.36,15.6,16.87,1.86,0.0
20180701:1911,38.24,8.78,15.72,1.66,0.0
20180701:2011,13.04,2.82,14.6,1.52,0.0
20180701:2111,0.0,0.0,13.33,1.38,0.0
20180701:2211,0.0,0.0,11.81,1.1,0.0
20180701:2311,0.0,0.0,11.08,0.83,0.0
20180702:0011,0.0,0.0,10.94,0.48,0.0
20180702:0111,0.0,0.0,10.29,0.34,0.0
20180702:0211,0.0,0.0,9.91,0.34,0.0
20180702:0311,16.51,3.63,9.65,0.34,0.0
20180702:0411,43.46,9.75,9.72,0.34,0.0
20180702:0511,64.31,16.67,10.49,0.34,0.0
20180702:0611,84.3,24.07,12.45,0.62,0.0
20180702:0711,98.21,31.62,13.76,0.9,0.0
20180702:0811,683.52,38.89,14.84,1.38,0.0
20180702:0911,849.8,45.37,15.75,1.79,0.0
20180702:1011,973.98,50.36,16.45,2.48,0.0
20180702:1111,1039.99,53.04,16.93,2.83,0.0
20180702:1211,1034.79,52.81,17.28,2.97,0.0
20180702:1311,947.65,49.72,17.43,3.1,0.0
20180702:1411,826.18,44.45,17.34,3.1,0.0
20180702:1511,622.93,37.8,17.08,3.1,0.0
20180702:1611,442.51,30.46,16.64,2.97,0.0
20180702:1711,192.5,22.91,16.07,2.83,0.0
20180702:1811,92.13,15.56,15.24,2.28,0.0
20180702:1911,39.98,8.74,14.32,2.07,0.0
20180702:2011,12.17,2.77,13.18,1.66,0.0
20180702:2111,0.0,0.0,12.01,1.31,0.0
20180702:2211,0.0,0.0,10.71,1.03,0.0
20180702:2311,0.0,0.0,9.8,0.9,0.0
20180703:0011,0.0,0.0,9.49,0.9,0.0
20180703:0111,0.0,0.0,9.14,0.97,0.0
20180703:0211,0.0,0.0,8.74,1.03,0.0
20180703:0311,16.51,3.54,8.6,1.03,0.0
20180703:0411,44.32,9.66,8.52,1.03,0.0
20180703:0511,66.92,16.58,9.91,1.1,0.0
20180703:0611,86.91,23.99,11.98,1.24,0.0
20180703:0711,112.12,31.53,13.87,1.17,0.0
20180703:0811,672.42,38.8,15.36,1.24,0.0
20180703:0911,836.4,45.28,16.68,1.17,0.0
20180703:1011,958.61,50.28,17.79,1.24,0.0
20180703:1111,1011.69,52.96,18.71,1.38,0.0
20180703:1211,1019.32,52.74,19.42,1.66,0.0
20180703:1311,939.15,49.66,19.89,1.79,0.0
20180703:1411,823.5,44.4,20.14,1.86,0.0
20180703:1511,652.36,37.76,20.22,2.21,0.0
20180703:1611,455.58,30.42,19.99,2.28,0.0
20180703:1711,250.42,22.87,19.57,2.28,0.0
20180703:1811,62.58,15.52,18.89,1.79,0.0
20180703:1911,39.11,8.7,18.26,1.38,0.0
20180703:2011,12.17,2.72,17.05,1.1,0.0
20180703:2111,0.0,0.0,15.62,0.9,0.0
20180703:2211,0.0,0.0,14.64,0.55,0.0
20180703:2311,0.0,0.0,14.28,0.55,0.0
20180704:0011,0.0,0.0,13.92,0.83,0.0
20180704:0111,0.0,0.0,13.98,1.03,0.0
20180704:0211,0.0,0.0,13.9,1.1,0.0
20180704:0311,16.51,3.45,13.76,1.17,0.0
20180704:0411,46.93,9.57,13.38,1.17,0.0
20180704:0511,66.05,16.49,14.2,1.03,0.0
20180704:0611,83.43,23.9,17.01,0.9,0.0
20180704:0711,93.86,31.44,18.6,0.9,0.0
20180704:0811,672.1,38.71,19.9,1.24,0.0
20180704:0911,831.28,45.19,20.9,1.72,0.0
20180704:1011,953.51,50.18,21.69,2.07,0.0
20180704:1111,1031.87,52.87,22.29,2.55,0.0
20180704:1211,1021.15,52.66,22.5,2.83,0.0
20180704:1311,952.06,49.6,22.51,2.9,0.0
20180704:1411,814.73,44.34,22.26,2.97,0.0
20180704:1511,645.45,37.71,21.91,2.83,0.0
20180704:1611,452.5,30.37,21.6,2.69,0.0
20180704:1711,248.0,22.82,21.1,2.76,0.0
20180704:1811,63.45,15.47,20.29,2.41,0.0
20180704:1911,39.98,8.64,18.61,2.0,0.0
20180704:2011,11.3,2.66,17.43,1.52,0.0
20180704:2111,0.0,0.0,16.16,1.1,0.0
20180704:2211,0.0,0.0,14.93,0.69,0.0
20180704:2311,0.0,0.0,14.71,0.48,0.0
20180705:0011,0.0,0.0,14.19,0.48,0.0
20180705:0111,0.0,0.0,13.52,0.34,0.0
20180705:0211,0.0,0.0,13.15,0.41,0.0
20180705:0311,15.64,3.35,12.92,0.55,0.0
20180705:0411,46.06,9.47,12.77,0.55,0.0
20180705:0511,75.61,16.39,13.14,0.69,0.0
20180705:0611,86.91,23.8,14.79,1.1,0.0
20180705:0711,105.16,31.34,15.79,1.31,0.0
20180705:0811,632.25,38.61,16.42,1.66,0.0
20180705:0911,769.96,45.09,17.05,2.0,0.0
20180705:1011,688.88,50.09,17.42,2.34,0.0
20180705:1111,917.3,52.78,17.96,2.48,0.0
20180705:1211,1007.12,52.57,18.48,2.55,0.0
20180705:1311,927.26,49.52,18.76,2.9,0.0
20180705:1411,794.54,44.28,18.52,3.17,0.0
20180705:1511,621.6,37.65,18.08,3.1,0.0
20180705:1611,440.65,30.32,17.27,3.03,0.0
20180705:1711,246.01,22.77,16.3,2.83,0.0
20180705:1811,68.66,15.41,15.23,2.48,0.0
20180705:1911,48.67,8.58,13.95,2.48,0.0
20180705:2011,6.08,2.59,12.66,2.07,0.0
20180705:2111,0.0,0.0,11.7,1.86,0.0
20180705:2211,0.0,0.0,10.96,1.86,0.0
20180705:2311,0.0,0.0,10.38,1.72,0.0
20180706:0011,0.0,0.0,9.95,1.72,0.0
20180706:0111,0.0,0.0,9.39,1.66,0.0
20180706:0211,0.0,0.0,9.13,1.59,0.0
20180706:0311,15.64,3.25,8.85,1.52,0.0
20180706:0411,49.54,9.37,8.83,1.66,0.0
20180706:0511,79.96,16.29,8.97,1.72,0.0
20180706:0611,108.64,23.7,9.44,1.86,0.0
20180706:0711,202.5,31.24,9.86,1.86,0.0
20180706:0811,536.08,38.51,10.8,2.07,0.0
20180706:0911,361.98,44.99,11.41,2.14,0.0
20180706:1011,630.59,49.98,12.02,2.28,0.0
20180706:1111,726.43,52.68,12.42,2.41,0.0
20180706:1211,962.21,52.48,12.96,2.62,0.0
20180706:1311,779.37,49.44,13.91,2.9,0.0
20180706:1411,812.36,44.21,14.39,3.52,0.0
20180706:1511,514.38,37.59,14.29,3.45,0.0
20180706:1611,424.48,30.26,13.91,3.45,0.0
20180706:1711,245.46,22.71,13.01,3.45,0.0
20180706:1811,98.21,15.35,11.92,2.55,0.0
20180706:1911,19.99,8.51,11.04,2.28,0.0
20180706:2011,1.74,2.52,9.92,2.14,0.0
20180706:2111,0.0,0.0,8.84,1.86,0.0
20180706:2211,0.0,0.0,7.98,1.66,0.0
20180706:2311,0.0,0.0,7.3,1.45,0.0
20180707:0011,0.0,0.0,6.78,1.45,0.0
20180707:0111,0.0,0.0,6.26,1.38,0.0
20180707:0211,0.0,0.0,5.67,1.38,0.0
20180707:0311,14.77,3.14,5.13,1.31,0.0
20180707:0411,43.46,9.26,5.73,1.24,0.0
20180707:0511,62.58,16.18,7.33,1.45,0.0
20180707:0611,79.96,23.59,8.86,1.45,0.0
20180707:0711,93.0,31.13,10.25,1.31,0.0
20180707:0811,676.63,38.4,11.75,1.24,0.0
20180707:0911,843.15,44.88,13.23,1.24,0.0
20180707:1011,974.39,49.87,14.55,1.45,0.0
20180707:1111,1016.78,52.57,15.69,1.79,0.0
20180707:1211,1031.6,52.39,16.56,2.07,0.0
20180707:1311,949.97,49.36,17.23,2.34,0.0
20180707:1411,819.22,44.13,17.54,2.55,0.0
20180707:1511,652.04,37.52,17.55,2.69,0.0
20180707:1611,457.88,30.19,17.26,2.28,0.0
20180707:1711,249.53,22.65,16.98,2.07,0.0
20180707:1811,62.58,15.28,16.5,1.72,0.0
20180707:1911,39.98,8.44,15.84,1.52,0.0
20180707:2011,10.43,2.44,14.72,1.31,0.0
20180707:2111,0.0,0.0,13.5,1.03,0.0
20180707:2211,0.0,0.0,12.42,0.83,0.0
20180707:2311,0.0,0.0,11.73,0.48,0.0
20180708:0011,0.0,0.0,11.5,0.34,0.0
20180708:0111,0.0,0.0,11.32,0.41,0.0
20180708:0211,0.0,0.0,11.03,0.48,0.0
20180708:0311,3.48,3.02,10.7,0.41,0.0
20180708:0411,48.67,9.14,10.59,0.28,0.0
20180708:0511,69.53,16.07,11.45,0.21,0.0
20180708:0611,86.04,23.48,12.54,0.83,0.0
20180708:0711,98.21,31.02,13.85,1.45,0.0
20180708:0811,665.9,38.29,14.96,2.14,0.0
20180708:0911,830.25,44.77,15.9,2.41,0.0
20180708:1011,947.36,49.76,16.73,2.83,0.0
20180708:1111,945.45,52.46,17.27,3.24,0.0
20180708:1211,1003.96,52.28,17.45,3.72,0.0
20180708:1311,924.11,49.27,17.28,3.86,0.0
20180708:1411,454.69,44.05,16.99,3.86,0.0
20180708:1511,623.55,37.45,16.61,3.93,0.0
20180708:1611,448.56,30.12,15.84,3.66,0.0
20180708:1711,234.72,22.57,15.09,3.45,0.0
20180708:1811,88.65,15.21,14.02,2.76,0.0
20180708:1911,14.77,8.36,12.83,2.55,0.0
20180708:2011,1.74,2.36,11.73,2.28,0.0
20180708:2111,0.0,0.0,10.73,2.14,0.0
20180708:2211,0.0,0.0,9.98,2.14,0.0
20180708:2311,0.0,0.0,9.56,2.07,0.0
20180709:0011,0.0,0.0,9.09,2.0,0.0
20180709:0111,0.0,0.0,8.73,2.07,0.0
20180709:0211,0.0,0.0,8.29,2.07,0.0
20180709:0311,1.74,2.9,7.87,2.07,0.0
20180709:0411,8.69,9.03,7.77,2.14,0.0
20180709:0511,51.28,15.95,7.84,2.21,0.0
20180709:0611,104.29,23.36,8.29,2.34,0.0
20180709:0711,132.97,30.9,8.34,2.55,0.0
20180709:0811,565.31,38.17,9.08,3.03,0.0
20180709:0911,806.11,44.65,10.2,4.0,0.0
20180709:1011,778.43,49.64,11.69,4.0,0.0
20180709:1111,602.78,52.34,12.68,4.0,0.0
20180709:1211,766.75,52.17,13.71,4.48,0.0
20180709:1311,547.97,49.17,15.14,4.9,0.0
20180709:1411,629.52,43.96,15.83,5.31,0.0
20180709:1511,532.47,37.36,15.8,4.97,0.0
20180709:1611,442.55,30.04,15.46,4.69,0.0
20180709:1711,139.06,22.5,15.09,4.41,0.0
20180709:1811,86.91,15.13,14.54,4.14,0.0
20180709:1911,39.98,8.28,14.71,3.66,0.0
20180709:2011,5.21,2.26,14.12,3.31,0.0
20180709:2111,0.0,0.0,13.31,2.76,0.0
20180709:2211,0.0,0.0,12.66,2.55,0.0
20180709:2311,0.0,0.0,12.21,2.83,0.0
20180710:0011,0.0,0.0,11.77,2.69,0.0
20180710:0111,0.0,0.0,11.49,2.41,0.0
20180710:0211,0.0,0.0,10.91,2.21,0.0
20180710:0311,12.17,2.78,10.3,2.07,0.0
20180710:0411,41.72,8.9,10.49,2.0,0.0
20180710:0511,64.31,15.83,11.93,2.14,0.0
20180710:0611,79.96,23.24,13.69,2.41,0.0
20180710:0711,92.13,30.78,15.34,3.31,0.0
20180710:0811,662.24,38.05,16.58,3.52,0.0
20180710:0911,762.24,44.52,17.48,3.45,0.0
20180710:1011,833.24,49.51,18.31,3.24,0.0
20180710:1111,703.24,52.22,19.02,2.97,0.0
20180710:1211,889.23,52.06,19.98,2.9,0.0
20180710:1311,744.09,49.06,20.6,2.69,0.0
20180710:1411,455.16,43.87,20.78,2.14,0.0
20180710:1511,337.43,37.28,20.96,1.66,0.0
20180710:1611,225.85,29.96,20.73,1.17,0.0
20180710:1711,126.02,22.41,20.39,1.03,0.0
20180710:1811,53.89,15.04,19.88,1.17,0.0
20180710:1911,24.34,8.18,19.01,1.03,0.0
20180710:2011,0.87,2.17,18.3,0.48,0.0
20180710:2111,0.0,0.0,17.62,0.34,0.0
20180710:2211,0.0,0.0,16.9,0.55,0.0
20180710:2311,0.0,0.0,16.4,0.69,0.0
20180711:0011,0.0,0.0,15.86,0.69,0.0
20180711:0111,0.0,0.0,15.6,0.76,0.0
20180711:0211,0.0,0.0,15.2,0.9,0.0
20180711:0311,0.0,0.0,14.86,0.9,0.0
20180711:0411,0.0,0.0,14.34,0.97,0.0
20180711:0511,0.0,0.0,14.62,0.9,0.0
20180711:0611,0.0,0.0,16.99,0.97,0.0
20180711:0711,0.0,0.0,18.23,1.31,0.0
20180711:0811,643.94,37.92,19.35,1.45,0.0
20180711:0911,755.11,44.39,20.05,1.45,0.0
20180711:1011,202.3,49.38,20.39,1.24,0.0
20180711:1111,313.32,52.09,20.8,1.1,0.0
20180711:1211,578.06,51.93,20.85,0.55,0.0
20180711:1311,590.65,48.95,20.3,0.34,0.0
20180711:1411,606.62,43.77,20.01,1.17,0.0
20180711:1511,329.61,37.18,20.22,1.17,0.0
20180711:1611,331.13,29.87,20.09,0.97,0.0
20180711:1711,102.56,22.32,19.57,0.69,0.0
20180711:1811,92.13,14.95,18.72,1.24,0.0
20180711:1911,6.95,8.09,17.41,1.1,0.0
20180711:2011,0.87,2.06,16.45,1.03,0.0
20180711:2111,0.0,0.0,15.74,1.03,0.0
20180711:2211,0.0,0.0,14.86,0.9,0.0
20180711:2311,0.0,0.0,14.6,0.83,0.0
20180712:0011,0.0,0.0,14.63,0.76,0.0
20180712:0111,0.0,0.0,14.19,0.69,0.0
20180712:0211,0.0,0.0,13.86,0.69,0.0
20180712:0311,1.74,2.51,13.64,0.76,0.0
20180712:0411,38.24,8.64,13.66,0.76,0.0
20180712:0511,93.0,15.57,14.21,0.55,0.0
20180712:0611,142.53,22.98,15.4,0.62,0.0
20180712:0711,186.86,30.52,16.69,0.97,0.0
20180712:0811,571.18,37.79,17.53,1.24,0.0
20180712:0911,729.12,44.26,18.37,1.52,0.0
20180712:1011,927.23,49.24,19.25,1.66,0.0
20180712:1111,952.47,51.95,20.05,1.93,0.0
20180712:1211,939.66,51.8,20.3,2.55,0.0
20180712:1311,830.11,48.83,20.26,2.9,0.0
20180712:1411,785.71,43.66,18.99,2.34,0.0
20180712:1511,637.77,37.08,18.51,1.93,0.0
20180712:1611,418.62,29.77,19.04,1.86,0.0
20180712:1711,88.65,22.23,18.7,2.34,0.0
20180712:1811,65.18,14.85,18.03,2.0,0.0
20180712:1911,40.85,7.98,17.03,1.52,0.0
20180712:2011,5.21,1.95,15.96,1.24,0.0
20180712:2111,0.0,0.0,14.74,0.97,0.0
20180712:2211,0.0,0.0,13.27,0.76,0.0
20180712:2311,0.0,0.0,12.87,0.55,0.0
20180713:0011,0.0,0.0,12.24,0.48,0.0
20180713:0111,0.0,0.0,11.58,0.41,0.0
20180713:0211,0.0,0.0,10.8,0.62,0.0
20180713:0311,4.35,2.37,9.63,0.83,0.0
20180713:0411,46.06,8.5,9.5,0.83,0.0
20180713:0511,96.47,15.44,11.46,0.76,0.0
20180713:0611,126.02,22.85,13.51,0.55,0.0
20180713:0711,160.79,30.39,14.57,0.48,0.0
20180713:0811,572.25,37.65,15.82,0.83,0.0
20180713:0911,579.48,44.12,16.63,1.31,0.0
20180713:1011,581.26,49.1,17.38,1.66,0.0
20180713:1111,774.27,51.81,18.03,1.86,0.0
20180713:1211,964.36,51.66,18.62,1.93,0.0
20180713:1311,932.08,48.7,19.14,2.34,0.0
20180713:1411,803.11,43.54,19.34,2.76,0.0
20180713:1511,648.42,36.97,18.98,2.69,0.0
20180713:1611,430.2,29.67,18.46,2.41,0.0
20180713:1711,80.83,22.12,17.7,2.48,0.0
20180713:1811,62.58,14.74,16.71,2.14,0.0
20180713:1911,39.11,7.87,14.91,1.79,0.0
20180713:2011,0.87,1.83,13.62,1.45,0.0
20180713:2111,0.0,0.0,12.45,1.24,0.0
20180713:2211,0.0,0.0,11.52,1.03,0.0
20180713:2311,0.0,0.0,10.62,0.97,0.0
20180714:0011,0.0,0.0,9.79,0.9,0.0
20180714:0111,0.0,0.0,9.31,0.9,0.0
20180714:0211,0.0,0.0,8.83,0.97,0.0
20180714:0311,0.87,2.22,8.54,0.9,0.0
20180714:0411,13.91,8.36,8.61,0.76,0.0
20180714:0511,46.06,15.3,10.15,0.97,0.0
20180714:0611,117.33,22.71,11.28,1.1,0.0
20180714:0711,198.16,30.25,12.58,1.17,0.0
20180714:0811,407.29,37.51,13.94,1.24,0.0
20180714:0911,699.72,43.97,14.93,1.38,0.0
20180714:1011,809.91,48.95,16.18,1.45,0.0
20180714:1111,1030.59,51.66,17.35,2.07,0.0
20180714:1211,1009.67,51.52,18.03,2.41,0.0
20180714:1311,888.71,48.57,18.29,2.83,0.0
20180714:1411,806.03,43.42,18.25,2.97,0.0
20180714:1511,567.13,36.86,18.01,3.17,0.0
20180714:1611,353.28,29.56,17.33,3.17,0.0
20180714:1711,142.53,22.01,16.18,2.69,0.0
20180714:1811,88.65,14.63,15.22,2.14,0.0
20180714:1911,42.59,7.75,14.45,1.86,0.0
20180714:2011,0.87,1.71,13.58,1.66,0.0
20180714:2111,0.0,0.0,12.74,1.38,0.0
20180714:2211,0.0,0.0,12.01,1.03,0.0
20180714:2311,0.0,0.0,11.36,0.69,0.0
20180715:0011,0.0,0.0,10.97,0.34,0.0
20180715:0111,0.0,0.0,10.91,0.34,0.0
20180715:0211,0.0,0.0,10.55,0.48,0.0
20180715:0311,0.87,2.07,10.16,0.41,0.0
20180715:0411,7.82,8.21,10.02,0.41,0.0
20180715:0511,73.87,15.15,11.18,0.48,0.0
20180715:0611,108.64,22.57,12.86,0.83,0.0
20180715:0711,94.73,30.11,15.02,0.41,0.0
20180715:0811,648.29,37.36,16.8,0.07,0.0
20180715:0911,731.28,43.82,17.97,0.97,0.0
20180715:1011,883.75,48.79,18.98,1.59,0.0
20180715:1111,1008.49,51.5,19.8,1.72,0.0
20180715:1211,993.48,51.37,20.18,1.93,0.0
20180715:1311,927.55,48.43,20.52,1.93,0.0
20180715:1411,804.14,43.29,20.82,2.28,0.0
20180715:1511,631.7,36.74,20.64,2.48,0.0
20180715:1611,455.47,29.44,19.91,2.55,0.0
20180715:1711,76.48,21.9,19.18,2.34,0.0
20180715:1811,65.18,14.51,18.4,2.0,0.0
20180715:1911,38.24,7.63,17.54,1.93,0.0
20180715:2011,0.87,1.58,16.39,1.59,0.0
20180715:2111,0.0,0.0,15.27,1.17,0.0
20180715:2211,0.0,0.0,14.34,0.69,0.0
20180715:2311,0.0,0.0,13.7,0.21,0.0
20180716:0011,0.0,0.0,13.13,0.14,0.0
20180716:0111,0.0,0.0,12.85,0.41,0.0
20180716:0211,0.0,0.0,12.47,0.41,0.0
20180716:0311,0.87,1.92,12.31,0.28,0.0
20180716:0411,45.19,8.06,12.24,0.28,0.0
20180716:0511,66.92,15.01,12.86,0.41,0.0
20180716:0611,82.57,22.42,14.35,0.83,0.0
20180716:0711,96.47,29.96,15.74,1.1,0.0
20180716:0811,638.17,37.21,16.92,1.66,0.0
20180716:0911,728.19,43.67,18.0,2.0,0.0
20180716:1011,731.2,48.63,18.66,2.28,0.0
20180716:1111,682.28,51.34,19.2,2.55,0.0
20180716:1211,713.46,51.22,19.58,2.62,0.0
20180716:1311,681.13,48.29,19.96,2.55,0.0
20180716:1411,696.54,43.16,20.09,2.34,0.0
20180716:1511,548.56,36.62,20.21,2.28,0.0
20180716:1611,405.65,29.32,19.95,2.48,0.0
20180716:1711,91.26,21.78,19.26,2.48,0.0
20180716:1811,73.87,14.39,18.48,2.28,0.0
20180716:1911,41.72,7.5,17.7,1.59,0.0
20180716:2011,0.87,1.44,16.96,1.1,0.0
20180716:2111,0.0,0.0,16.08,0.62,0.0
20180716:2211,0.0,0.0,15.19,0.41,0.0
20180716:2311,0.0,0.0,13.97,0.9,0.0
20180717:0011,0.0,0.0,12.92,1.31,0.0
20180717:0111,0.0,0.0,12.29,1.45,0.0
20180717:0211,0.0,0.0,11.95,1.52,0.0
20180717:0311,0.87,1.76,11.7,1.45,0.0
20180717:0411,45.19,7.91,11.46,1.52,0.0
20180717:0511,89.52,14.85,12.49,1.45,0.0
20180717:0611,135.58,22.27,15.48,1.52,0.0
20180717:0711,0.0,0.0,16.65,1.86,0.0
20180717:0811,255.31,37.06,17.88,2.41,0.0
20180717:0911,361.4,43.51,19.06,2.9,0.0
20180717:1011,206.92,48.47,19.58,3.24,0.0
20180717:1111,109.93,51.18,18.74,4.0,0.0
20180717:1211,277.45,51.05,17.37,3.03,0.0
20180717:1311,283.9,48.14,16.9,2.21,0.0
20180717:1411,421.03,43.02,18.33,2.62,0.0
20180717:1511,338.17,36.48,18.77,2.48,0.0
20180717:1611,364.37,29.19,16.55,2.48,0.0
20180717:1711,107.77,21.65,15.72,1.31,0.0
20180717:1811,14.77,14.26,15.63,1.31,0.0
20180717:1911,6.08,7.36,15.34,1.03,0.0
20180717:2011,0.0,0.0,15.02,1.31,0.0
20180717:2111,0.0,0.0,14.07,1.38,0.0
20180717:2211,0.0,0.0,13.49,1.24,0.0
20180717:2311,0.0,0.0,12.89,1.38,0.0
20180718:0011,0.0,0.0,12.11,1.38,0.0
20180718:0111,0.0,0.0,11.59,1.31,0.0
20180718:0211,0.0,0.0,11.71,1.17,0.0
20180718:0311,5.21,1.59,11.32,1.17,0.0
20180718:0411,41.72,7.74,11.3,1.1,0.0
20180718:0511,90.39,14.7,12.53,1.1,0.0
20180718:0611,144.27,22.12,13.58,1.03,0.0
20180718:0711,176.43,29.65,14.95,1.31,0.0
20180718:0811,323.65,36.9,15.7,1.79,0.0
20180718:0911,297.17,43.34,15.95,1.93,0.0
20180718:1011,84.98,48.3,15.83,2.28,0.0
20180718:1111,201.38,51.0,15.5,1.93,0.0
20180718:1211,619.03,50.89,16.13,2.55,0.0
20180718:1311,289.08,47.98,14.81,2.76,0.0
20180718:1411,216.06,42.87,14.33,2.48,0.0
20180718:1511,234.71,36.35,14.07,2.07,0.0
20180718:1611,151.7,29.06,13.87,2.14,0.0
20180718:1711,119.94,21.52,13.66,2.0,0.0
20180718:1811,34.76,14.12,13.18,1.86,0.0
20180718:1911,19.99,7.22,12.75,1.66,0.0
20180718:2011,0.0,0.0,12.03,1.45,0.0
20180718:2111,0.0,0.0,11.25,1.38,0.0
20180718:2211,0.0,0.0,10.77,1.31,0.0
20180718:2311,0.0,0.0,10.36,1.24,0.0
20180719:0011,0.0,0.0,10.12,1.1,0.0
20180719:0111,0.0,0.0,9.78,1.1,0.0
20180719:0211,0.0,0.0,9.65,1.1,0.0
20180719:0311,0.87,1.42,9.48,1.17,0.0
20180719:0411,38.24,7.58,9.51,1.17,0.0
20180719:0511,91.26,14.54,9.73,1.45,0.0
20180719:0611,124.28,21.96,10.22,1.59,0.0
20180719:0711,162.52,29.49,11.76,1.31,0.0
20180719:0811,381.49,36.74,12.78,1.24,0.0
20180719:0911,730.62,43.17,13.95,1.03,0.0
20180719:1011,912.56,48.13,15.23,0.69,0.0
20180719:1111,993.47,50.83,16.15,0.55,0.0
20180719:1211,1010.31,50.71,17.08,0.76,0.0
20180719:1311,905.76,47.81,17.85,1.24,0.0
20180719:1411,807.31,42.72,18.16,1.52,0.0
20180719:1511,641.86,36.2,18.18,1.72,0.0
20180719:1611,435.62,28.92,17.71,1.86,0.0
20180719:1711,124.28,21.38,17.01,1.79,0.0
20180719:1811,39.98,13.98,16.25,1.52,0.0
20180719:1911,39.98,7.07,15.07,1.66,0.0
20180719:2011,0.0,0.0,13.92,1.45,0.0
20180719:2111,0.0,0.0,12.68,1.31,0.0
20180719:2211,0.0,0.0,11.51,1.03,0.0
20180719:2311,0.0,0.0,10.48,0.9,0.0
20180720:0011,0.0,0.0,10.04,0.83,0.0
20180720:0111,0.0,0.0,10.12,0.69,0.0
20180720:0211,0.0,0.0,9.72,0.69,0.0
20180720:0311,0.0,0.0,9.44,0.62,0.0
20180720:0411,6.95,7.41,9.13,0.69,0.0
20180720:0511,32.16,14.37,9.6,0.76,0.0
20180720:0611,104.29,21.79,10.29,0.83,0.0
20180720:0711,172.95,29.33,12.16,1.03,0.0
20180720:0811,339.75,36.57,13.44,1.03,0.0
20180720:0911,458.37,43.0,14.91,0.62,0.0
20180720:1011,715.28,47.94,15.87,0.76,0.0
20180720:1111,910.86,50.64,16.58,1.24,0.0
20180720:1211,902.29,50.53,17.05,1.59,0.0
20180720:1311,855.54,47.64,17.55,1.93,0.0
20180720:1411,798.44,42.56,17.59,2.21,0.0
20180720:1511,653.67,36.05,17.42,2.41,0.0
20180720:1611,425.99,28.77,16.77,2.9,0.0
20180720:1711,93.86,21.23,16.07,2.69,0.0
20180720:1811,79.09,13.83,15.22,2.34,0.0
20180720:1911,37.37,6.92,14.14,2.0,0.0
20180720:2011,0.0,0.0,13.14,1.52,0.0
20180720:2111,0.0,0.0,12.03,1.38,0.0
20180720:2211,0.0,0.0,10.68,1.1,0.0
20180720:2311,0.0,0.0,10.46,0.76,0.0
20180721:0011,0.0,0.0,10.21,0.48,0.0
20180721:0111,0.0,0.0,9.32,0.41,0.0
20180721:0211,0.0,0.0,8.96,0.55,0.0
20180721:0311,0.0,0.0,8.64,0.76,0.0
20180721:0411,6.08,7.24,8.04,0.9,0.0
20180721:0511,31.29,14.2,8.6,1.24,0.0
20180721:0611,137.32,21.63,9.85,1.59,0.0
20180721:0711,119.94,29.16,11.31,1.72,0.0
20180721:0811,338.48,36.4,12.25,2.0,0.0
20180721:0911,439.15,42.82,12.67,2.21,0.0
20180721:1011,314.26,47.76,13.11,2.34,0.0
20180721:1111,289.76,50.45,13.74,2.34,0.0
20180721:1211,203.22,50.35,14.07,2.55,0.0
20180721:1311,200.45,47.47,14.18,2.62,0.0
20180721:1411,232.67,42.4,14.19,2.69,0.0
20180721:1511,170.27,35.89,13.78,2.69,0.0
20180721:1611,131.17,28.62,13.65,2.83,0.0
20180721:1711,79.96,21.08,13.33,2.9,0.0
20180721:1811,78.22,13.67,12.58,2.55,0.0
20180721:1911,7.82,6.76,12.13,1.93,0.0
20180721:2011,0.0,0.0,11.54,1.66,0.0
20180721:2111,0.0,0.0,10.87,1.52,0.0
20180721:2211,0.0,0.0,10.44,1.38,0.0
20180721:2311,0.0,0.0,10.16,1.31,0.0
20180722:0011,0.0,0.0,9.95,1.24,0.0
20180722:0111,0.0,0.0,9.7,1.24,0.0
20180722:0211,0.0,0.0,9.54,1.17,0.0
20180722:0311,0.0,0.0,9.42,1.31,0.0
20180722:0411,6.08,7.06,9.43,1.31,0.0
20180722:0511,28.68,14.03,9.57,1.38,0.0
20180722:0611,66.92,21.46,10.14,1.24,0.0
20180722:0711,188.6,28.99,10.99,0.97,0.0
20180722:0811,247.58,36.23,11.92,1.38,0.0
20180722:0911,503.76,42.64,12.57,1.59,0.0
20180722:1011,781.34,47.57,13.5,1.72,0.0
20180722:1111,811.33,50.26,14.48,2.28,0.0
20180722:1211,924.13,50.15,14.8,2.48,0.0
20180722:1311,831.55,47.28,15.15,2.55,0.0
20180722:1411,366.45,42.22,15.52,2.62,0.0
20180722:1511,394.83,35.73,15.56,2.69,0.0
20180722:1611,233.89,28.46,15.16,2.69,0.0
20180722:1711,97.34,20.92,14.75,2.55,0.0
20180722:1811,62.58,13.51,14.09,2.34,0.0
20180722:1911,32.16,6.59,12.35,2.21,0.0
20180722:2011,0.0,0.0,11.5,2.0,0.0
20180722:2111,0.0,0.0,10.8,1.86,0.0
20180722:2211,0.0,0.0,10.45,1.86,0.0
20180722:2311,0.0,0.0,10.24,1.86,0.0
20180723:0011,0.0,0.0,10.08,1.86,0.0
20180723:0111,0.0,0.0,10.08,1.79,0.0
20180723:0211,0.0,0.0,10.02,1.72,0.0
20180723:0311,0.0,0.0,10.01,1.72,0.0
20180723:0411,13.04,6.88,10.04,1.86,0.0
20180723:0511,83.43,13.85,10.21,1.72,0.0
20180723:0611,115.59,21.28,10.79,1.72,0.0
20180723:0711,186.86,28.82,12.14,1.52,0.0
20180723:0811,240.8,36.05,13.54,1.59,0.0
20180723:0911,594.07,42.45,14.86,1.79,0.0
20180723:1011,533.97,47.37,16.55,2.34,0.0
20180723:1111,560.11,50.06,17.1,2.69,0.0
20180723:1211,576.53,49.96,17.52,2.76,0.0
20180723:1311,257.5,47.1,17.83,2.97,0.0
20180723:1411,161.66,42.05,17.69,3.24,0.0
20180723:1511,98.84,35.56,17.5,3.24,0.0
20180723:1611,159.39,28.3,17.36,3.45,0.0
20180723:1711,42.59,20.76,16.95,3.31,0.0
20180723:1811,48.67,13.35,16.03,3.03,0.0
20180723:1911,22.6,6.42,14.87,2.55,0.0
20180723:2011,0.0,0.0,14.01,1.86,0.0
20180723:2111,0.0,0.0,13.33,1.59,0.0
20180723:2211,0.0,0.0,12.96,1.59,0.0
20180723:2311,0.0,0.0,12.58,1.45,0.0
20180724:0011,0.0,0.0,12.37,0.97,0.0
20180724:0111,0.0,0.0,12.28,0.83,0.0
20180724:0211,0.0,0.0,12.15,0.97,0.0
20180724:0311,0.0,0.0,11.97,0.9,0.0
20180724:0411,26.07,6.69,11.9,0.97,0.0
20180724:0511,27.81,13.67,12.09,1.17,0.0
20180724:0611,99.95,21.1,12.83,1.52,0.0
20180724:0711,182.51,28.64,14.52,1.79,0.0
20180724:0811,153.34,35.86,15.53,2.41,0.0
20180724:0911,217.49,42.26,16.46,3.45,0.0
20180724:1011,199.53,47.17,16.1,3.1,0.0
20180724:1111,143.18,49.85,15.33,2.76,0.0
20180724:1211,194.91,49.75,14.95,2.55,0.0
20180724:1311,152.42,46.9,15.3,2.14,0.0
20180724:1411,265.55,41.86,15.41,2.14,0.0
20180724:1511,63.74,35.39,15.34,1.86,0.0
20180724:1611,212.35,28.12,15.28,1.59,0.0
20180724:1711,128.63,20.59,15.21,1.38,0.0
20180724:1811,79.96,13.17,15.03,1.52,0.0
20180724:1911,31.29,6.24,14.67,1.17,0.0
20180724:2011,0.0,0.0,14.36,0.9,0.0
20180724:2111,0.0,0.0,14.24,0.9,0.0
20180724:2211,0.0,0.0,13.98,0.97,0.0
20180724:2311,0.0,0.0,13.73,1.1,0.0
20180725:0011,0.0,0.0,13.45,1.66,0.0
20180725:0111,0.0,0.0,13.29,1.66,0.0
20180725:0211,0.0,0.0,13.22,1.72,0.0
20180725:0311,0.0,0.0,13.14,1.59,0.0
20180725:0411,5.21,6.51,12.99,1.59,0.0
20180725:0511,36.5,13.49,12.9,1.59,0.0
20180725:0611,103.42,20.92,13.04,1.86,0.0
20180725:0711,149.49,28.46,13.35,1.79,0.0
20180725:0811,192.24,35.68,13.42,2.07,0.0
20180725:0911,223.98,42.07,14.26,2.41,0.0
20180725:1011,472.56,46.97,15.3,2.76,0.0
20180725:1111,539.43,49.64,15.65,2.9,0.0
20180725:1211,631.46,49.54,15.97,2.97,0.0
20180725:1311,512.46,46.7,15.92,3.03,0.0
20180725:1411,540.31,41.67,15.71,3.17,0.0
20180725:1511,344.54,35.2,15.42,3.1,0.0
20180725:1611,307.83,27.95,15.18,3.03,0.0
20180725:1711,119.94,20.41,14.63,2.76,0.0
20180725:1811,79.96,12.99,13.94,2.14,0.0
20180725:1911,29.55,6.06,13.51,1.72,0.0
20180725:2011,0.0,0.0,12.71,1.17,0.0
20180725:2111,0.0,0.0,11.82,1.17,0.0
20180725:2211,0.0,0.0,10.59,1.03,0.0
20180725:2311,0.0,0.0,10.33,0.9,0.0
20180726:0011,0.0,0.0,10.43,0.69,0.0
20180726:0111,0.0,0.0,10.04,0.55,0.0
20180726:0211,0.0,0.0,9.79,0.55,0.0
20180726:0311,0.0,0.0,9.5,0.69,0.0
20180726:0411,34.76,6.31,9.28,0.76,0.0
20180726:0511,69.53,13.3,9.06,1.1,0.0
20180726:0611,79.09,20.74,11.07,1.31,0.0
20180726:0711,91.26,28.27,12.17,1.38,0.0
20180726:0811,651.52,35.49,14.85,0.9,0.0
20180726:0911,817.62,41.87,16.59,0.9,0.0
20180726:1011,945.95,46.76,17.93,1.52,0.0
20180726:1111,1008.85,49.42,19.04,1.86,0.0
20180726:1211,1019.08,49.33,19.94,2.14,0.0
20180726:1311,927.08,46.49,20.5,2.34,0.0
20180726:1411,807.42,41.48,20.72,2.34,0.0
20180726:1511,631.62,35.02,20.65,2.21,0.0
20180726:1611,424.85,27.77,20.45,1.93,0.0
20180726:1711,86.04,20.23,19.98,1.72,0.0
20180726:1811,60.84,12.81,19.27,1.45,0.0
20180726:1911,32.16,5.86,18.63,0.9,0.0
20180726:2011,0.0,0.0,17.39,0.34,0.0
20180726:2111,0.0,0.0,16.84,0.21,0.0
20180726:2211,0.0,0.0,15.7,0.9,0.0
20180726:2311,0.0,0.0,14.48,1.24,0.0
20180727:0011,0.0,0.0,13.91,1.38,0.0
20180727:0111,0.0,0.0,14.0,1.45,0.0
20180727:0211,0.0,0.0,13.56,1.52,0.0
20180727:0311,0.0,0.0,13.02,1.52,0.0
20180727:0411,33.9,6.12,12.65,1.52,0.0
20180727:0511,65.18,13.11,13.36,1.45,0.0
20180727:0611,87.78,20.55,16.39,1.52,0.0
20180727:0711,102.56,28.08,18.94,1.72,0.0
20180727:0811,627.15,35.29,20.33,2.0,0.0
20180727:0911,797.26,41.67,21.41,2.69,0.0
20180727:1011,911.05,46.55,22.4,2.9,0.0
20180727:1111,951.12,49.2,23.25,2.97,0.0
20180727:1211,906.03,49.11,23.81,3.03,0.0
20180727:1311,821.07,46.28,24.39,3.24,0.0
20180727:1411,599.97,41.27,24.55,3.24,0.0
20180727:1511,547.37,34.82,24.47,3.17,0.0
20180727:1611,421.22,27.58,24.36,3.24,0.0
20180727:1711,80.83,20.04,24.0,3.38,0.0
20180727:1811,63.45,12.62,23.29,3.31,0.0
20180727:1911,30.42,5.67,22.23,2.83,0.0
20180727:2011,0.0,0.0,20.78,3.1,0.0
20180727:2111,0.0,0.0,19.37,2.83,0.0
20180727:2211,0.0,0.0,18.34,2.76,0.0
20180727:2311,0.0,0.0,17.57,2.69,0.0
20180728:0011,0.0,0.0,16.95,2.76,0.0
20180728:0111,0.0,0.0,16.57,2.9,0.0
20180728:0211,0.0,0.0,16.44,3.03,0.0
20180728:0311,0.0,0.0,16.32,3.17,0.0
20180728:0411,26.94,5.92,16.12,3.1,0.0
20180728:0511,78.22,12.92,16.81,2.97,0.0
20180728:0611,63.45,20.36,17.71,3.59,0.0
20180728:0711,182.51,27.89,19.23,4.69,0.0
20180728:0811,237.51,35.09,19.66,5.52,0.0
20180728:0911,503.48,41.46,19.72,5.86,0.0
20180728:1011,266.68,46.33,19.96,5.86,0.0
20180728:1111,99.76,48.98,19.62,5.93,0.0
20180728:1211,230.56,48.88,18.09,5.03,0.0
20180728:1311,119.16,46.06,17.89,5.66,0.0
20180728:1411,358.83,41.07,18.44,5.59,0.0
20180728:1511,325.18,34.62,18.57,5.72,0.0
20180728:1611,237.21,27.38,18.21,4.9,0.0
20180728:1711,56.49,19.85,18.29,5.24,0.0
20180728:1811,27.81,12.42,17.32,4.0,0.0
20180728:1911,5.21,5.47,15.81,2.97,0.0
20180728:2011,0.0,0.0,15.47,2.41,0.0
20180728:2111,0.0,0.0,15.54,2.48,0.0
20180728:2211,0.0,0.0,15.35,2.41,0.0
20180728:2311,0.0,0.0,15.27,1.93,0.0
20180729:0011,0.0,0.0,15.1,1.59,0.0
20180729:0111,0.0,0.0,14.91,1.31,0.0
20180729:0211,0.0,0.0,14.18,1.93,0.0
20180729:0311,0.0,0.0,13.2,2.48,0.0
20180729:0411,10.43,5.71,12.19,1.66,0.0
20180729:0511,70.4,12.72,11.77,1.17,0.0
20180729:0611,82.57,20.17,12.13,1.59,0.0
20180729:0711,99.08,27.69,12.58,2.14,0.0
20180729:0811,405.94,34.89,13.46,2.55,0.0
20180729:0911,449.79,41.25,14.43,3.31,0.0
20180729:1011,239.93,46.11,15.46,4.28,0.0
20180729:1111,193.99,48.75,15.96,3.93,0.0
20180729:1211,509.25,48.65,16.18,3.45,0.0
20180729:1311,710.23,45.84,16.56,3.66,0.0
20180729:1411,575.21,40.85,16.76,3.79,0.0
20180729:1511,503.82,34.42,16.85,3.93,0.0
20180729:1611,235.28,27.18,16.71,4.0,0.0
20180729:1711,99.95,19.65,16.17,3.86,0.0
20180729:1811,49.54,12.22,15.53,3.45,0.0
20180729:1911,14.77,5.26,14.96,3.52,0.0
20180729:2011,0.0,0.0,14.06,3.45,0.0
20180729:2111,0.0,0.0,13.32,2.83,0.0
20180729:2211,0.0,0.0,12.7,2.34,0.0
20180729:2311,0.0,0.0,11.87,2.21,0.0
20180730:0011,0.0,0.0,11.88,2.48,0.0
20180730:0111,0.0,0.0,11.74,2.62,0.0
20180730:0211,0.0,0.0,11.65,2.55,0.0
20180730:0311,0.0,0.0,11.59,2.9,0.0
20180730:0411,29.55,5.51,11.54,2.83,0.0
20180730:0511,58.23,12.52,11.67,2.48,0.0
20180730:0611,31.29,19.97,12.27,2.28,0.0
20180730:0711,100.82,27.49,13.48,3.93,0.0
20180730:0811,116.39,34.69,13.61,3.86,0.0
20180730:0911,232.93,41.03,14.69,3.93,0.0
20180730:1011,83.14,45.88,15.06,3.72,0.0
20180730:1111,118.24,48.51,14.92,3.38,0.0
20180730:1211,221.33,48.41,14.56,2.83,0.0
20180730:1311,238.63,45.61,14.96,2.34,0.0
20180730:1411,133.94,40.63,14.77,1.79,0.0
20180730:1511,184.9,34.21,15.11,1.72,0.0
20180730:1611,178.46,26.98,15.51,1.93,0.0
20180730:1711,120.81,19.44,15.54,2.21,0.0
20180730:1811,12.17,12.01,15.23,2.28,0.0
20180730:1911,5.21,5.04,14.63,1.79,0.0
20180730:2011,0.0,0.0,14.2,1.52,0.0
20180730:2111,0.0,0.0,13.6,1.59,0.0
20180730:2211,0.0,0.0,13.05,1.79,0.0
20180730:2311,0.0,0.0,13.1,1.93,0.0
20180731:0011,0.0,0.0,12.97,2.0,0.0
20180731:0111,0.0,0.0,12.83,1.93,0.0
20180731:0211,0.0,0.0,12.82,2.0,0.0
20180731:0311,0.0,0.0,12.9,2.14,0.0
20180731:0411,4.35,5.3,12.67,2.07,0.0
20180731:0511,12.17,12.32,12.94,2.41,0.0
20180731:0611,21.73,19.77,13.35,2.83,0.0
20180731:0711,32.16,27.29,14.56,2.83,0.0
20180731:0811,82.21,34.48,15.01,2.76,0.0
20180731:0911,111.77,40.82,15.18,2.0,0.0
20180731:1011,109.0,45.65,15.59,2.14,0.0
20180731:1111,192.14,48.27,15.61,1.79,0.0
20180731:1211,84.06,48.17,15.83,1.66,0.0
20180731:1311,133.94,45.37,15.84,1.59,0.0
20180731:1411,60.97,40.41,16.15,2.07,0.0
20180731:1511,62.81,33.99,15.59,2.28,0.0
20180731:1611,36.03,26.76,15.11,1.93,0.0
20180731:1711,26.94,19.23,14.83,1.31,0.0
20180731:1811,11.3,11.8,14.4,1.93,0.0
20180731:1911,11.3,4.83,13.45,1.66,0.0
20180731:2011,0.0,0.0,12.63,1.66,0.0
20180731:2111,0.0,0.0,12.12,1.31,0.0
20180731:2211,0.0,0.0,11.87,1.17,0.0
20180731:2311,0.0,0.0,11.67,1.17,0.0
20180801:0011,0.0,0.0,11.55,1.24,0.0
20180801:0111,0.0,0.0,11.68,1.45,0.0
20180801:0211,0.0,0.0,11.59,1.38,0.0
20180801:0311,0.0,0.0,11.4,1.17,0.0
20180801:0411,6.95,5.09,11.03,1.1,0.0
20180801:0511,59.1,12.11,10.89,1.31,0.0
20180801:0611,106.03,19.56,10.73,1.24,0.0
20180801:0711,106.03,27.09,11.19,1.38,0.0
20180801:0811,620.8,34.27,12.05,1.59,0.0
20180801:0911,606.39,40.59,13.2,1.86,0.0
20180801:1011,365.36,45.41,14.13,2.34,0.0
20180801:1111,430.1,48.02,15.15,3.1,0.0
20180801:1211,419.4,47.92,15.32,3.03,0.0
20180801:1311,471.08,45.13,15.3,2.83,0.0
20180801:1411,334.32,40.18,15.48,2.62,0.0
20180801:1511,313.79,33.77,15.52,2.48,0.0
20180801:1611,151.26,26.55,15.61,2.41,0.0
20180801:1711,122.54,19.01,15.08,2.41,0.0
20180801:1811,53.89,11.58,14.35,2.21,0.0
20180801:1911,9.56,4.6,13.88,1.31,0.0
20180801:2011,0.0,0.0,12.99,1.03,0.0
20180801:2111,0.0,0.0,12.04,0.62,0.0
20180801:2211,0.0,0.0,11.75,0.14,0.0
20180801:2311,0.0,0.0,11.29,0.14,0.0
20180802:0011,0.0,0.0,11.03,0.21,0.0
20180802:0111,0.0,0.0,10.94,0.28,0.0
20180802:0211,0.0,0.0,10.85,0.55,0.0
20180802:0311,0.0,0.0,10.9,0.55,0.0
20180802:0411,3.48,4.87,10.89,0.62,0.0
20180802:0511,43.46,11.9,10.95,0.69,0.0
20180802:0611,21.73,19.36,11.02,0.97,0.0
20180802:0711,90.39,26.88,11.53,1.1,0.0
20180802:0811,145.03,34.05,11.7,1.31,0.0
20180802:0911,156.11,40.37,11.83,1.38,0.0
20180802:1011,104.38,45.17,12.15,1.93,0.0
20180802:1111,111.77,47.77,13.03,2.83,0.0
20180802:1211,179.21,47.67,13.11,2.76,0.0
20180802:1311,119.16,44.88,13.54,3.1,0.0
20180802:1411,92.37,39.94,13.25,2.83,0.0
20180802:1511,186.27,33.54,13.26,2.55,0.0
20180802:1611,123.95,26.32,13.15,2.34,0.0
20180802:1711,68.66,18.79,13.06,2.14,0.0
20180802:1811,46.93,11.35,12.98,2.07,0.0
20180802:1911,7.82,4.37,12.58,1.45,0.0
20180802:2011,0.0,0.0,12.34,0.97,0.0
20180802:2111,0.0,0.0,11.86,0.62,0.0
20180802:2211,0.0,0.0,11.64,0.55,0.0
20180802:2311,0.0,0.0,11.76,0.41,0.0
20180803:0011,0.0,0.0,11.42,0.41,0.0
20180803:0111,0.0,0.0,11.23,0.41,0.0
20180803:0211,0.0,0.0,11.22,0.48,0.0
20180803:0311,0.0,0.0,10.93,0.41,0.0
20180803:0411,3.48,4.65,10.69,0.28,0.0
20180803:0511,46.93,11.69,10.6,0.41,0.0
20180803:0611,119.07,19.15,11.09,0.9,0.0
20180803:0711,66.92,26.67,11.72,1.03,0.0
20180803:0811,180.38,33.84,11.68,0.9,0.0
20180803:0911,172.74,40.14,11.89,0.97,0.0
20180803:1011,112.7,44.93,12.13,1.03,0.0
20180803:1111,99.76,47.52,12.49,1.1,0.0
20180803:1211,256.08,47.41,12.46,1.38,0.0
20180803:1311,153.34,44.63,12.25,1.17,0.0
20180803:1411,158.88,39.7,12.67,1.38,0.0
20180803:1511,117.32,33.31,13.46,1.66,0.0
20180803:1611,67.43,26.09,13.99,2.0,0.0
20180803:1711,29.55,18.56,13.12,2.21,0.0
20180803:1811,38.24,11.12,13.11,2.28,0.0
20180803:1911,4.35,4.13,12.89,1.66,0.0
20180803:2011,0.0,0.0,12.29,1.45,0.0
20180803:2111,0.0,0.0,11.79,1.24,0.0
20180803:2211,0.0,0.0,11.71,1.38,0.0
20180803:2311,0.0,0.0,11.72,1.52,0.0
20180804:0011,0.0,0.0,11.48,1.52,0.0
20180804:0111,0.0,0.0,11.3,1.52,0.0
20180804:0211,0.0,0.0,10.92,1.45,0.0
20180804:0311,0.0,0.0,10.9,1.31,0.0
20180804:0411,3.48,4.43,10.67,1.31,0.0
20180804:0511,69.53,11.47,10.85,1.59,0.0
20180804:0611,74.74,18.93,11.22,1.66,0.0
20180804:0711,150.36,26.45,11.94,1.72,0.0
20180804:0811,266.59,33.62,12.86,1.52,0.0
20180804:0911,433.45,39.9,13.31,1.79,0.0
20180804:1011,361.53,44.68,13.76,1.93,0.0
20180804:1111,234.89,47.26,13.3,2.0,0.0
20180804:1211,270.31,47.15,13.65,2.21,0.0
20180804:1311,244.89,44.37,14.05,2.34,0.0
20180804:1411,387.67,39.45,13.48,2.48,0.0
20180804:1511,296.25,33.07,13.0,2.48,0.0
20180804:1611,168.06,25.86,12.61,2.55,0.0
20180804:1711,32.16,18.33,11.98,2.28,0.0
20180804:1811,52.15,10.89,11.31,2.14,0.0
20180804:1911,2.61,3.89,10.59,2.07,0.0
20180804:2011,0.0,0.0,9.67,1.86,0.0
20180804:2111,0.0,0.0,9.16,2.14,0.0
20180804:2211,0.0,0.0,8.38,2.07,0.0
20180804:2311,0.0,0.0,7.83,2.0,0.0
20180805:0011,0.0,0.0,7.46,2.07,0.0
20180805:0111,0.0,0.0,6.95,2.14,0.0
20180805:0211,0.0,0.0,6.84,2.28,0.0
20180805:0311,0.0,0.0,6.65,2.41,0.0
20180805:0411,3.48,4.2,6.61,2.21,0.0
20180805:0511,52.15,11.25,6.85,2.41,0.0
20180805:0611,83.43,18.72,7.56,3.31,0.0
20180805:0711,152.09,26.24,8.23,3.72,0.0
20180805:0811,275.13,33.39,8.44,3.72,0.0
20180805:0911,352.49,39.67,8.82,3.66,0.0
20180805:1011,259.09,44.43,9.47,4.34,0.0
20180805:1111,176.44,47.0,9.74,4.41,0.0
20180805:1211,512.65,46.88,9.75,4.28,0.0
20180805:1311,173.66,44.11,9.88,4.28,0.0
20180805:1411,352.32,39.2,9.54,4.21,0.0
20180805:1511,226.64,32.82,9.56,4.28,0.0
20180805:1611,248.75,25.62,9.0,3.93,0.0
20180805:1711,79.09,18.09,8.46,3.38,0.0
20180805:1811,24.34,10.65,8.29,3.17,0.0
20180805:1911,2.61,3.65,7.95,2.41,0.0
20180805:2011,0.0,0.0,7.46,2.07,0.0
20180805:2111,0.0,0.0,6.98,1.93,0.0
20180805:2211,0.0,0.0,6.44,1.66,0.0
20180805:2311,0.0,0.0,6.16,1.66,0.0
20180806:0011,0.0,0.0,6.13,1.86,0.0
20180806:0111,0.0,0.0,5.71,1.45,0.0
20180806:0211,0.0,0.0,5.63,1.31,0.0
20180806:0311,0.0,0.0,5.69,1.31,0.0
20180806:0411,2.61,3.97,5.74,1.17,0.0
20180806:0511,13.04,11.03,6.01,0.97,0.0
20180806:0611,32.16,18.5,6.4,0.83,0.0
20180806:0711,70.4,26.02,7.32,0.83,0.0
20180806:0811,100.69,33.16,7.81,0.83,0.0
20180806:0911,263.18,39.43,8.46,0.97,0.0
20180806:1011,143.18,44.18,9.14,1.17,0.0
20180806:1111,136.71,46.73,10.11,1.52,0.0
20180806:1211,175.51,46.61,10.09,1.52,0.0
20180806:1311,133.02,43.84,10.34,1.52,0.0
20180806:1411,61.89,38.94,10.31,1.59,0.0
20180806:1511,128.4,32.57,10.11,1.59,0.0
20180806:1611,96.07,25.38,10.04,1.72,0.0
20180806:1711,62.58,17.85,10.12,1.66,0.0
20180806:1811,46.93,10.4,10.31,1.72,0.0
20180806:1911,3.48,3.39,10.34,2.41,0.0
20180806:2011,0.0,0.0,10.47,2.34,0.0
20180806:2111,0.0,0.0,10.53,2.41,0.0
20180806:2211,0.0,0.0,10.49,1.93,0.0
20180806:2311,0.0,0.0,10.58,2.14,0.0
20180807:0011,0.0,0.0,10.63,1.72,0.0
20180807:0111,0.0,0.0,10.71,1.17,0.0
20180807:0211,0.0,0.0,10.42,0.9,0.0
20180807:0311,0.0,0.0,10.08,0.69,0.0
20180807:0411,2.61,3.74,10.1,0.83,0.0
20180807:0511,29.55,10.81,10.39,1.24,0.0
20180807:0611,0.0,0.0,10.76,1.45,0.0
20180807:0711,156.44,25.8,11.35,1.72,0.0
20180807:0811,401.93,32.93,11.75,2.0,0.0
20180807:0911,408.51,39.18,12.39,2.62,0.0
20180807:1011,506.98,43.92,13.58,2.97,0.0
20180807:1111,283.51,46.45,15.03,3.24,0.0
20180807:1211,160.73,46.33,15.76,3.17,0.0
20180807:1311,399.04,43.57,16.02,3.1,0.0
20180807:1411,197.8,38.67,16.05,2.76,0.0
20180807:1511,223.14,32.32,16.27,2.69,0.0
20180807:1611,204.08,25.13,15.53,2.28,0.0
20180807:1711,105.16,17.6,15.73,2.0,0.0
20180807:1811,59.1,10.15,14.79,2.07,0.0
20180807:1911,8.69,3.14,14.49,1.31,0.0
20180807:2011,0.0,0.0,13.74,1.45,0.0
20180807:2111,0.0,0.0,12.43,1.45,0.0
20180807:2211,0.0,0.0,11.34,1.52,0.0
20180807:2311,0.0,0.0,10.68,1.66,0.0
20180808:0011,0.0,0.0,10.07,1.72,0.0
20180808:0111,0.0,0.0,9.67,1.79,0.0
20180808:0211,0.0,0.0,9.73,1.86,0.0
20180808:0311,0.0,0.0,9.59,1.93,0.0
20180808:0411,17.38,3.51,9.65,1.93,0.0
20180808:0511,61.71,10.58,10.31,2.07,0.0
20180808:0611,21.73,18.06,11.34,2.34,0.0
20180808:0711,42.59,25.57,12.14,1.72,0.0
20180808:0811,109.93,32.7,12.49,1.45,0.0
20180808:0911,117.32,38.94,12.74,1.38,0.0
20180808:1011,81.29,43.65,12.86,1.17,0.0
20180808:1111,100.69,46.18,13.05,1.1,0.0
20180808:1211,127.48,46.05,13.12,1.17,0.0
20180808:1311,95.15,43.29,13.16,1.03,0.0
20180808:1411,88.68,38.4,13.0,1.1,0.0
20180808:1511,85.91,32.06,13.14,1.1,0.0
20180808:1611,117.52,24.87,13.45,0.97,0.0
20180808:1711,50.41,17.34,13.52,1.59,0.0
20180808:1811,57.36,9.89,13.35,2.21,0.0
20180808:1911,5.21,2.87,13.35,2.0,0.0
20180808:2011,0.0,0.0,12.28,2.76,0.0
20180808:2111,0.0,0.0,11.22,2.41,0.0
20180808:2211,0.0,0.0,10.26,2.28,0.0
20180808:2311,0.0,0.0,9.44,2.41,0.0
20180809:0011,0.0,0.0,8.78,2.14,0.0
20180809:0111,0.0,0.0,8.09,1.86,0.0
20180809:0211,0.0,0.0,7.45,1.66,0.0
20180809:0311,0.0,0.0,7.0,1.52,0.0
20180809:0411,7.82,3.27,6.51,1.03,0.0
20180809:0511,59.97,10.35,7.1,1.1,0.0
20180809:0611,89.52,17.83,7.84,1.24,0.0
20180809:0711,113.85,25.34,9.52,2.55,0.0
20180809:0811,184.68,32.46,10.31,2.97,0.0
20180809:0911,238.77,38.69,10.39,2.83,0.0
20180809:1011,267.67,43.39,11.32,2.97,0.0
20180809:1111,398.47,45.9,11.65,2.62,0.0
20180809:1211,210.3,45.76,11.78,2.83,0.0
20180809:1311,154.27,43.01,11.97,2.76,0.0
20180809:1411,100.69,38.13,12.25,2.55,0.0
20180809:1511,104.38,31.79,12.38,2.41,0.0
20180809:1611,67.43,24.61,12.23,2.14,0.0
20180809:1711,62.58,17.09,11.5,1.45,0.0
20180809:1811,9.56,9.63,11.16,0.9,0.0
20180809:1911,1.74,2.61,10.8,0.62,0.0
20180809:2011,0.0,0.0,10.36,0.69,0.0
20180809:2111,0.0,0.0,10.17,0.69,0.0
20180809:2211,0.0,0.0,10.2,1.38,0.0
20180809:2311,0.0,0.0,10.11,1.38,0.0
20180810:0011,0.0,0.0,10.06,1.59,0.0
20180810:0111,0.0,0.0,9.98,1.72,0.0
20180810:0211,0.0,0.0,9.91,1.86,0.0
20180810:0311,0.0,0.0,9.71,2.07,0.0
20180810:0411,1.74,3.03,9.52,2.0,0.0
20180810:0511,9.56,10.12,9.23,1.93,0.0
20180810:0611,26.94,17.6,8.93,2.0,0.0
20180810:0711,105.16,25.11,8.98,2.07,0.0
20180810:0811,62.58,32.23,8.88,1.93,0.0
20180810:0911,80.37,38.43,8.72,2.28,0.0
20180810:1011,86.83,43.12,8.39,2.76,0.0
20180810:1111,100.69,45.61,8.12,3.31,0.0
20180810:1211,105.31,45.47,7.68,3.17,0.0
20180810:1311,116.39,42.72,7.5,3.59,0.0
20180810:1411,103.46,37.85,7.49,4.55,0.0
20180810:1511,93.3,31.52,7.61,4.21,0.0
20180810:1611,112.7,24.34,7.24,4.9,0.0
20180810:1711,71.27,16.82,7.38,3.93,0.0
20180810:1811,18.25,9.36,7.23,3.79,0.0
20180810:1911,4.35,2.34,6.48,4.0,0.0
20180810:2011,0.0,0.0,6.04,2.97,0.0
20180810:2111,0.0,0.0,5.98,2.48,0.0
20180810:2211,0.0,0.0,5.76,2.28,0.0
20180810:2311,0.0,0.0,5.62,2.07,0.0
20180811:0011,0.0,0.0,5.51,1.93,0.0
20180811:0111,0.0,0.0,5.59,2.0,0.0
20180811:0211,0.0,0.0,5.57,1.79,0.0
20180811:0311,0.0,0.0,5.38,1.45,0.0
20180811:0411,12.17,2.79,4.98,1.24,0.0
20180811:0511,46.93,9.89,5.32,1.45,0.0
20180811:0611,101.69,17.37,5.81,1.31,0.0
20180811:0711,126.02,24.88,6.58,1.03,0.0
20180811:0811,206.85,31.98,7.52,1.38,0.0
20180811:0911,669.04,38.18,8.7,1.72,0.0
20180811:1011,491.08,42.84,9.75,1.86,0.0
20180811:1111,577.28,45.32,10.49,1.86,0.0
20180811:1211,669.31,45.18,10.77,2.34,0.0
20180811:1311,592.9,42.43,10.64,2.83,0.0
20180811:1411,535.17,37.57,10.45,3.17,0.0
20180811:1511,403.11,31.24,9.98,3.31,0.0
20180811:1611,273.78,24.07,9.67,3.38,0.0
20180811:1711,105.16,16.55,9.08,3.17,0.0
20180811:1811,23.47,9.09,8.28,2.41,0.0
20180811:1911,2.61,2.06,7.83,2.0,0.0
20180811:2011,0.0,0.0,7.08,1.79,0.0
20180811:2111,0.0,0.0,6.16,1.66,0.0
20180811:2211,0.0,0.0,5.4,1.59,0.0
20180811:2311,0.0,0.0,4.82,1.52,0.0
20180812:0011,0.0,0.0,4.15,1.45,0.0
20180812:0111,0.0,0.0,4.05,1.38,0.0
20180812:0211,0.0,0.0,3.91,1.24,0.0
20180812:0311,0.0,0.0,4.01,1.24,0.0
20180812:0411,1.74,2.55,4.35,1.17,0.0
20180812:0511,57.36,9.65,4.52,1.24,0.0
20180812:0611,92.13,17.14,4.8,1.38,0.0
20180812:0711,97.34,24.64,5.69,1.17,0.0
20180812:0811,212.06,31.74,6.97,1.38,0.0
20180812:0911,370.51,37.92,8.34,1.59,0.0
20180812:1011,311.25,42.57,9.43,1.45,0.0
20180812:1111,852.53,45.03,10.3,1.52,0.0
20180812:1211,697.59,44.88,10.51,1.59,0.0
20180812:1311,513.72,42.13,11.01,1.59,0.0
20180812:1411,561.24,37.28,10.94,1.79,0.0
20180812:1511,510.64,30.96,11.25,1.1,0.0
20180812:1611,396.1,23.8,11.34,1.24,0.0
20180812:1711,56.49,16.28,11.31,1.17,0.0
20180812:1811,39.98,8.81,11.14,0.9,0.0
20180812:1911,3.48,1.78,10.54,0.76,0.0
20180812:2011,0.0,0.0,9.87,0.48,0.0
20180812:2111,0.0,0.0,9.26,0.62,0.0
20180812:2211,0.0,0.0,8.82,0.83,0.0
20180812:2311,0.0,0.0,8.61,0.97,0.0
20180813:0011,0.0,0.0,8.36,0.9,0.0
20180813:0111,0.0,0.0,8.11,0.97,0.0
20180813:0211,0.0,0.0,7.92,1.03,0.0
20180813:0311,0.0,0.0,7.75,1.17,0.0
20180813:0411,9.56,2.3,6.94,1.24,0.0
20180813:0511,39.11,9.42,5.34,1.24,0.0
20180813:0611,61.71,16.91,6.49,1.24,0.0
20180813:0711,67.79,24.41,8.34,0.83,0.0
20180813:0811,77.35,31.49,9.82,0.69,0.0
20180813:0911,771.2,37.66,11.05,0.76,0.0
20180813:1011,782.09,42.28,11.95,1.03,0.0
20180813:1111,959.81,44.73,12.71,1.24,0.0
20180813:1211,999.38,44.57,13.29,1.24,0.0
20180813:1311,938.87,41.83,13.75,0.97,0.0
20180813:1411,804.03,36.98,14.0,0.69,0.0
20180813:1511,630.81,30.68,14.2,0.55,0.0
20180813:1611,372.5,23.52,14.47,0.55,0.0
20180813:1711,93.0,16.0,14.2,0.69,0.0
20180813:1811,51.28,8.53,13.67,0.83,0.0
20180813:1911,0.87,1.49,12.84,1.03,0.0
20180813:2011,0.0,0.0,12.04,0.62,0.0
20180813:2111,0.0,0.0,11.47,0.62,0.0
20180813:2211,0.0,0.0,10.95,0.9,0.0
20180813:2311,0.0,0.0,10.53,0.97,0.0
20180814:0011,0.0,0.0,10.17,1.03,0.0
20180814:0111,0.0,0.0,9.63,1.1,0.0
20180814:0211,0.0,0.0,9.29,1.17,0.0
20180814:0311,0.0,0.0,8.98,1.17,0.0
20180814:0411,2.61,2.05,8.74,1.17,0.0
20180814:0511,54.75,9.18,8.66,1.17,0.0
20180814:0611,103.42,16.67,8.58,1.03,0.0
20180814:0711,0.0,0.0,10.53,0.97,0.0
20180814:0811,201.63,31.24,11.52,0.97,0.0
20180814:0911,728.38,37.39,12.36,0.97,0.0
20180814:1011,802.55,42.0,13.17,1.24,0.0
20180814:1111,815.11,44.43,13.95,1.45,0.0
20180814:1211,923.65,44.26,14.57,1.93,0.0
20180814:1311,746.88,41.52,14.48,2.41,0.0
20180814:1411,526.5,36.69,14.42,2.62,0.0
20180814:1511,397.96,30.39,14.0,2.76,0.0
20180814:1611,385.82,23.23,13.57,2.69,0.0
20180814:1711,82.57,15.71,12.88,2.14,0.0
20180814:1811,48.67,8.25,12.21,1.86,0.0
20180814:1911,0.0,0.0,11.44,1.66,0.0
20180814:2011,0.0,0.0,10.64,1.45,0.0
20180814:2111,0.0,0.0,9.71,1.31,0.0
20180814:2211,0.0,0.0,8.82,1.1,0.0
20180814:2311,0.0,0.0,8.79,0.83,0.0
20180815:0011,0.0,0.0,8.91,0.69,0.0
20180815:0111,0.0,0.0,8.49,0.69,0.0
20180815:0211,0.0,0.0,8.3,0.76,0.0
20180815:0311,0.0,0.0,8.3,0.83,0.0
20180815:0411,0.87,1.8,8.51,0.9,0.0
20180815:0511,12.17,8.93,9.14,1.03,0.0
20180815:0611,28.68,16.43,9.61,1.59,0.0
20180815:0711,0.0,0.0,10.26,2.07,0.0
20180815:0811,114.72,30.99,10.97,2.55,0.0
20180815:0911,179.79,37.12,11.21,2.62,0.0
20180815:1011,267.7,41.71,11.37,2.48,0.0
20180815:1111,197.68,44.13,11.22,2.07,0.0
20180815:1211,237.35,43.95,11.37,2.21,0.0
20180815:1311,119.16,41.21,12.03,2.48,0.0
20180815:1411,141.33,36.38,13.19,3.1,0.0
20180815:1511,113.62,30.09,13.23,2.9,0.0
20180815:1611,100.69,22.94,12.33,2.83,0.0
20180815:1711,21.73,15.43,12.11,2.14,0.0
20180815:1811,18.25,7.96,12.17,2.07,0.0
20180815:1911,0.0,0.0,12.31,2.07,0.0
20180815:2011,0.0,0.0,11.71,1.93,0.0
20180815:2111,0.0,0.0,11.48,1.86,0.0
20180815:2211,0.0,0.0,11.25,2.07,0.0
20180815:2311,0.0,0.0,11.11,2.07,0.0
20180816:0011,0.0,0.0,11.28,2.34,0.0
20180816:0111,0.0,0.0,11.43,2.0,0.0
20180816:0211,0.0,0.0,11.32,1.66,0.0
20180816:0311,0.0,0.0,11.22,1.66,0.0
20180816:0411,0.87,1.55,11.29,1.79,0.0
20180816:0511,7.82,8.69,11.46,2.14,0.0
20180816:0611,17.38,16.19,11.97,2.28,0.0
20180816:0711,29.55,23.68,12.1,2.07,0.0
20180816:0811,45.19,30.74,11.94,1.72,0.0
20180816:0911,121.93,36.85,11.81,1.31,0.0
20180816:1011,100.69,41.42,11.74,1.1,0.0
20180816:1111,171.82,43.82,11.81,1.45,0.0
20180816:1211,227.44,43.64,11.76,2.14,0.0
20180816:1311,109.0,40.9,11.61,2.14,0.0
20180816:1411,60.97,36.07,11.63,2.21,0.0
20180816:1511,146.42,29.79,11.48,2.69,0.0
20180816:1611,72.05,22.65,10.97,2.9,0.0
20180816:1711,16.51,15.13,10.34,1.72,0.0
20180816:1811,32.16,7.66,9.84,1.86,0.0
20180816:1911,0.0,0.0,9.7,2.07,0.0
20180816:2011,0.0,0.0,9.63,2.34,0.0
20180816:2111,0.0,0.0,9.29,2.76,0.0
20180816:2211,0.0,0.0,8.51,2.69,0.0
20180816:2311,0.0,0.0,8.23,1.79,0.0
20180817:0011,0.0,0.0,8.08,1.59,0.0
20180817:0111,0.0,0.0,7.75,1.45,0.0
20180817:0211,0.0,0.0,7.26,1.59,0.0
20180817:0311,0.0,0.0,6.96,1.52,0.0
20180817:0411,0.0,0.0,6.81,1.93,0.0
20180817:0511,18.25,8.44,7.08,1.72,0.0
20180817:0611,39.98,15.95,7.54,2.0,0.0
20180817:0711,43.46,23.43,7.8,3.17,0.0
20180817:0811,161.66,30.48,8.28,3.1,0.0
20180817:0911,91.45,36.58,8.66,3.1,0.0
20180817:1011,98.84,41.13,9.04,3.45,0.0
20180817:1111,98.84,43.51,9.04,3.03,0.0
20180817:1211,195.83,43.32,9.31,2.41,0.0
20180817:1311,283.48,40.58,9.99,2.62,0.0
20180817:1411,102.54,35.76,10.16,3.17,0.0
20180817:1511,144.58,29.49,9.77,3.1,0.0
20180817:1611,249.32,22.35,8.89,3.72,0.0
20180817:1711,71.27,14.83,8.23,3.31,0.0
20180817:1811,21.73,7.36,8.14,2.97,0.0
20180817:1911,0.0,0.0,7.66,2.07,0.0
20180817:2011,0.0,0.0,7.25,1.66,0.0
20180817:2111,0.0,0.0,7.18,2.0,0.0
20180817:2211,0.0,0.0,7.27,2.55,0.0
20180817:2311,0.0,0.0,7.21,2.28,0.0
20180818:0011,0.0,0.0,7.14,2.21,0.0
20180818:0111,0.0,0.0,7.14,2.14,0.0
20180818:0211,0.0,0.0,7.38,2.34,0.0
20180818:0311,0.0,0.0,7.71,2.62,0.0
20180818:0411,0.0,0.0,7.83,2.62,0.0
20180818:0511,7.82,8.19,8.2,2.69,0.0
20180818:0611,28.68,15.7,8.83,2.83,0.0
20180818:0711,26.94,23.18,9.32,2.97,0.0
20180818:0811,79.96,30.22,9.78,3.31,0.0
20180818:0911,105.31,36.3,9.73,4.14,0.0
20180818:1011,108.08,40.83,9.43,3.24,0.0
20180818:1111,100.69,43.19,9.21,3.45,0.0
20180818:1211,109.93,42.99,8.77,3.72,0.0
20180818:1311,160.73,40.26,8.31,3.38,0.0
20180818:1411,164.43,35.45,8.68,4.34,0.0
20180818:1511,81.29,29.18,8.93,4.83,0.0
20180818:1611,99.76,22.04,9.45,4.83,0.0
20180818:1711,48.67,14.53,8.74,4.76,0.0
20180818:1811,16.51,7.06,7.84,3.45,0.0
20180818:1911,0.0,0.0,7.28,3.24,0.0
20180818:2011,0.0,0.0,6.91,3.03,0.0
20180818:2111,0.0,0.0,7.02,3.52,0.0
20180818:2211,0.0,0.0,7.04,3.59,0.0
20180818:2311,0.0,0.0,6.94,3.66,0.0
20180819:0011,0.0,0.0,6.8,2.9,0.0
20180819:0111,0.0,0.0,6.91,2.97,0.0
20180819:0211,0.0,0.0,6.81,2.9,0.0
20180819:0311,0.0,0.0,6.7,2.97,0.0
20180819:0411,0.0,0.0,6.46,2.83,0.0
20180819:0511,19.12,7.94,6.69,2.83,0.0
20180819:0611,86.04,15.45,7.02,3.17,0.0
20180819:0711,130.37,22.93,7.4,2.97,0.0
20180819:0811,157.31,29.96,8.2,2.76,0.0
20180819:0911,220.71,36.02,8.81,2.76,0.0
20180819:1011,356.19,40.53,9.1,2.62,0.0
20180819:1111,239.36,42.88,9.58,2.55,0.0
20180819:1211,274.15,42.66,9.7,2.41,0.0
20180819:1311,364.35,39.93,10.08,2.21,0.0
20180819:1411,180.75,35.13,10.45,2.14,0.0
20180819:1511,317.02,28.87,10.38,1.86,0.0
20180819:1611,274.05,21.74,10.36,1.72,0.0
20180819:1711,92.13,14.23,10.14,1.72,0.0
20180819:1811,39.11,6.75,9.88,1.52,0.0
20180819:1911,0.0,0.0,9.18,1.24,0.0
20180819:2011,0.0,0.0,7.94,1.17,0.0
20180819:2111,0.0,0.0,6.97,1.1,0.0
20180819:2211,0.0,0.0,6.57,1.03,0.0
20180819:2311,0.0,0.0,6.15,1.03,0.0
20180820:0011,0.0,0.0,5.98,1.03,0.0
20180820:0111,0.0,0.0,5.7,1.1,0.0
20180820:0211,0.0,0.0,5.36,1.1,0.0
20180820:0311,0.0,0.0,5.17,1.03,0.0
20180820:0411,0.0,0.0,5.06,1.1,0.0
20180820:0511,9.56,7.69,5.2,1.31,0.0
20180820:0611,53.89,15.2,5.56,1.66,0.0
20180820:0711,149.49,22.68,5.84,1.66,0.0
20180820:0811,163.39,29.69,6.75,2.0,0.0
20180820:0911,439.38,35.74,7.73,2.48,0.0
20180820:1011,196.52,40.23,8.59,3.17,0.0
20180820:1111,458.56,42.55,8.58,3.31,0.0
20180820:1211,631.99,42.33,8.89,3.31,0.0
20180820:1311,519.13,39.6,8.99,3.72,0.0
20180820:1411,291.52,34.8,9.04,3.45,0.0
20180820:1511,334.9,28.55,8.76,3.24,0.0
20180820:1611,311.65,21.42,8.54,3.24,0.0
20180820:1711,88.65,13.92,8.17,2.97,0.0
20180820:1811,37.37,6.44,7.61,2.28,0.0
20180820:1911,0.0,0.0,6.66,1.93,0.0
20180820:2011,0.0,0.0,6.05,1.66,0.0
20180820:2111,0.0,0.0,5.53,1.52,0.0
20180820:2211,0.0,0.0,4.62,1.24,0.0
20180820:2311,0.0,0.0,4.29,1.24,0.0
20180821:0011,0.0,0.0,4.19,1.17,0.0
20180821:0111,0.0,0.0,3.99,1.1,0.0
20180821:0211,0.0,0.0,3.92,0.97,0.0
20180821:0311,0.0,0.0,3.73,0.76,0.0
20180821:0411,0.0,0.0,3.12,0.76,0.0
20180821:0511,40.85,7.44,3.51,1.03,0.0
20180821:0611,67.79,14.95,3.57,1.31,0.0
20180821:0711,91.26,22.42,4.3,1.17,0.0
20180821:0811,132.97,29.42,5.91,0.83,0.0
20180821:0911,741.5,35.45,7.64,0.34,0.0
20180821:1011,731.17,39.92,9.05,0.28,0.0
20180821:1111,964.62,42.23,10.24,1.1,0.0
20180821:1211,819.3,42.0,11.05,1.79,0.0
20180821:1311,797.34,39.27,11.53,2.07,0.0
20180821:1411,745.5,34.47,11.68,2.21,0.0
20180821:1511,549.68,28.23,11.56,2.14,0.0
20180821:1611,319.0,21.11,11.31,1.93,0.0
20180821:1711,61.71,13.6,11.04,1.86,0.0
20180821:1811,33.9,6.12,10.45,1.72,0.0
20180821:1911,0.0,0.0,9.36,1.59,0.0
20180821:2011,0.0,0.0,8.47,1.45,0.0
20180821:2111,0.0,0.0,7.44,1.24,0.0
20180821:2211,0.0,0.0,6.84,1.38,0.0
20180821:2311,0.0,0.0,6.53,1.31,0.0
20180822:0011,0.0,0.0,6.4,1.31,0.0
20180822:0111,0.0,0.0,6.24,1.45,0.0
20180822:0211,0.0,0.0,6.58,1.59,0.0
20180822:0311,0.0,0.0,7.19,1.66,0.0
20180822:0411,0.0,0.0,7.8,1.59,0.0
20180822:0511,6.08,7.18,8.44,2.14,0.0
20180822:0611,43.46,14.7,9.11,2.41,0.0
20180822:0711,53.02,22.16,10.05,3.03,0.0
20180822:0811,46.06,29.16,10.73,3.45,0.0
20180822:0911,75.75,35.17,11.36,3.66,0.0
20180822:1011,84.06,39.61,11.48,3.66,0.0
20180822:1111,113.62,41.9,11.63,2.83,0.0
20180822:1211,145.03,41.66,12.15,2.55,0.0
20180822:1311,110.85,38.93,12.55,2.9,0.0
20180822:1411,126.55,34.14,12.38,2.69,0.0
20180822:1511,74.82,27.9,12.23,2.48,0.0
20180822:1611,100.09,20.79,11.69,1.93,0.0
20180822:1711,61.71,13.28,11.12,1.86,0.0
20180822:1811,27.81,5.8,10.68,1.93,0.0
20180822:1911,0.0,0.0,9.74,2.0,0.0
20180822:2011,0.0,0.0,9.06,2.07,0.0
20180822:2111,0.0,0.0,8.67,2.14,0.0
20180822:2211,0.0,0.0,8.25,2.07,0.0
20180822:2311,0.0,0.0,7.68,2.34,0.0
20180823:0011,0.0,0.0,7.18,2.0,0.0
20180823:0111,0.0,0.0,6.62,1.79,0.0
20180823:0211,0.0,0.0,6.22,1.66,0.0
20180823:0311,0.0,0.0,5.48,1.45,0.0
20180823:0411,0.0,0.0,4.97,1.1,0.0
20180823:0511,34.76,6.92,4.91,0.83,0.0
20180823:0611,93.0,14.44,5.51,0.41,0.0
20180823:0711,133.84,21.91,6.33,0.34,0.0
20180823:0811,197.29,28.88,7.48,0.28,0.0
20180823:0911,586.56,34.88,8.3,0.41,0.0
20180823:1011,412.55,39.3,9.11,0.55,0.0
20180823:1111,357.42,41.57,10.0,0.9,0.0
20180823:1211,350.27,41.32,10.88,1.31,0.0
20180823:1311,219.07,38.59,11.62,1.86,0.0
20180823:1411,511.46,33.81,11.96,2.07,0.0
20180823:1511,416.16,27.57,11.98,1.93,0.0
20180823:1611,350.51,20.46,12.06,2.14,0.0
20180823:1711,63.45,12.96,11.6,1.86,0.0
20180823:1811,23.47,5.47,10.93,1.31,0.0
20180823:1911,0.0,0.0,9.69,1.38,0.0
20180823:2011,0.0,0.0,8.94,1.59,0.0
20180823:2111,0.0,0.0,8.31,1.86,0.0
20180823:2211,0.0,0.0,7.93,1.79,0.0
20180823:2311,0.0,0.0,7.56,1.38,0.0
20180824:0011,0.0,0.0,7.28,1.31,0.0
20180824:0111,0.0,0.0,7.03,1.17,0.0
20180824:0211,0.0,0.0,6.7,1.52,0.0
20180824:0311,0.0,0.0,6.48,1.66,0.0
20180824:0411,0.0,0.0,6.76,1.59,0.0
20180824:0511,6.08,6.67,6.06,1.86,0.0
20180824:0611,47.8,14.19,6.2,1.66,0.0
20180824:0711,80.83,21.64,6.68,1.45,0.0
20180824:0811,42.59,28.61,7.41,1.38,0.0
20180824:0911,204.88,34.59,6.92,1.79,0.0
20180824:1011,203.77,38.99,7.77,1.72,0.0
20180824:1111,194.73,41.24,7.79,1.72,0.0
20180824:1211,263.73,40.97,6.41,1.93,0.0
20180824:1311,235.26,38.24,7.73,1.93,0.0
20180824:1411,120.09,33.47,6.45,2.14,0.0
20180824:1511,133.57,27.24,6.19,2.48,0.0
20180824:1611,118.78,20.14,6.17,2.48,0.0
20180824:1711,18.25,12.64,5.78,2.41,0.0
20180824:1811,19.12,5.15,5.6,2.34,0.0
20180824:1911,0.0,0.0,4.4,2.0,0.0
20180824:2011,0.0,0.0,3.94,1.72,0.0
20180824:2111,0.0,0.0,3.66,1.79,0.0
20180824:2211,0.0,0.0,3.77,1.86,0.0
20180824:2311,0.0,0.0,3.92,1.86,0.0
20180825:0011,0.0,0.0,3.93,1.72,0.0
20180825:0111,0.0,0.0,3.76,1.72,0.0
20180825:0211,0.0,0.0,3.31,1.59,0.0
20180825:0311,0.0,0.0,2.6,1.52,0.0
20180825:0411,0.0,0.0,2.58,1.59,0.0
20180825:0511,25.2,6.41,2.56,1.38,0.0
20180825:0611,86.04,13.93,3.81,1.52,0.0
20180825:0711,139.93,21.38,4.56,1.38,0.0
20180825:0811,185.99,28.33,5.48,1.59,0.0
20180825:0911,245.68,34.29,6.21,1.79,0.0
20180825:1011,465.81,38.67,7.02,2.21,0.0
20180825:1111,626.26,40.9,7.75,2.55,0.0
20180825:1211,123.78,40.63,8.03,2.62,0.0
20180825:1311,200.08,37.89,7.91,2.48,0.0
20180825:1411,351.63,33.12,7.83,2.21,0.0
20180825:1511,139.13,26.91,7.36,2.14,0.0
20180825:1611,207.46,19.81,7.16,2.28,0.0
20180825:1711,32.16,12.31,6.73,2.0,0.0
20180825:1811,26.94,4.82,6.11,1.86,0.0
20180825:1911,0.0,0.0,5.9,1.45,0.0
20180825:2011,0.0,0.0,5.38,1.38,0.0
20180825:2111,0.0,0.0,4.65,1.38,0.0
20180825:2211,0.0,0.0,3.89,1.31,0.0
20180825:2311,0.0,0.0,3.51,1.24,0.0
20180826:0011,0.0,0.0,3.16,1.31,0.0
20180826:0111,0.0,0.0,2.82,1.24,0.0
20180826:0211,0.0,0.0,3.1,1.31,0.0
20180826:0311,0.0,0.0,3.09,1.31,0.0
20180826:0411,0.0,0.0,3.34,1.38,0.0
20180826:0511,33.03,6.14,3.25,1.31,0.0
20180826:0611,87.78,13.67,3.31,1.17,0.0
20180826:0711,115.59,21.12,3.59,1.52,0.0
20180826:0811,187.73,28.06,5.02,2.0,0.0
20180826:0911,487.46,33.99,6.07,2.48,0.0
20180826:1011,687.33,38.35,6.72,2.48,0.0
20180826:1111,564.78,40.56,7.21,2.48,0.0
20180826:1211,735.53,40.27,7.67,2.97,0.0
20180826:1311,549.8,37.54,7.64,3.17,0.0
20180826:1411,472.83,32.78,7.66,3.1,0.0
20180826:1511,318.75,26.57,7.44,2.83,0.0
20180826:1611,228.12,19.47,7.37,2.83,0.0
20180826:1711,77.35,11.97,6.84,2.41,0.0
20180826:1811,18.25,4.48,6.26,1.79,0.0
20180826:1911,0.0,0.0,6.12,0.97,0.0
20180826:2011,0.0,0.0,5.64,1.03,0.0
20180826:2111,0.0,0.0,5.41,1.03,0.0
20180826:2211,0.0,0.0,5.25,1.24,0.0
20180826:2311,0.0,0.0,5.25,1.52,0.0
20180827:0011,0.0,0.0,5.38,1.79,0.0
20180827:0111,0.0,0.0,5.31,2.55,0.0
20180827:0211,0.0,0.0,5.26,2.76,0.0
20180827:0311,0.0,0.0,5.19,2.9,0.0
20180827:0411,0.0,0.0,5.07,3.03,0.0
20180827:0511,28.68,5.88,5.02,3.24,0.0
20180827:0611,31.29,13.41,5.25,3.38,0.0
20180827:0711,85.17,20.85,5.68,3.38,0.0
20180827:0811,111.25,27.78,6.54,3.59,0.0
20180827:0911,192.28,33.69,7.61,4.41,0.0
20180827:1011,261.61,38.03,8.65,5.52,0.0
20180827:1111,233.1,40.22,8.68,4.41,0.0
20180827:1211,151.49,39.92,8.83,4.62,0.0
20180827:1311,138.56,37.18,9.2,3.66,0.0
20180827:1411,135.79,32.43,9.34,2.83,0.0
20180827:1511,108.08,26.22,9.49,2.48,0.0
20180827:1611,90.91,19.13,9.1,2.21,0.0
20180827:1711,49.54,11.64,8.87,1.93,0.0
20180827:1811,19.99,4.14,8.54,1.79,0.0
20180827:1911,0.0,0.0,9.05,1.38,0.0
20180827:2011,0.0,0.0,8.83,1.38,0.0
20180827:2111,0.0,0.0,8.66,1.31,0.0
20180827:2211,0.0,0.0,8.6,1.1,0.0
20180827:2311,0.0,0.0,8.54,0.97,0.0
20180828:0011,0.0,0.0,8.47,0.76,0.0
20180828:0111,0.0,0.0,8.46,0.62,0.0
20180828:0211,0.0,0.0,8.47,0.55,0.0
20180828:0311,0.0,0.0,8.46,0.55,0.0
20180828:0411,0.0,0.0,8.47,0.83,0.0
20180828:0511,13.91,5.61,8.47,1.03,0.0
20180828:0611,55.62,13.15,8.55,1.1,0.0
20180828:0711,114.72,20.58,8.71,1.45,0.0
20180828:0811,160.79,27.5,9.07,1.52,0.0
20180828:0911,283.09,33.39,9.49,1.66,0.0
20180828:1011,344.74,37.7,10.56,2.0,0.0
20180828:1111,293.14,39.87,11.29,2.48,0.0
20180828:1211,586.67,39.56,12.04,2.83,0.0
20180828:1311,506.14,36.83,12.37,2.97,0.0
20180828:1411,424.68,32.07,12.48,2.76,0.0
20180828:1511,363.15,25.88,12.45,2.62,0.0
20180828:1611,266.79,18.79,12.18,2.28,0.0
20180828:1711,71.27,11.3,11.73,1.79,0.0
20180828:1811,17.38,3.8,11.14,1.17,0.0
20180828:1911,0.0,0.0,10.16,0.97,0.0
20180828:2011,0.0,0.0,9.29,0.76,0.0
20180828:2111,0.0,0.0,8.95,0.9,0.0
20180828:2211,0.0,0.0,8.76,0.97,0.0
20180828:2311,0.0,0.0,8.48,1.03,0.0
20180829:0011,0.0,0.0,8.52,1.03,0.0
20180829:0111,0.0,0.0,8.32,0.97,0.0
20180829:0211,0.0,0.0,7.75,0.97,0.0
20180829:0311,0.0,0.0,7.35,1.03,0.0
20180829:0411,0.0,0.0,6.77,1.17,0.0
20180829:0511,16.51,5.35,6.54,1.38,0.0
20180829:0611,50.41,12.88,7.3,1.52,0.0
20180829:0711,50.41,20.31,8.21,1.86,0.0
20180829:0811,41.72,27.21,8.76,2.14,0.0
20180829:0911,88.68,33.09,9.19,2.21,0.0
20180829:1011,108.08,37.38,9.49,2.55,0.0
20180829:1111,109.0,39.53,9.91,2.69,0.0
20180829:1211,123.78,39.2,9.9,2.34,0.0
20180829:1311,87.76,36.46,10.14,2.9,0.0
20180829:1411,84.98,31.72,10.14,2.76,0.0
20180829:1511,104.38,25.53,10.07,2.76,0.0
20180829:1611,58.2,18.45,9.6,1.93,0.0
20180829:1711,35.63,10.95,9.15,1.52,0.0
20180829:1811,2.61,3.46,9.07,1.66,0.0
20180829:1911,0.0,0.0,8.73,1.1,0.0
20180829:2011,0.0,0.0,8.44,1.17,0.0
20180829:2111,0.0,0.0,8.31,1.52,0.0
20180829:2211,0.0,0.0,7.92,1.59,0.0
20180829:2311,0.0,0.0,7.64,1.59,0.0
20180830:0011,0.0,0.0,7.47,1.31,0.0
20180830:0111,0.0,0.0,7.27,1.38,0.0
20180830:0211,0.0,0.0,6.72,1.38,0.0
20180830:0311,0.0,0.0,6.08,1.24,0.0
20180830:0411,0.0,0.0,5.51,1.17,0.0
20180830:0511,27.81,5.08,5.1,1.03,0.0
20180830:0611,72.14,12.62,5.61,0.9,0.0
20180830:0711,86.04,20.04,5.37,1.24,0.0
20180830:0811,93.86,26.93,6.66,1.17,0.0
20180830:0911,817.65,32.78,7.5,1.52,0.0
20180830:1011,906.62,37.05,8.77,1.79,0.0
20180830:1111,1008.15,39.18,9.88,2.14,0.0
20180830:1211,997.67,38.84,10.72,2.28,0.0
20180830:1311,861.1,36.1,11.21,2.21,0.0
20180830:1411,734.65,31.36,11.51,2.21,0.0
20180830:1511,546.93,25.17,11.62,2.14,0.0
20180830:1611,354.12,18.1,11.52,1.93,0.0
20180830:1711,51.28,10.61,11.12,1.59,0.0
20180830:1811,15.64,3.11,10.44,1.17,0.0
20180830:1911,0.0,0.0,8.78,1.03,0.0
20180830:2011,0.0,0.0,8.46,0.9,0.0
20180830:2111,0.0,0.0,8.23,0.97,0.0
20180830:2211,0.0,0.0,7.7,1.03,0.0
20180830:2311,0.0,0.0,6.4,1.17,0.0
20180831:0011,0.0,0.0,5.0,1.31,0.0
20180831:0111,0.0,0.0,4.63,1.59,0.0
20180831:0211,0.0,0.0,4.24,1.66,0.0
20180831:0311,0.0,0.0,4.26,1.66,0.0
20180831:0411,0.0,0.0,4.24,1.72,0.0
20180831:0511,26.07,4.81,4.33,1.72,0.0
20180831:0611,72.14,12.35,5.49,1.59,0.0
20180831:0711,67.79,19.76,8.28,1.59,0.0
20180831:0811,97.34,26.64,9.73,1.79,0.0
20180831:0911,801.33,32.47,10.5,1.66,0.0
20180831:1011,688.95,36.71,11.22,1.72,0.0
20180831:1111,758.47,38.82,11.83,1.1,0.0
20180831:1211,839.68,38.48,12.39,0.55,0.0
20180831:1311,491.43,35.73,12.75,0.48,0.0
20180831:1411,364.79,30.99,12.89,0.97,0.0
20180831:1511,347.58,24.82,12.83,1.03,0.0
20180831:1611,285.33,17.75,12.6,0.97,0.0
20180831:1711,53.89,10.26,12.34,0.48,0.0
20180831:1811,13.04,2.76,11.9,0.62,0.0
20180831:1911,0.0,0.0,10.75,0.62,0.0
20180831:2011,0.0,0.0,10.2,0.41,0.0
20180831:2111,0.0,0.0,9.67,0.41,0.0
20180831:2211,0.0,0.0,9.2,0.55,0.0
20180831:2311,0.0,0.0,8.82,0.48,0.0
20180901:0011,0.0,0.0,8.55,0.28,0.0
20180901:0111,0.0,0.0,8.02,0.28,0.0
20180901:0211,0.0,0.0,7.53,0.48,0.0
20180901:0311,0.0,0.0,6.72,0.48,0.0
20180901:0411,0.0,0.0,6.29,0.48,0.0
20180901:0511,5.21,4.54,5.8,0.83,0.0
20180901:0611,73.01,12.08,5.66,0.76,0.0
20180901:0711,126.89,19.49,6.3,0.69,0.0
20180901:0811,156.44,26.35,7.77,0.83,0.0
20180901:0911,462.75,32.16,9.38,1.45,0.0
20180901:1011,624.34,36.38,10.41,2.55,0.0
20180901:1111,253.53,38.47,11.12,3.24,0.0
20180901:1211,538.86,38.11,11.52,3.38,0.0
20180901:1311,524.85,35.36,11.62,3.31,0.0
20180901:1411,452.0,30.63,11.5,3.03,0.0
20180901:1511,375.55,24.46,11.28,2.9,0.0
20180901:1611,200.65,17.39,10.75,2.62,0.0
20180901:1711,54.75,9.9,10.05,2.07,0.0
20180901:1811,1.74,2.4,9.42,1.59,0.0
20180901:1911,0.0,0.0,8.75,1.17,0.0
20180901:2011,0.0,0.0,7.73,0.97,0.0
20180901:2111,0.0,0.0,7.4,0.97,0.0
20180901:2211,0.0,0.0,7.49,0.9,0.0
20180901:2311,0.0,0.0,7.5,0.83,0.0
20180902:0011,0.0,0.0,7.31,0.55,0.0
20180902:0111,0.0,0.0,6.78,0.41,0.0
20180902:0211,0.0,0.0,6.71,0.34,0.0
20180902:0311,0.0,0.0,6.39,0.41,0.0
20180902:0411,0.0,0.0,5.98,0.34,0.0
20180902:0511,6.08,4.27,5.71,0.48,0.0
20180902:0611,55.62,11.81,5.68,0.62,0.0
20180902:0711,105.16,19.21,8.4,0.69,0.0
20180902:0811,165.13,26.06,9.48,0.83,0.0
20180902:0911,382.87,31.85,10.73,1.17,0.0
20180902:1011,249.69,36.04,11.56,1.52,0.0
20180902:1111,531.1,38.11,12.38,1.79,0.0
20180902:1211,472.42,37.74,13.02,2.07,0.0
20180902:1311,355.26,34.99,13.65,2.28,0.0
20180902:1411,453.01,30.26,14.15,2.69,0.0
20180902:1511,451.15,24.1,14.11,2.69,0.0
20180902:1611,281.86,17.04,13.6,2.41,0.0
20180902:1711,54.75,9.55,12.84,2.07,0.0
20180902:1811,1.74,2.05,11.92,1.66,0.0
20180902:1911,0.0,0.0,11.02,1.45,0.0
20180902:2011,0.0,0.0,9.93,1.31,0.0
20180902:2111,0.0,0.0,8.94,1.1,0.0
20180902:2211,0.0,0.0,8.59,0.97,0.0
20180902:2311,0.0,0.0,8.72,0.83,0.0
20180903:0011,0.0,0.0,8.27,0.76,0.0
20180903:0111,0.0,0.0,7.44,0.83,0.0
20180903:0211,0.0,0.0,6.38,0.76,0.0
20180903:0311,0.0,0.0,5.58,0.76,0.0
20180903:0411,0.0,0.0,5.04,0.83,0.0
20180903:0511,18.25,4.0,4.53,0.97,0.0
20180903:0611,47.8,11.54,5.26,0.83,0.0
20180903:0711,71.27,18.93,7.68,0.76,0.0
20180903:0811,86.04,25.76,9.49,1.1,0.0
20180903:0911,771.92,31.54,10.66,1.79,0.0
20180903:1011,886.33,35.71,11.54,2.14,0.0
20180903:1111,946.8,37.75,12.15,2.34,0.0
20180903:1211,948.21,37.37,12.61,2.34,0.0
20180903:1311,849.92,34.62,12.95,2.21,0.0
20180903:1411,680.53,29.89,13.09,2.14,0.0
20180903:1511,491.62,23.73,12.97,2.14,0.0
20180903:1611,230.31,16.68,12.47,2.0,0.0
20180903:1711,55.62,9.19,11.88,1.72,0.0
20180903:1811,2.61,1.69,11.1,1.24,0.0
20180903:1911,0.0,0.0,9.89,0.83,0.0
20180903:2011,0.0,0.0,9.86,0.62,0.0
20180903:2111,0.0,0.0,9.35,0.34,0.0
20180903:2211,0.0,0.0,8.79,0.34,0.0
20180903:2311,0.0,0.0,8.34,0.48,0.0
20180904:0011,0.0,0.0,7.93,0.62,0.0
20180904:0111,0.0,0.0,7.8,0.69,0.0
20180904:0211,0.0,0.0,7.62,0.69,0.0
20180904:0311,0.0,0.0,7.44,0.76,0.0
20180904:0411,0.0,0.0,7.32,0.83,0.0
20180904:0511,11.3,3.72,7.05,0.9,0.0
20180904:0611,54.75,11.26,6.25,0.97,0.0
20180904:0711,73.87,18.65,6.35,1.1,0.0
20180904:0811,89.52,25.47,8.35,0.97,0.0
20180904:0911,757.1,31.22,10.76,0.55,0.0
20180904:1011,862.92,35.36,12.39,0.48,0.0
20180904:1111,948.19,37.39,13.41,0.9,0.0
20180904:1211,962.8,36.99,14.11,1.1,0.0
20180904:1311,867.02,34.24,14.67,1.17,0.0
20180904:1411,722.55,29.52,14.95,1.24,0.0
20180904:1511,532.54,23.37,14.99,1.38,0.0
20180904:1611,306.85,16.32,14.71,1.38,0.0
20180904:1711,41.72,8.83,14.14,1.1,0.0
20180904:1811,1.74,1.33,13.44,0.69,0.0
20180904:1911,0.0,0.0,11.65,0.69,0.0
20180904:2011,0.0,0.0,11.39,0.55,0.0
20180904:2111,0.0,0.0,10.87,0.28,0.0
20180904:2211,0.0,0.0,10.46,0.21,0.0
20180904:2311,0.0,0.0,10.0,0.48,0.0
20180905:0011,0.0,0.0,9.39,0.83,0.0
20180905:0111,0.0,0.0,9.31,0.9,0.0
20180905:0211,0.0,0.0,9.13,0.97,0.0
20180905:0311,0.0,0.0,9.16,0.83,0.0
20180905:0411,0.0,0.0,9.17,0.83,0.0
20180905:0511,9.56,3.45,8.97,0.9,0.0
20180905:0611,62.58,10.99,8.38,0.9,0.0
20180905:0711,121.68,18.37,9.08,1.1,0.0
20180905:0811,152.09,25.17,11.17,1.1,0.0
20180905:0911,700.16,30.9,12.25,0.97,0.0
20180905:1011,739.67,35.02,12.99,1.03,0.0
20180905:1111,697.21,37.02,13.56,1.24,0.0
20180905:1211,552.39,36.62,13.8,1.31,0.0
20180905:1311,385.17,33.86,14.2,1.59,0.0
20180905:1411,375.88,29.14,14.17,1.86,0.0
20180905:1511,65.59,23.0,13.74,2.14,0.0
20180905:1611,39.72,15.95,13.09,1.72,0.0
20180905:1711,10.43,8.47,12.31,1.17,0.0
20180905:1811,0.0,0.0,11.63,0.55,0.0
20180905:1911,0.0,0.0,11.17,0.62,0.0
20180905:2011,0.0,0.0,10.91,0.69,0.0
20180905:2111,0.0,0.0,10.42,0.97,0.0
20180905:2211,0.0,0.0,10.0,1.1,0.0
20180905:2311,0.0,0.0,10.03,1.1,0.0
20180906:0011,0.0,0.0,9.66,1.17,0.0
20180906:0111,0.0,0.0,9.67,1.03,0.0
20180906:0211,0.0,0.0,9.98,0.83,0.0
20180906:0311,0.0,0.0,9.98,0.9,0.0
20180906:0411,0.0,0.0,9.89,0.9,0.0
20180906:0511,3.48,3.17,9.69,0.9,0.0
20180906:0611,57.36,10.71,9.85,1.1,0.0
20180906:0711,73.87,18.09,10.66,1.59,0.0
20180906:0811,69.53,24.87,11.01,1.79,0.0
20180906:0911,72.05,30.58,11.11,1.72,0.0
20180906:1011,91.45,34.68,11.19,1.72,0.0
20180906:1111,103.46,36.66,11.27,1.72,0.0
20180906:1211,121.93,36.24,11.44,1.59,0.0
20180906:1311,62.81,33.48,11.71,1.93,0.0
20180906:1411,60.04,28.77,11.8,2.14,0.0
20180906:1511,51.73,22.63,11.83,2.14,0.0
20180906:1611,18.47,15.58,11.67,2.14,0.0
20180906:1711,7.82,8.11,11.66,2.21,0.0
20180906:1811,0.0,0.0,11.34,2.41,0.0
20180906:1911,0.0,0.0,11.24,2.55,0.0
20180906:2011,0.0,0.0,11.02,2.55,0.0
20180906:2111,0.0,0.0,10.76,2.69,0.0
20180906:2211,0.0,0.0,10.94,3.17,0.0
20180906:2311,0.0,0.0,10.76,3.1,0.0
20180907:0011,0.0,0.0,11.01,3.59,0.0
20180907:0111,0.0,0.0,11.14,4.21,0.0
20180907:0211,0.0,0.0,11.2,4.21,0.0
20180907:0311,0.0,0.0,11.26,4.0,0.0
20180907:0411,0.0,0.0,10.98,3.59,0.0
20180907:0511,1.74,2.89,10.64,3.17,0.0
20180907:0611,10.43,10.44,10.54,3.03,0.0
20180907:0711,19.99,17.8,11.36,4.21,0.0
20180907:0811,29.55,24.57,11.71,4.76,0.0
20180907:0911,57.27,30.26,11.52,4.55,0.0
20180907:1011,72.98,34.33,11.27,5.1,0.0
20180907:1111,90.53,36.29,11.6,5.1,0.0
20180907:1211,152.42,35.86,11.59,5.17,0.0
20180907:1311,207.83,33.1,11.47,5.03,0.0
20180907:1411,165.1,28.39,11.62,4.97,0.0
20180907:1511,96.07,22.25,11.47,4.83,0.0
20180907:1611,37.37,15.22,11.23,4.62,0.0
20180907:1711,10.43,7.74,10.88,4.34,0.0
20180907:1811,0.0,0.0,10.52,4.14,0.0
20180907:1911,0.0,0.0,10.29,3.24,0.0
20180907:2011,0.0,0.0,10.27,3.59,0.0
20180907:2111,0.0,0.0,10.29,3.45,0.0
20180907:2211,0.0,0.0,10.23,3.52,0.0
20180907:2311,0.0,0.0,10.17,3.31,0.0
20180908:0011,0.0,0.0,10.03,3.17,0.0
20180908:0111,0.0,0.0,10.1,2.69,0.0
20180908:0211,0.0,0.0,10.2,3.45,0.0
20180908:0311,0.0,0.0,10.29,3.66,0.0
20180908:0411,0.0,0.0,10.5,3.72,0.0
20180908:0511,2.61,2.61,10.42,3.45,0.0
20180908:0611,19.12,10.16,10.14,2.41,0.0
20180908:0711,23.47,17.52,9.25,2.48,0.0
20180908:0811,68.66,24.27,8.89,2.55,0.0
20180908:0911,273.57,29.94,9.2,2.97,0.0
20180908:1011,417.15,33.98,9.7,4.0,0.0
20180908:1111,172.73,35.92,9.81,4.0,0.0
20180908:1211,612.84,35.48,9.96,4.28,0.0
20180908:1311,48.96,32.71,10.22,4.69,0.0
20180908:1411,317.1,28.0,10.35,4.9,0.0
20180908:1511,225.98,21.88,10.07,4.69,0.0
20180908:1611,21.73,14.85,9.16,4.21,0.0
20180908:1711,21.73,7.37,8.45,4.0,0.0
20180908:1811,0.0,0.0,7.49,3.17,0.0
20180908:1911,0.0,0.0,7.08,3.17,0.0
20180908:2011,0.0,0.0,6.39,2.62,0.0
20180908:2111,0.0,0.0,6.15,3.03,0.0
20180908:2211,0.0,0.0,5.87,2.28,0.0
20180908:2311,0.0,0.0,5.97,2.07,0.0
20180909:0011,0.0,0.0,6.35,2.21,0.0
20180909:0111,0.0,0.0,6.42,1.93,0.0
20180909:0211,0.0,0.0,6.75,1.72,0.0
20180909:0311,0.0,0.0,6.9,1.79,0.0
20180909:0411,0.0,0.0,6.56,1.93,0.0
20180909:0511,1.74,2.34,5.93,1.52,0.0
20180909:0611,57.36,9.88,5.92,1.45,0.0
20180909:0711,111.25,17.23,6.0,1.52,0.0
20180909:0811,128.63,23.97,6.85,1.59,0.0
20180909:0911,111.25,29.61,7.73,1.79,0.0
20180909:1011,117.32,33.63,8.41,2.97,0.0
20180909:1111,160.73,35.55,8.54,2.83,0.0
20180909:1211,120.09,35.09,8.49,2.28,0.0
20180909:1311,107.15,32.32,8.13,2.28,0.0
20180909:1411,49.88,27.62,8.37,2.28,0.0
20180909:1511,208.73,21.5,8.76,2.41,0.0
20180909:1611,29.55,14.47,8.93,2.14,0.0
20180909:1711,6.08,7.0,8.7,2.69,0.0
20180909:1811,0.0,0.0,8.85,2.83,0.0
20180909:1911,0.0,0.0,9.03,2.55,0.0
20180909:2011,0.0,0.0,8.83,1.93,0.0
20180909:2111,0.0,0.0,8.9,1.72,0.0
20180909:2211,0.0,0.0,8.64,1.86,0.0
20180909:2311,0.0,0.0,8.66,1.59,0.0
20180910:0011,0.0,0.0,8.57,1.79,0.0
20180910:0111,0.0,0.0,8.41,2.0,0.0
20180910:0211,0.0,0.0,8.09,1.52,0.0
20180910:0311,0.0,0.0,7.31,1.66,0.0
20180910:0411,0.0,0.0,6.62,2.07,0.0
20180910:0511,0.87,2.05,6.01,2.28,0.0
20180910:0611,53.02,9.6,6.0,1.93,0.0
20180910:0711,103.42,16.94,6.97,1.93,0.0
20180910:0811,119.07,23.67,7.55,2.0,0.0
20180910:0911,165.13,29.29,7.27,2.21,0.0
20180910:1011,93.3,33.28,7.67,2.28,0.0
20180910:1111,100.69,35.18,7.92,2.28,0.0
20180910:1211,65.59,34.71,8.03,2.34,0.0
20180910:1311,55.42,31.93,7.65,2.21,0.0
20180910:1411,75.75,27.24,7.83,2.76,0.0
20180910:1511,82.21,21.12,6.96,2.48,0.0
20180910:1611,50.41,14.1,6.58,2.41,0.0
20180910:1711,33.9,6.63,6.28,2.34,0.0
20180910:1811,0.0,0.0,5.87,2.28,0.0
20180910:1911,0.0,0.0,6.01,2.14,0.0
20180910:2011,0.0,0.0,6.23,1.93,0.0
20180910:2111,0.0,0.0,6.2,2.14,0.0
20180910:2211,0.0,0.0,6.48,2.28,0.0
20180910:2311,0.0,0.0,6.59,2.48,0.0
20180911:0011,0.0,0.0,6.08,2.34,0.0
20180911:0111,0.0,0.0,6.07,1.66,0.0
20180911:0211,0.0,0.0,6.16,1.52,0.0
20180911:0311,0.0,0.0,6.16,1.52,0.0
20180911:0411,0.0,0.0,6.06,1.66,0.0
20180911:0511,1.74,1.77,6.06,1.66,0.0
20180911:0611,9.56,9.32,6.09,2.34,0.0
20180911:0711,27.81,16.65,6.46,1.93,0.0
20180911:0811,50.41,23.36,6.8,2.07,0.0
20180911:0911,57.36,28.96,7.02,2.14,0.0
20180911:1011,56.35,32.93,7.24,1.72,0.0
20180911:1111,64.66,34.8,7.59,2.48,0.0
20180911:1211,131.17,34.32,8.25,2.76,0.0
20180911:1311,41.57,31.54,8.27,2.97,0.0
20180911:1411,66.51,26.85,8.94,3.1,0.0
20180911:1511,89.6,20.74,8.0,4.48,0.0
20180911:1611,86.04,13.72,7.14,5.1,0.0
20180911:1711,22.6,6.25,6.09,4.41,0.0
20180911:1811,0.0,0.0,5.68,3.52,0.0
20180911:1911,0.0,0.0,5.3,3.59,0.0
20180911:2011,0.0,0.0,4.83,3.31,0.0
20180911:2111,0.0,0.0,4.52,2.41,0.0
20180911:2211,0.0,0.0,4.05,2.34,0.0
20180911:2311,0.0,0.0,4.22,2.14,0.0
20180912:0011,0.0,0.0,4.76,2.69,0.0
20180912:0111,0.0,0.0,4.98,3.17,0.0
20180912:0211,0.0,0.0,5.39,3.59,0.0
20180912:0311,0.0,0.0,4.19,3.03,0.0
20180912:0411,0.0,0.0,3.98,3.59,0.0
20180912:0511,0.87,1.49,3.42,3.1,0.0
20180912:0611,8.69,9.03,3.6,3.17,0.0
20180912:0711,18.25,16.36,3.83,3.45,0.0
20180912:0811,46.93,23.05,4.16,3.72,0.0
20180912:0911,77.35,28.63,4.31,3.52,0.0
20180912:1011,43.42,32.58,4.52,3.24,0.0
20180912:1111,46.19,34.43,4.55,3.24,0.0
20180912:1211,176.49,33.93,5.38,3.17,0.0
20180912:1311,220.97,31.15,5.2,3.03,0.0
20180912:1411,48.96,26.46,5.73,3.24,0.0
20180912:1511,28.64,20.36,4.98,3.86,0.0
20180912:1611,57.36,13.35,4.87,3.72,0.0
20180912:1711,12.17,5.88,4.65,3.93,0.0
20180912:1811,0.0,0.0,4.45,3.79,0.0
20180912:1911,0.0,0.0,4.15,3.24,0.0
20180912:2011,0.0,0.0,4.34,3.72,0.0
20180912:2111,0.0,0.0,3.98,2.97,0.0
20180912:2211,0.0,0.0,3.85,2.9,0.0
20180912:2311,0.0,0.0,3.75,3.52,0.0
20180913:0011,0.0,0.0,3.9,3.31,0.0
20180913:0111,0.0,0.0,3.91,3.38,0.0
20180913:0211,0.0,0.0,4.13,3.52,0.0
20180913:0311,0.0,0.0,3.61,2.55,0.0
20180913:0411,0.0,0.0,3.31,2.21,0.0
20180913:0511,0.0,0.0,3.12,1.86,0.0
20180913:0611,26.07,8.75,3.28,2.21,0.0
20180913:0711,105.16,16.07,4.65,2.21,0.0
20180913:0811,67.79,22.74,5.03,2.21,0.0
20180913:0911,147.75,28.3,5.49,2.34,0.0
20180913:1011,69.28,32.22,6.48,2.21,0.0
20180913:1111,120.09,34.05,6.16,2.69,0.0
20180913:1211,72.05,33.54,6.95,2.76,0.0
20180913:1311,98.84,30.76,6.4,2.76,0.0
20180913:1411,115.47,26.07,6.83,3.1,0.0
20180913:1511,70.2,19.97,6.08,3.24,0.0
20180913:1611,28.68,12.97,5.36,2.62,0.0
20180913:1711,21.73,5.5,4.91,2.34,0.0
20180913:1811,0.0,0.0,4.54,2.14,0.0
20180913:1911,0.0,0.0,4.56,2.41,0.0
20180913:2011,0.0,0.0,4.33,2.83,0.0
20180913:2111,0.0,0.0,4.13,2.69,0.0
20180913:2211,0.0,0.0,4.17,2.48,0.0
20180913:2311,0.0,0.0,3.91,2.41,0.0
20180914:0011,0.0,0.0,3.78,2.41,0.0
20180914:0111,0.0,0.0,3.49,2.48,0.0
20180914:0211,0.0,0.0,3.35,2.28,0.0
20180914:0311,0.0,0.0,3.74,2.76,0.0
20180914:0411,0.0,0.0,3.81,2.76,0.0
20180914:0511,0.0,0.0,3.5,2.83,0.0
20180914:0611,7.82,8.47,3.26,2.83,0.0
20180914:0711,21.73,15.78,4.56,2.28,0.0
20180914:0811,57.36,22.43,5.37,2.14,0.0
20180914:0911,125.15,27.96,6.24,2.21,0.0
20180914:1011,111.77,31.86,6.59,2.34,0.0
20180914:1111,96.99,33.67,6.83,2.28,0.0
20180914:1211,106.23,33.15,6.93,2.41,0.0
20180914:1311,104.38,30.37,7.04,2.69,0.0
20180914:1411,80.37,25.68,6.64,3.03,0.0
20180914:1511,60.97,19.59,6.81,2.9,0.0
20180914:1611,47.8,12.59,6.07,2.97,0.0
20180914:1711,26.94,5.12,5.65,2.83,0.0
20180914:1811,0.0,0.0,4.75,2.83,0.0
20180914:1911,0.0,0.0,4.34,2.21,0.0
20180914:2011,0.0,0.0,3.79,2.34,0.0
20180914:2111,0.0,0.0,3.5,2.28,0.0
20180914:2211,0.0,0.0,3.29,2.28,0.0
20180914:2311,0.0,0.0,2.8,2.28,0.0
20180915:0011,0.0,0.0,2.62,2.62,0.0
20180915:0111,0.0,0.0,2.4,2.34,0.0
20180915:0211,0.0,0.0,2.41,2.41,0.0
20180915:0311,0.0,0.0,2.56,2.41,0.0
20180915:0411,0.0,0.0,2.4,2.55,0.0
20180915:0511,0.0,0.0,2.55,2.34,0.0
20180915:0611,46.06,8.18,2.67,2.07,0.0
20180915:0711,95.6,15.48,2.25,2.41,0.0
20180915:0811,130.37,22.12,2.92,2.55,0.0
20180915:0911,77.35,27.63,3.44,3.03,0.0
20180915:1011,145.95,31.5,4.26,3.24,0.0
20180915:1111,121.93,33.29,4.16,2.97,0.0
20180915:1211,154.27,32.76,4.94,2.76,0.0
20180915:1311,71.13,29.97,5.53,2.55,0.0
20180915:1411,144.33,25.29,4.66,2.55,0.0
20180915:1511,67.43,19.2,4.82,2.62,0.0
20180915:1611,51.28,12.21,4.01,2.41,0.0
20180915:1711,7.82,4.75,3.67,2.41,0.0
20180915:1811,0.0,0.0,2.95,2.21,0.0
20180915:1911,0.0,0.0,2.9,2.14,0.0
20180915:2011,0.0,0.0,2.67,1.93,0.0
20180915:2111,0.0,0.0,2.31,1.93,0.0
20180915:2211,0.0,0.0,2.2,2.07,0.0
20180915:2311,0.0,0.0,2.12,2.0,0.0
20180916:0011,0.0,0.0,2.52,1.93,0.0
20180916:0111,0.0,0.0,2.55,1.79,0.0
20180916:0211,0.0,0.0,2.34,1.38,0.0
20180916:0311,0.0,0.0,2.29,1.52,0.0
20180916:0411,0.0,0.0,2.46,1.31,0.0
20180916:0511,0.0,0.0,2.65,1.52,0.0
20180916:0611,7.82,7.89,2.98,1.66,0.0
20180916:0711,18.25,15.19,3.82,1.93,0.0
20180916:0811,56.49,21.81,3.56,1.93,0.0
20180916:0911,62.58,27.3,3.28,2.0,0.0
20180916:1011,77.59,31.14,3.29,2.14,0.0
20180916:1111,91.45,32.91,3.18,2.21,0.0
20180916:1211,89.6,32.36,3.85,2.55,0.0
20180916:1311,66.51,29.57,4.36,2.48,0.0
20180916:1411,38.8,24.9,5.11,2.28,0.0
20180916:1511,69.28,18.82,5.7,2.14,0.0
20180916:1611,27.81,11.82,6.05,1.59,0.0
20180916:1711,6.95,4.37,6.34,1.93,0.0
20180916:1811,0.0,0.0,7.21,2.83,0.0
20180916:1911,0.0,0.0,7.03,2.83,0.0
20180916:2011,0.0,0.0,6.6,2.48,0.0
20180916:2111,0.0,0.0,6.14,2.48,0.0
20180916:2211,0.0,0.0,5.68,2.69,0.0
20180916:2311,0.0,0.0,5.32,2.83,0.0
20180917:0011,0.0,0.0,4.71,3.03,0.0
20180917:0111,0.0,0.0,4.24,2.97,0.0
20180917:0211,0.0,0.0,3.72,2.9,0.0
20180917:0311,0.0,0.0,3.4,2.76,0.0
20180917:0411,0.0,0.0,3.26,2.9,0.0
20180917:0511,0.0,0.0,3.28,2.9,0.0
20180917:0611,8.69,7.61,3.22,2.97,0.0
20180917:0711,25.2,14.89,3.99,3.24,0.0
20180917:0811,107.77,21.5,4.61,3.38,0.0
20180917:0911,111.25,26.96,5.15,3.79,0.0
20180917:1011,127.48,30.78,5.7,3.79,0.0
20180917:1111,96.99,32.53,6.48,3.93,0.0
20180917:1211,134.87,31.97,6.71,3.72,0.0
20180917:1311,115.47,29.18,6.76,3.59,0.0
20180917:1411,67.43,24.5,7.08,3.52,0.0
20180917:1511,50.81,18.43,7.38,3.17,0.0
20180917:1611,49.54,11.44,7.25,2.62,0.0
20180917:1711,18.25,3.98,6.81,2.0,0.0
20180917:1811,0.0,0.0,6.73,1.52,0.0
20180917:1911,0.0,0.0,6.6,1.24,0.0
20180917:2011,0.0,0.0,6.12,1.31,0.0
20180917:2111,0.0,0.0,5.48,1.38,0.0
20180917:2211,0.0,0.0,5.3,1.38,0.0
20180917:2311,0.0,0.0,5.8,1.38,0.0
20180918:0011,0.0,0.0,6.46,1.45,0.0
20180918:0111,0.0,0.0,7.13,1.59,0.0
20180918:0211,0.0,0.0,7.71,1.66,0.0
20180918:0311,0.0,0.0,8.48,2.34,0.0
20180918:0411,0.0,0.0,9.21,2.69,0.0
20180918:0511,0.0,0.0,10.16,3.03,0.0
20180918:0611,13.91,7.32,10.36,3.24,0.0
20180918:0711,75.61,14.59,10.46,2.14,0.0
20180918:0811,111.25,21.18,10.9,2.21,0.0
20180918:0911,152.09,26.62,11.98,2.76,0.0
20180918:1011,666.33,30.42,13.07,2.9,0.0
20180918:1111,812.98,32.15,14.39,2.97,0.0
20180918:1211,810.93,31.57,15.5,3.45,0.0
20180918:1311,714.57,28.78,16.11,3.86,0.0
20180918:1411,105.31,24.11,16.18,3.72,0.0
20180918:1511,70.2,18.04,15.69,3.59,0.0
20180918:1611,11.3,11.06,14.68,4.07,0.0
20180918:1711,6.08,3.6,13.25,4.14,0.0
20180918:1811,0.0,0.0,12.15,3.45,0.0
20180918:1911,0.0,0.0,11.56,2.76,0.0
20180918:2011,0.0,0.0,11.26,3.03,0.0
20180918:2111,0.0,0.0,11.58,3.24,0.0
20180918:2211,0.0,0.0,11.33,2.97,0.0
20180918:2311,0.0,0.0,11.0,3.66,0.0
20180919:0011,0.0,0.0,10.29,4.28,0.0
20180919:0111,0.0,0.0,9.23,4.21,0.0
20180919:0211,0.0,0.0,8.51,3.79,0.0
20180919:0311,0.0,0.0,8.53,2.83,0.0
20180919:0411,0.0,0.0,8.54,2.76,0.0
20180919:0511,0.0,0.0,8.92,2.34,0.0
20180919:0611,25.2,7.03,9.39,2.83,0.0
20180919:0711,63.45,14.29,9.11,3.52,0.0
20180919:0811,75.61,20.86,8.58,3.38,0.0
20180919:0911,98.21,26.28,10.18,3.17,0.0
20180919:1011,491.33,30.06,9.98,3.38,0.0
20180919:1111,753.16,31.76,9.84,3.31,0.0
20180919:1211,787.0,31.18,10.53,3.17,0.0
20180919:1311,573.91,28.38,11.62,3.93,0.0
20180919:1411,80.37,23.71,11.89,4.76,0.0
20180919:1511,48.03,17.65,11.23,4.83,0.0
20180919:1611,16.51,10.67,10.42,3.03,0.0
20180919:1711,5.21,3.22,9.92,3.79,0.0
20180919:1811,0.0,0.0,9.9,6.55,0.0
20180919:1911,0.0,0.0,9.47,6.41,0.0
20180919:2011,0.0,0.0,7.38,7.24,0.0
20180919:2111,0.0,0.0,5.68,5.24,0.0
20180919:2211,0.0,0.0,4.95,4.62,0.0
20180919:2311,0.0,0.0,4.86,3.24,0.0
20180920:0011,0.0,0.0,4.82,3.66,0.0
20180920:0111,0.0,0.0,4.41,4.0,0.0
20180920:0211,0.0,0.0,4.35,3.72,0.0
20180920:0311,0.0,0.0,3.73,3.79,0.0
20180920:0411,0.0,0.0,3.68,3.59,0.0
20180920:0511,0.0,0.0,3.53,3.52,0.0
20180920:0611,36.5,6.74,3.6,3.31,0.0
20180920:0711,34.76,13.99,3.66,3.24,0.0
20180920:0811,24.34,20.55,3.95,3.66,0.0
20180920:0911,36.5,25.94,4.53,4.28,0.0
20180920:1011,39.72,29.69,4.34,4.41,0.0
20180920:1111,41.57,31.38,4.97,4.34,0.0
20180920:1211,41.57,30.78,4.98,4.28,0.0
20180920:1311,84.98,27.98,3.62,4.07,0.0
20180920:1411,30.48,23.32,5.06,4.07,0.0
20180920:1511,105.96,17.26,4.67,2.55,0.0
20180920:1611,64.31,10.29,4.72,3.03,0.0
20180920:1711,7.82,2.84,4.04,2.69,0.0
20180920:1811,0.0,0.0,3.81,2.48,0.0
20180920:1911,0.0,0.0,3.76,2.48,0.0
20180920:2011,0.0,0.0,3.75,2.07,0.0
20180920:2111,0.0,0.0,3.63,2.21,0.0
20180920:2211,0.0,0.0,3.54,1.72,0.0
20180920:2311,0.0,0.0,3.68,1.24,0.0
20180921:0011,0.0,0.0,3.56,1.17,0.0
20180921:0111,0.0,0.0,3.46,1.66,0.0
20180921:0211,0.0,0.0,3.23,1.93,0.0
20180921:0311,0.0,0.0,2.6,2.34,0.0
20180921:0411,0.0,0.0,2.36,2.97,0.0
20180921:0511,0.0,0.0,2.39,3.17,0.0
20180921:0611,6.08,6.45,2.51,3.17,0.0
20180921:0711,21.73,13.69,2.74,3.17,0.0
20180921:0811,26.94,20.23,3.1,2.97,0.0
20180921:0911,51.28,25.6,3.66,2.83,0.0
20180921:1011,97.92,29.33,4.48,2.76,0.0
20180921:1111,73.9,30.99,5.13,2.41,0.0
20180921:1211,204.6,30.39,6.35,2.97,0.0
20180921:1311,62.81,27.58,8.15,3.59,0.0
20180921:1411,29.56,22.92,6.65,4.28,0.0
20180921:1511,38.8,16.87,5.58,3.24,0.0
20180921:1611,46.06,9.9,4.1,2.14,0.0
20180921:1711,10.43,2.46,3.95,1.24,0.0
20180921:1811,0.0,0.0,3.6,1.45,0.0
20180921:1911,0.0,0.0,3.33,2.83,0.0
20180921:2011,0.0,0.0,3.11,4.69,0.0
20180921:2111,0.0,0.0,2.21,4.07,0.0
20180921:2211,0.0,0.0,1.98,4.55,0.0
20180921:2311,0.0,0.0,2.33,4.0,0.0
20180922:0011,0.0,0.0,2.61,4.28,0.0
20180922:0111,0.0,0.0,2.54,4.48,0.0
20180922:0211,0.0,0.0,2.15,4.28,0.0
20180922:0311,0.0,0.0,2.25,3.79,0.0
20180922:0411,0.0,0.0,1.98,4.28,0.0
20180922:0511,0.0,0.0,1.76,4.69,0.0
20180922:0611,17.38,6.15,1.7,4.34,0.0
20180922:0711,62.58,13.39,1.8,3.38,0.0
20180922:0811,113.85,19.91,1.88,3.38,0.0
20180922:0911,66.92,25.26,2.18,3.45,0.0
20180922:1011,109.93,28.96,2.2,3.45,0.0
20180922:1111,196.54,30.61,2.15,3.45,0.0
20180922:1211,83.14,29.99,2.47,3.24,0.0
20180922:1311,100.69,27.18,2.88,3.24,0.0
20180922:1411,38.8,22.53,2.9,3.24,0.0
20180922:1511,23.09,16.48,2.83,3.66,0.0
20180922:1611,44.32,9.52,2.64,3.1,0.0
20180922:1711,8.69,2.07,2.51,3.38,0.0
20180922:1811,0.0,0.0,2.31,3.31,0.0
20180922:1911,0.0,0.0,2.03,2.9,0.0
20180922:2011,0.0,0.0,2.32,3.45,0.0
20180922:2111,0.0,0.0,2.14,2.9,0.0
20180922:2211,0.0,0.0,1.89,2.69,0.0
20180922:2311,0.0,0.0,1.76,2.76,0.0
20180923:0011,0.0,0.0,1.49,2.48,0.0
20180923:0111,0.0,0.0,1.2,2.48,0.0
20180923:0211,0.0,0.0,1.05,2.41,0.0
20180923:0311,0.0,0.0,0.82,2.34,0.0
20180923:0411,0.0,0.0,0.24,2.48,0.0
20180923:0511,0.0,0.0,-0.45,2.21,0.0
20180923:0611,19.12,5.86,-1.39,2.14,0.0
20180923:0711,84.3,13.09,-0.6,2.14,0.0
20180923:0811,127.76,19.59,0.1,2.21,0.0
20180923:0911,103.42,24.92,0.84,2.41,0.0
20180923:1011,259.25,28.6,1.54,2.48,0.0
20180923:1111,498.23,30.22,1.76,2.48,0.0
20180923:1211,191.11,29.59,2.04,2.48,0.0
20180923:1311,178.48,26.78,2.37,2.48,0.0
20180923:1411,234.11,22.13,2.31,2.55,0.0
20180923:1511,135.23,16.09,2.03,2.55,0.0
20180923:1611,52.15,9.13,1.63,2.41,0.0
20180923:1711,3.48,1.69,0.98,2.28,0.0
20180923:1811,0.0,0.0,-0.47,2.21,0.0
20180923:1911,0.0,0.0,-2.02,1.86,0.0
20180923:2011,0.0,0.0,-2.3,1.79,0.0
20180923:2111,0.0,0.0,-2.69,1.93,0.0
20180923:2211,0.0,0.0,-2.79,1.86,0.0
20180923:2311,0.0,0.0,-3.04,1.86,0.0
20180924:0011,0.0,0.0,-3.39,1.86,0.0
20180924:0111,0.0,0.0,-3.61,2.0,0.0
20180924:0211,0.0,0.0,-3.81,2.0,0.0
20180924:0311,0.0,0.0,-4.0,2.0,0.0
20180924:0411,0.0,0.0,-4.03,1.86,0.0
20180924:0511,0.0,0.0,-4.26,1.79,0.0
20180924:0611,31.29,5.57,-4.17,1.66,0.0
20180924:0711,84.3,12.78,-4.52,2.0,0.0
20180924:0811,99.08,19.27,-3.79,2.21,0.0
20180924:0911,126.02,24.57,-1.5,2.69,0.0
20180924:1011,104.38,28.23,-0.21,2.9,0.0
20180924:1111,230.23,29.84,0.57,3.38,0.0
20180924:1211,229.69,29.19,0.88,3.17,0.0
20180924:1311,244.79,26.38,1.14,3.66,0.0
20180924:1411,237.72,21.73,0.95,3.1,0.0
20180924:1511,198.19,15.7,0.9,2.97,0.0
20180924:1611,21.73,8.75,0.35,2.28,0.0
20180924:1711,2.61,1.31,-0.81,1.93,0.0
20180924:1811,0.0,0.0,-2.11,1.79,0.0
20180924:1911,0.0,0.0,-2.06,1.66,0.0
20180924:2011,0.0,0.0,-1.38,1.52,0.0
20180924:2111,0.0,0.0,-1.12,1.52,0.0
20180924:2211,0.0,0.0,-1.52,1.52,0.0
20180924:2311,0.0,0.0,-1.42,1.1,0.0
20180925:0011,0.0,0.0,-1.79,0.97,0.0
20180925:0111,0.0,0.0,-1.89,0.97,0.0
20180925:0211,0.0,0.0,-1.64,1.17,0.0
20180925:0311,0.0,0.0,-2.3,1.45,0.0
20180925:0411,0.0,0.0,-3.92,2.14,0.0
20180925:0511,0.0,0.0,-2.58,1.72,0.0
20180925:0611,6.08,5.27,-2.52,2.0,0.0
20180925:0711,65.18,12.48,-0.68,2.76,0.0
20180925:0811,56.49,18.95,0.97,2.83,0.0
20180925:0911,69.53,24.23,1.82,2.97,0.0
20180925:1011,95.15,27.86,2.43,3.1,0.0
20180925:1111,72.05,29.45,2.94,3.31,0.0
20180925:1211,77.59,28.8,3.05,3.52,0.0
20180925:1311,70.2,25.98,3.55,3.66,0.0
20180925:1411,59.12,21.34,3.84,4.0,0.0
20180925:1511,27.71,15.31,3.68,4.28,0.0
20180925:1611,20.86,8.37,3.56,4.0,0.0
20180925:1711,0.0,0.0,3.6,4.28,0.0
20180925:1811,0.0,0.0,3.21,4.28,0.0
20180925:1911,0.0,0.0,3.29,4.83,0.0
20180925:2011,0.0,0.0,3.23,5.1,0.0
20180925:2111,0.0,0.0,3.25,5.1,0.0
20180925:2211,0.0,0.0,3.46,4.9,0.0
20180925:2311,0.0,0.0,4.08,4.83,0.0
20180926:0011,0.0,0.0,4.8,4.9,0.0
20180926:0111,0.0,0.0,5.18,4.76,0.0
20180926:0211,0.0,0.0,5.57,4.69,0.0
20180926:0311,0.0,0.0,6.03,4.55,0.0
20180926:0411,0.0,0.0,6.45,4.62,0.0
20180926:0511,0.0,0.0,6.89,4.48,0.0
20180926:0611,4.35,4.98,7.22,4.9,0.0
20180926:0711,15.64,12.17,7.72,4.9,0.0
20180926:0811,32.16,18.62,7.94,4.69,0.0
20180926:0911,46.06,23.88,7.31,4.07,0.0
20180926:1011,74.74,27.49,6.67,4.28,0.0
20180926:1111,80.37,29.06,6.37,3.72,0.0
20180926:1211,100.69,28.4,5.86,4.0,0.0
20180926:1311,87.76,25.58,5.0,3.93,0.0
20180926:1411,58.2,20.94,4.76,3.79,0.0
20180926:1511,56.35,14.92,4.55,4.0,0.0
20180926:1611,46.93,7.98,3.88,4.34,0.0
20180926:1711,0.0,0.0,3.22,3.52,0.0
20180926:1811,0.0,0.0,2.65,3.86,0.0
20180926:1911,0.0,0.0,2.65,3.86,0.0
20180926:2011,0.0,0.0,2.75,4.0,0.0
20180926:2111,0.0,0.0,2.93,3.45,0.0
20180926:2211,0.0,0.0,2.95,4.07,0.0
20180926:2311,0.0,0.0,2.84,3.86,0.0
20180927:0011,0.0,0.0,2.78,3.79,0.0
20180927:0111,0.0,0.0,2.77,3.72,0.0
20180927:0211,0.0,0.0,2.82,3.1,0.0
20180927:0311,0.0,0.0,2.59,2.83,0.0
20180927:0411,0.0,0.0,2.45,2.21,0.0
20180927:0511,0.0,0.0,2.37,2.41,0.0
20180927:0611,3.48,4.68,2.43,2.21,0.0
20180927:0711,12.17,11.87,2.7,2.34,0.0
20180927:0811,33.03,18.3,2.93,1.86,0.0
20180927:0911,47.8,23.54,3.53,1.66,0.0
20180927:1011,54.75,27.13,4.29,1.79,0.0
20180927:1111,66.51,28.68,5.46,2.41,0.0
20180927:1211,53.58,28.0,6.34,3.79,0.0
20180927:1311,53.58,25.18,5.52,3.79,0.0
20180927:1411,76.67,20.55,4.35,3.52,0.0
20180927:1511,98.26,14.53,2.97,2.9,0.0
20180927:1611,33.9,7.6,2.34,2.69,0.0
20180927:1711,0.0,0.0,2.14,2.55,0.0
20180927:1811,0.0,0.0,1.65,2.69,0.0
20180927:1911,0.0,0.0,1.4,2.62,0.0
20180927:2011,0.0,0.0,1.41,2.62,0.0
20180927:2111,0.0,0.0,0.96,2.48,0.0
20180927:2211,0.0,0.0,0.34,2.34,0.0
20180927:2311,0.0,0.0,-0.05,2.28,0.0
20180928:0011,0.0,0.0,-0.06,2.34,0.0
20180928:0111,0.0,0.0,-0.13,2.34,0.0
20180928:0211,0.0,0.0,-0.44,2.41,0.0
20180928:0311,0.0,0.0,-0.86,2.34,0.0
20180928:0411,0.0,0.0,-1.05,2.28,0.0
20180928:0511,0.0,0.0,-1.17,2.21,0.0
20180928:0611,22.6,4.39,-1.41,2.0,0.0
20180928:0711,72.14,11.56,-0.82,2.34,0.0
20180928:0811,122.54,17.98,-0.53,2.41,0.0
20180928:0911,162.52,23.19,0.46,2.55,0.0
20180928:1011,148.62,26.76,0.59,2.83,0.0
20180928:1111,265.49,28.29,1.25,3.1,0.0
20180928:1211,216.69,27.6,1.35,3.03,0.0
20180928:1311,169.18,24.79,1.41,3.24,0.0
20180928:1411,188.92,20.15,1.98,3.31,0.0
20180928:1511,243.18,14.15,1.78,2.97,0.0
20180928:1611,33.03,7.21,1.32,2.28,0.0
20180928:1711,0.0,0.0,0.86,1.79,0.0
20180928:1811,0.0,0.0,0.22,1.59,0.0
20180928:1911,0.0,0.0,-0.32,1.72,0.0
20180928:2011,0.0,0.0,-0.4,1.86,0.0
20180928:2111,0.0,0.0,-0.15,2.07,0.0
20180928:2211,0.0,0.0,-1.87,2.21,0.0
20180928:2311,0.0,0.0,-0.84,2.48,0.0
20180929:0011,0.0,0.0,-0.29,2.97,0.0
20180929:0111,0.0,0.0,0.26,3.24,0.0
20180929:0211,0.0,0.0,0.67,3.1,0.0
20180929:0311,0.0,0.0,1.01,2.83,0.0
20180929:0411,0.0,0.0,1.31,3.03,0.0
20180929:0511,0.0,0.0,1.79,3.72,0.0
20180929:0611,3.48,4.09,2.1,3.79,0.0
20180929:0711,19.99,11.25,2.58,4.34,0.0
20180929:0811,28.68,17.65,2.63,4.41,0.0
20180929:0911,27.81,22.85,2.92,4.55,0.0
20180929:1011,67.79,26.39,3.27,5.17,0.0
20180929:1111,79.44,27.9,3.76,4.97,0.0
20180929:1211,82.21,27.21,3.22,4.69,0.0
20180929:1311,74.82,24.39,2.96,4.28,0.0
20180929:1411,26.79,19.76,2.63,4.62,0.0
20180929:1511,67.89,13.76,2.22,4.0,0.0
20180929:1611,31.29,6.83,2.17,3.52,0.0
20180929:1711,0.0,0.0,2.22,4.0,0.0
20180929:1811,0.0,0.0,2.32,4.0,0.0
20180929:1911,0.0,0.0,2.74,4.34,0.0
20180929:2011,0.0,0.0,2.93,4.0,0.0
20180929:2111,0.0,0.0,2.88,3.38,0.0
20180929:2211,0.0,0.0,2.69,3.03,0.0
20180929:2311,0.0,0.0,2.75,2.97,0.0
20180930:0011,0.0,0.0,2.62,2.97,0.0
20180930:0111,0.0,0.0,2.61,3.52,0.0
20180930:0211,0.0,0.0,2.03,2.83,0.0
20180930:0311,0.0,0.0,1.53,2.76,0.0
20180930:0411,0.0,0.0,1.35,2.83,0.0
20180930:0511,0.0,0.0,1.37,2.62,0.0
20180930:0611,7.82,3.8,1.33,2.69,0.0
20180930:0711,67.79,10.94,1.88,3.38,0.0
20180930:0811,84.3,17.33,2.18,3.17,0.0
20180930:0911,76.48,22.5,2.17,3.17,0.0
20180930:1011,84.3,26.02,2.65,3.31,0.0
20180930:1111,60.97,27.52,2.66,3.1,0.0
20180930:1211,86.83,26.81,2.58,2.97,0.0
20180930:1311,115.47,23.99,2.63,2.83,0.0
20180930:1411,70.2,19.37,2.81,2.34,0.0
20180930:1511,42.49,13.37,2.29,2.07,0.0
20180930:1611,18.25,6.45,1.84,2.07,0.0
20180930:1711,0.0,0.0,0.82,1.59,0.0
20180930:1811,0.0,0.0,0.05,1.52,0.0
20180930:1911,0.0,0.0,-0.05,1.52,0.0
20180930:2011,0.0,0.0,-0.16,1.52,0.0
20180930:2111,0.0,0.0,-0.11,1.31,0.0
20180930:2211,0.0,0.0,-0.33,1.24,0.0
20180930:2311,0.0,0.0,-0.33,1.17,0.0
20181001:0011,0.0,0.0,-0.35,1.1,0.0
20181001:0111,0.0,0.0,-0.4,1.1,0.0
20181001:0211,0.0,0.0,0.05,0.76,0.0
20181001:0311,0.0,0.0,-0.04,0.76,0.0
20181001:0411,0.0,0.0,-0.07,0.83,0.0
20181001:0511,0.0,0.0,-0.16,0.97,0.0
20181001:0611,4.35,3.5,-0.23,1.03,0.0
20181001:0711,39.98,10.64,-0.43,1.45,0.0
20181001:0811,118.2,17.0,-0.32,1.52,0.0
20181001:0911,126.02,22.15,0.77,1.72,0.0
20181001:1011,182.51,25.65,1.76,1.79,0.0
20181001:1111,410.01,27.13,2.11,1.72,0.0
20181001:1211,579.23,26.42,2.04,1.79,0.0
20181001:1311,730.34,23.59,2.17,1.86,0.0
20181001:1411,188.07,18.97,2.15,1.86,0.0
20181001:1511,139.83,12.99,1.81,1.79,0.0
20181001:1611,26.07,6.07,1.32,1.79,0.0
20181001:1711,0.0,0.0,0.44,1.45,0.0
20181001:1811,0.0,0.0,0.27,1.31,0.0
20181001:1911,0.0,0.0,-0.01,1.24,0.0
20181001:2011,0.0,0.0,-0.59,1.38,0.0
20181001:2111,0.0,0.0,-1.04,1.45,0.0
20181001:2211,0.0,0.0,-0.72,1.24,0.0
20181001:2311,0.0,0.0,-1.42,1.45,0.0
20181002:0011,0.0,0.0,-1.56,1.66,0.0
20181002:0111,0.0,0.0,-1.36,1.79,0.0
20181002:0211,0.0,0.0,-1.17,2.0,0.0
20181002:0311,0.0,0.0,-1.18,2.0,0.0
20181002:0411,0.0,0.0,-1.07,1.72,0.0
20181002:0511,0.0,0.0,-0.87,1.66,0.0
20181002:0611,6.08,3.2,-0.88,1.59,0.0
20181002:0711,66.05,10.33,-0.67,2.14,0.0
20181002:0811,71.27,16.67,-0.41,1.93,0.0
20181002:0911,58.23,21.8,-0.31,1.72,0.0
20181002:1011,56.49,25.28,-0.15,2.0,0.0
20181002:1111,141.78,26.74,0.64,2.55,0.0
20181002:1211,79.44,26.02,0.75,2.28,0.0
20181002:1311,68.36,23.2,1.0,2.62,0.0
20181002:1411,33.25,18.58,1.31,2.41,0.0
20181002:1511,78.68,12.6,1.32,2.0,0.0
20181002:1611,9.56,5.69,1.12,2.07,0.0
20181002:1711,0.0,0.0,0.86,1.86,0.0
20181002:1811,0.0,0.0,0.39,1.66,0.0
20181002:1911,0.0,0.0,-0.63,1.59,0.0
20181002:2011,0.0,0.0,-1.17,1.52,0.0
20181002:2111,0.0,0.0,-1.56,1.59,0.0
20181002:2211,0.0,0.0,-1.81,1.66,0.0
20181002:2311,0.0,0.0,-1.87,1.72,0.0
20181003:0011,0.0,0.0,-1.41,1.86,0.0
20181003:0111,0.0,0.0,-1.74,1.66,0.0
20181003:0211,0.0,0.0,-1.84,1.66,0.0
20181003:0311,0.0,0.0,-2.09,1.59,0.0
20181003:0411,0.0,0.0,-2.21,1.52,0.0
20181003:0511,0.0,0.0,-2.25,1.31,0.0
20181003:0611,8.69,2.9,-2.38,1.31,0.0
20181003:0711,62.58,10.02,-2.55,1.86,0.0
20181003:0811,99.08,16.35,-1.21,2.21,0.0
20181003:0911,106.9,21.46,-0.47,2.28,0.0
20181003:1011,137.32,24.91,0.17,2.41,0.0
20181003:1111,95.6,26.36,0.43,2.41,0.0
20181003:1211,72.05,25.63,0.59,2.55,0.0
20181003:1311,274.52,22.8,0.61,2.34,0.0
20181003:1411,121.6,18.19,0.62,2.34,0.0
20181003:1511,149.28,12.22,0.46,1.93,0.0
20181003:1611,22.6,5.32,-0.11,1.86,0.0
20181003:1711,0.0,0.0,-0.86,1.45,0.0
20181003:1811,0.0,0.0,-0.81,1.38,0.0
20181003:1911,0.0,0.0,-0.43,1.24,0.0
20181003:2011,0.0,0.0,-0.11,0.97,0.0
20181003:2111,0.0,0.0,-0.43,0.62,0.0
20181003:2211,0.0,0.0,-0.94,0.41,0.0
20181003:2311,0.0,0.0,-1.18,0.0,0.0
20181004:0011,0.0,0.0,-1.33,0.28,0.0
20181004:0111,0.0,0.0,-1.35,0.34,0.0
20181004:0211,0.0,0.0,-1.16,0.69,0.0
20181004:0311,0.0,0.0,-1.29,0.9,0.0
20181004:0411,0.0,0.0,-1.2,1.17,0.0
20181004:0511,0.0,0.0,-0.74,1.17,0.0
20181004:0611,1.74,2.6,-0.12,1.1,0.0
20181004:0711,30.42,9.71,0.44,1.24,0.0
20181004:0811,39.11,16.02,1.31,1.66,0.0
20181004:0911,71.27,21.11,1.69,1.52,0.0
20181004:1011,76.48,24.54,2.09,1.66,0.0
20181004:1111,75.61,25.97,2.73,2.14,0.0
20181004:1211,151.23,25.23,3.16,2.34,0.0
20181004:1311,127.64,22.41,3.47,2.55,0.0
20181004:1411,50.81,17.8,3.64,2.62,0.0
20181004:1511,35.1,11.84,3.86,2.83,0.0
20181004:1611,14.77,4.94,4.09,2.97,0.0
20181004:1711,0.0,0.0,4.37,3.24,0.0
20181004:1811,0.0,0.0,4.7,3.79,0.0
20181004:1911,0.0,0.0,4.56,3.72,0.0
20181004:2011,0.0,0.0,4.58,4.0,0.0
20181004:2111,0.0,0.0,4.51,3.93,0.0
20181004:2211,0.0,0.0,4.8,4.34,0.0
20181004:2311,0.0,0.0,4.3,4.34,0.0
20181005:0011,0.0,0.0,2.89,3.45,0.0
20181005:0111,0.0,0.0,2.05,3.17,0.0
20181005:0211,0.0,0.0,1.41,2.97,0.0
20181005:0311,0.0,0.0,1.08,3.03,0.0
20181005:0411,0.0,0.0,0.58,2.62,0.0
20181005:0511,0.0,0.0,0.21,2.48,0.0
20181005:0611,3.48,2.3,0.28,3.03,0.0
20181005:0711,40.85,9.4,0.78,2.76,0.0
20181005:0811,81.7,15.69,1.07,3.38,0.0
20181005:0911,104.29,20.76,1.38,4.21,0.0
20181005:1011,136.45,24.18,1.53,4.0,0.0
20181005:1111,110.38,25.59,1.55,3.93,0.0
20181005:1211,175.04,24.84,1.81,4.07,0.0
20181005:1311,126.78,22.02,1.58,3.86,0.0
20181005:1411,60.97,17.42,1.08,3.38,0.0
20181005:1511,165.42,11.46,1.28,3.31,0.0
20181005:1611,17.38,4.57,0.77,2.48,0.0
20181005:1711,0.0,0.0,0.32,3.03,0.0
20181005:1811,0.0,0.0,-0.02,2.83,0.0
20181005:1911,0.0,0.0,-0.15,2.62,0.0
20181005:2011,0.0,0.0,-0.24,2.9,0.0
20181005:2111,0.0,0.0,-0.56,2.69,0.0
20181005:2211,0.0,0.0,-0.37,2.76,0.0
20181005:2311,0.0,0.0,-0.06,2.9,0.0
20181006:0011,0.0,0.0,0.08,3.03,0.0
20181006:0111,0.0,0.0,0.12,2.97,0.0
20181006:0211,0.0,0.0,-0.28,2.55,0.0
20181006:0311,0.0,0.0,-0.32,2.48,0.0
20181006:0411,0.0,0.0,-0.36,2.48,0.0
20181006:0511,0.0,0.0,-0.41,2.41,0.0
20181006:0611,1.74,2.01,-0.63,1.93,0.0
20181006:0711,31.29,9.09,-0.68,1.72,0.0
20181006:0811,60.84,15.37,-0.23,2.14,0.0
20181006:0911,99.08,20.41,0.48,2.14,0.0
20181006:1011,127.76,23.81,0.79,1.93,0.0
20181006:1111,178.17,25.21,1.21,1.86,0.0
20181006:1211,329.16,24.45,1.4,1.79,0.0
20181006:1311,491.89,21.63,1.44,1.72,0.0
20181006:1411,238.39,17.03,1.19,1.52,0.0
20181006:1511,61.71,11.08,0.92,1.45,0.0
20181006:1611,17.38,4.19,0.59,1.38,0.0
20181006:1711,0.0,0.0,-0.1,1.31,0.0
20181006:1811,0.0,0.0,-0.47,1.31,0.0
20181006:1911,0.0,0.0,-1.32,1.31,0.0
20181006:2011,0.0,0.0,-1.26,1.17,0.0
20181006:2111,0.0,0.0,-0.89,1.03,0.0
20181006:2211,0.0,0.0,-1.54,1.03,0.0
20181006:2311,0.0,0.0,-2.61,1.1,0.0
20181007:0011,0.0,0.0,-3.12,1.03,0.0
20181007:0111,0.0,0.0,-4.31,1.17,0.0
20181007:0211,0.0,0.0,-4.89,1.24,0.0
20181007:0311,0.0,0.0,-5.11,1.17,0.0
20181007:0411,0.0,0.0,-5.61,1.45,0.0
20181007:0511,0.0,0.0,-6.0,1.45,0.0
20181007:0611,1.74,1.71,-6.33,1.38,0.0
20181007:0711,38.24,8.78,-4.63,1.1,0.0
20181007:0811,83.43,15.04,-3.16,0.76,0.0
20181007:0911,120.81,20.07,-1.77,0.28,0.0
20181007:1011,160.79,23.44,-1.19,0.9,0.0
20181007:1111,178.17,24.82,0.55,1.52,0.0
20181007:1211,864.09,24.06,1.12,2.0,0.0
20181007:1311,672.48,21.24,1.49,2.21,0.0
20181007:1411,160.26,16.65,1.48,2.41,0.0
20181007:1511,60.84,10.7,1.4,2.62,0.0
20181007:1611,9.56,3.82,0.87,2.41,0.0
20181007:1711,0.0,0.0,0.52,2.62,0.0
20181007:1811,0.0,0.0,0.18,2.07,0.0
20181007:1911,0.0,0.0,0.19,2.21,0.0
20181007:2011,0.0,0.0,0.32,2.83,0.0
20181007:2111,0.0,0.0,0.45,2.62,0.0
20181007:2211,0.0,0.0,0.6,2.69,0.0
20181007:2311,0.0,0.0,0.73,2.69,0.0
20181008:0011,0.0,0.0,0.96,2.21,0.0
20181008:0111,0.0,0.0,1.25,2.28,0.0
20181008:0211,0.0,0.0,1.77,2.48,0.0
20181008:0311,0.0,0.0,2.09,2.0,0.0
20181008:0411,0.0,0.0,2.88,2.76,0.0
20181008:0511,0.0,0.0,3.4,3.24,0.0
20181008:0611,0.87,1.41,3.91,3.93,0.0
20181008:0711,49.54,8.47,3.36,2.83,0.0
20181008:0811,99.08,14.71,2.77,2.34,0.0
20181008:0911,100.82,19.72,2.71,2.55,0.0
20181008:1011,158.18,23.07,2.52,2.62,0.0
20181008:1111,90.39,24.44,2.51,2.9,0.0
20181008:1211,293.25,23.67,2.61,3.24,0.0
20181008:1311,556.94,20.85,2.91,3.86,0.0
20181008:1411,152.57,16.27,2.94,3.52,0.0
20181008:1511,66.92,10.33,2.75,3.17,0.0
20181008:1611,7.82,3.45,2.36,2.83,0.0
20181008:1711,0.0,0.0,2.08,2.69,0.0
20181008:1811,0.0,0.0,1.96,2.69,0.0
20181008:1911,0.0,0.0,2.47,2.28,0.0
20181008:2011,0.0,0.0,2.27,1.93,0.0
20181008:2111,0.0,0.0,2.3,1.72,0.0
20181008:2211,0.0,0.0,2.64,1.86,0.0
20181008:2311,0.0,0.0,3.93,3.52,0.0
20181009:0011,0.0,0.0,4.85,4.07,0.0
20181009:0111,0.0,0.0,5.21,3.72,0.0
20181009:0211,0.0,0.0,5.1,3.52,0.0
20181009:0311,0.0,0.0,5.11,3.38,0.0
20181009:0411,0.0,0.0,5.1,3.45,0.0
20181009:0511,0.0,0.0,5.1,3.38,0.0
20181009:0611,0.0,0.0,5.22,3.59,0.0
20181009:0711,11.3,8.16,5.27,3.17,0.0
20181009:0811,16.51,14.39,5.31,3.31,0.0
20181009:0911,23.47,19.37,5.43,3.59,0.0
20181009:1011,54.75,22.71,5.44,3.1,0.0
20181009:1111,85.17,24.06,5.3,3.03,0.0
20181009:1211,51.73,23.28,6.02,3.45,0.0
20181009:1311,274.11,20.46,5.79,3.17,0.0
20181009:1411,70.2,15.88,5.85,3.52,0.0
20181009:1511,62.58,9.95,5.72,3.17,0.0
20181009:1611,8.69,3.09,6.73,3.86,0.0
20181009:1711,0.0,0.0,6.68,3.31,0.0
20181009:1811,0.0,0.0,6.68,3.52,0.0
20181009:1911,0.0,0.0,6.66,3.24,0.0
20181009:2011,0.0,0.0,6.67,2.97,0.0
20181009:2111,0.0,0.0,6.72,3.31,0.0
20181009:2211,0.0,0.0,6.76,2.97,0.0
20181009:2311,0.0,0.0,6.8,2.55,0.0
20181010:0011,0.0,0.0,6.84,2.41,0.0
20181010:0111,0.0,0.0,6.79,2.41,0.0
20181010:0211,0.0,0.0,6.78,2.41,0.0
20181010:0311,0.0,0.0,6.76,1.86,0.0
20181010:0411,0.0,0.0,6.76,1.79,0.0
20181010:0511,0.0,0.0,6.81,1.86,0.0
20181010:0611,0.0,0.0,6.99,1.66,0.0
20181010:0711,25.2,7.85,6.82,1.24,0.0
20181010:0811,56.49,14.06,7.31,1.38,0.0
20181010:0911,33.9,19.03,7.69,1.38,0.0
20181010:1011,33.9,22.34,8.29,1.45,0.0
20181010:1111,46.93,23.68,8.85,1.86,0.0
20181010:1211,84.98,22.9,9.67,1.86,0.0
20181010:1311,340.7,20.08,10.41,1.93,0.0
20181010:1411,235.77,15.51,10.67,1.66,0.0
20181010:1511,39.98,9.58,10.49,1.03,0.0
20181010:1611,9.56,2.72,9.76,0.83,0.0
20181010:1711,0.0,0.0,8.3,0.9,0.0
20181010:1811,0.0,0.0,7.42,1.03,0.0
20181010:1911,0.0,0.0,7.02,1.17,0.0
20181010:2011,0.0,0.0,5.2,1.52,0.0
20181010:2111,0.0,0.0,3.24,1.79,0.0
20181010:2211,0.0,0.0,1.51,2.0,0.0
20181010:2311,0.0,0.0,1.01,2.14,0.0
20181011:0011,0.0,0.0,1.22,2.28,0.0
20181011:0111,0.0,0.0,1.4,2.48,0.0
20181011:0211,0.0,0.0,1.29,2.55,0.0
20181011:0311,0.0,0.0,1.37,2.76,0.0
20181011:0411,0.0,0.0,1.3,2.76,0.0
20181011:0511,0.0,0.0,1.42,2.83,0.0
20181011:0611,0.0,0.0,1.41,2.97,0.0
20181011:0711,36.5,7.54,2.45,3.24,0.0
20181011:0811,55.62,13.73,3.79,3.24,0.0
20181011:0911,62.58,18.68,5.84,3.31,0.0
20181011:1011,83.43,21.98,7.24,3.45,0.0
20181011:1111,143.4,23.31,8.25,3.72,0.0
20181011:1211,119.86,22.52,8.74,3.86,0.0
20181011:1311,479.47,19.7,8.96,3.66,0.0
20181011:1411,553.47,15.13,8.72,3.24,0.0
20181011:1511,49.54,9.21,8.33,2.97,0.0
20181011:1611,6.08,2.36,7.61,2.69,0.0
20181011:1711,0.0,0.0,6.76,2.76,0.0
20181011:1811,0.0,0.0,6.31,2.69,0.0
20181011:1911,0.0,0.0,6.91,2.62,0.0
20181011:2011,0.0,0.0,6.74,2.55,0.0
20181011:2111,0.0,0.0,6.76,2.41,0.0
20181011:2211,0.0,0.0,6.76,2.41,0.0
20181011:2311,0.0,0.0,6.72,2.34,0.0
20181012:0011,0.0,0.0,6.76,2.28,0.0
20181012:0111,0.0,0.0,6.89,2.28,0.0
20181012:0211,0.0,0.0,6.98,2.21,0.0
20181012:0311,0.0,0.0,6.96,2.28,0.0
20181012:0411,0.0,0.0,6.8,2.34,0.0
20181012:0511,0.0,0.0,6.88,2.41,0.0
20181012:0611,0.0,0.0,6.67,2.41,0.0
20181012:0711,24.34,7.23,7.15,2.76,0.0
20181012:0811,37.37,13.41,7.25,2.83,0.0
20181012:0911,39.11,18.34,7.64,2.9,0.0
20181012:1011,26.94,21.62,7.97,2.97,0.0
20181012:1111,51.28,22.93,8.42,2.97,0.0
20181012:1211,111.25,22.13,8.59,2.62,0.0
20181012:1311,110.63,19.32,8.28,2.34,0.0
20181012:1411,51.73,14.76,8.26,2.14,0.0
20181012:1511,30.42,8.85,8.25,2.14,0.0
20181012:1611,2.61,2.0,8.28,2.14,0.0
20181012:1711,0.0,0.0,8.04,2.07,0.0
20181012:1811,0.0,0.0,7.7,2.69,0.0
20181012:1911,0.0,0.0,7.45,3.03,0.0
20181012:2011,0.0,0.0,7.41,3.17,0.0
20181012:2111,0.0,0.0,7.62,3.31,0.0
20181012:2211,0.0,0.0,8.02,3.52,0.0
20181012:2311,0.0,0.0,8.44,3.79,0.0
20181013:0011,0.0,0.0,8.79,3.93,0.0
20181013:0111,0.0,0.0,9.28,3.79,0.0
20181013:0211,0.0,0.0,9.68,3.52,0.0
20181013:0311,0.0,0.0,10.09,3.86,0.0
20181013:0411,0.0,0.0,10.38,3.93,0.0
20181013:0511,0.0,0.0,10.42,3.66,0.0
20181013:0611,0.0,0.0,10.36,3.17,0.0
20181013:0711,6.08,6.92,10.15,2.41,0.0
20181013:0811,48.67,13.08,10.08,2.34,0.0
20181013:0911,54.75,17.99,10.07,2.48,0.0
20181013:1011,39.98,21.26,10.19,3.03,0.0
20181013:1111,53.89,22.56,10.58,3.03,0.0
20181013:1211,49.54,21.75,10.62,3.17,0.0
20181013:1311,24.02,18.94,10.9,3.17,0.0
20181013:1411,38.8,14.39,10.9,2.55,0.0
20181013:1511,13.04,8.48,11.0,2.48,0.0
20181013:1611,0.87,1.64,11.02,2.62,0.0
20181013:1711,0.0,0.0,11.22,3.59,0.0
20181013:1811,0.0,0.0,11.37,3.45,0.0
20181013:1911,0.0,0.0,11.5,3.72,0.0
20181013:2011,0.0,0.0,11.55,3.38,0.0
20181013:2111,0.0,0.0,11.72,3.1,0.0
20181013:2211,0.0,0.0,11.94,3.66,0.0
20181013:2311,0.0,0.0,11.86,3.45,0.0
20181014:0011,0.0,0.0,11.83,3.24,0.0
20181014:0111,0.0,0.0,11.99,3.38,0.0
20181014:0211,0.0,0.0,11.97,3.38,0.0
20181014:0311,0.0,0.0,12.01,3.38,0.0
20181014:0411,0.0,0.0,11.93,3.17,0.0
20181014:0511,0.0,0.0,11.91,3.03,0.0
20181014:0611,0.0,0.0,11.69,2.9,0.0
20181014:0711,6.95,6.61,11.37,2.0,0.0
20181014:0811,35.63,12.75,11.24,1.86,0.0
20181014:0911,20.86,17.65,11.19,1.72,0.0
20181014:1011,25.2,20.89,11.05,1.66,0.0
20181014:1111,26.94,22.18,11.04,1.66,0.0
20181014:1211,52.15,21.38,10.98,1.59,0.0
20181014:1311,110.77,18.56,10.8,1.52,0.0
20181014:1411,41.57,14.02,10.68,1.45,0.0
20181014:1511,26.94,8.12,10.59,1.38,0.0
20181014:1611,0.87,1.29,10.42,1.38,0.0
20181014:1711,0.0,0.0,10.19,1.38,0.0
20181014:1811,0.0,0.0,9.68,1.38,0.0
20181014:1911,0.0,0.0,8.68,1.52,0.0
20181014:2011,0.0,0.0,7.44,2.21,0.0
20181014:2111,0.0,0.0,5.74,2.28,0.0
20181014:2211,0.0,0.0,4.89,1.03,0.0
20181014:2311,0.0,0.0,4.88,0.48,0.0
20181015:0011,0.0,0.0,4.8,1.03,0.0
20181015:0111,0.0,0.0,4.27,1.24,0.0
20181015:0211,0.0,0.0,4.03,1.17,0.0
20181015:0311,0.0,0.0,3.86,0.97,0.0
20181015:0411,0.0,0.0,3.62,0.97,0.0
20181015:0511,0.0,0.0,3.52,1.03,0.0
20181015:0611,0.0,0.0,3.42,1.03,0.0
20181015:0711,36.5,6.3,3.14,1.1,0.0
20181015:0811,66.92,12.43,3.27,0.97,0.0
20181015:0911,85.17,17.3,3.42,0.9,0.0
20181015:1011,106.9,20.54,3.82,1.24,0.0
20181015:1111,121.68,21.81,4.2,1.66,0.0
20181015:1211,90.39,21.0,4.27,1.66,0.0
20181015:1311,652.12,18.19,4.4,1.66,0.0
20181015:1411,277.98,13.65,4.42,1.59,0.0
20181015:1511,30.42,7.77,4.15,1.38,0.0
20181015:1611,0.0,0.0,3.84,1.17,0.0
20181015:1711,0.0,0.0,3.41,1.17,0.0
20181015:1811,0.0,0.0,2.93,1.1,0.0
20181015:1911,0.0,0.0,3.25,0.62,0.0
20181015:2011,0.0,0.0,3.05,0.62,0.0
20181015:2111,0.0,0.0,2.63,0.69,0.0
20181015:2211,0.0,0.0,2.12,0.83,0.0
20181015:2311,0.0,0.0,0.37,1.1,0.0
20181016:0011,0.0,0.0,-1.5,1.38,0.0
20181016:0111,0.0,0.0,-1.92,1.52,0.0
20181016:0211,0.0,0.0,-1.97,1.52,0.0
20181016:0311,0.0,0.0,-1.84,1.72,0.0
20181016:0411,0.0,0.0,-1.38,1.72,0.0
20181016:0511,0.0,0.0,-0.84,1.72,0.0
20181016:0611,0.0,0.0,-0.24,1.72,0.0
20181016:0711,26.94,5.99,0.69,1.66,0.0
20181016:0811,47.8,12.1,1.73,1.59,0.0
20181016:0911,114.72,16.96,4.15,1.59,0.0
20181016:1011,59.1,20.18,5.64,1.66,0.0
20181016:1111,69.53,21.44,6.36,1.93,0.0
20181016:1211,128.63,20.63,6.68,2.0,0.0
20181016:1311,685.62,17.82,6.74,1.79,0.0
20181016:1411,428.87,13.29,6.74,1.72,0.0
20181016:1511,46.06,7.41,6.39,1.59,0.0
20181016:1611,0.0,0.0,5.91,1.52,0.0
20181016:1711,0.0,0.0,5.43,1.52,0.0
20181016:1811,0.0,0.0,5.23,1.66,0.0
20181016:1911,0.0,0.0,4.94,1.59,0.0
20181016:2011,0.0,0.0,4.88,1.66,0.0
20181016:2111,0.0,0.0,4.91,1.59,0.0
20181016:2211,0.0,0.0,4.96,1.52,0.0
20181016:2311,0.0,0.0,5.0,1.45,0.0
20181017:0011,0.0,0.0,5.15,1.45,0.0
20181017:0111,0.0,0.0,5.48,1.38,0.0
20181017:0211,0.0,0.0,5.69,1.38,0.0
20181017:0311,0.0,0.0,5.9,1.45,0.0
20181017:0411,0.0,0.0,6.13,1.66,0.0
20181017:0511,0.0,0.0,6.36,2.21,0.0
20181017:0611,0.0,0.0,6.52,2.34,0.0
20181017:0711,20.86,5.68,6.48,2.41,0.0
20181017:0811,58.23,11.78,6.59,2.55,0.0
20181017:0911,26.94,16.62,6.67,2.62,0.0
20181017:1011,64.31,19.82,6.86,2.9,0.0
20181017:1111,33.03,21.08,6.7,3.03,0.0
20181017:1211,47.8,20.26,7.2,3.17,0.0
20181017:1311,91.52,17.45,6.79,2.62,0.0
20181017:1411,15.7,12.93,6.72,2.34,0.0
20181017:1511,13.04,7.06,6.12,2.28,0.0
20181017:1611,0.0,0.0,5.66,2.21,0.0
20181017:1711,0.0,0.0,4.97,2.28,0.0
20181017:1811,0.0,0.0,4.55,2.0,0.0
20181017:1911,0.0,0.0,3.84,2.07,0.0
20181017:2011,0.0,0.0,3.3,2.14,0.0
20181017:2111,0.0,0.0,2.75,2.14,0.0
20181017:2211,0.0,0.0,2.08,2.14,0.0
20181017:2311,0.0,0.0,1.91,2.28,0.0
20181018:0011,0.0,0.0,1.82,2.41,0.0
20181018:0111,0.0,0.0,1.59,2.55,0.0
20181018:0211,0.0,0.0,1.4,2.48,0.0
20181018:0311,0.0,0.0,1.42,2.83,0.0
20181018:0411,0.0,0.0,1.12,2.55,0.0
20181018:0511,0.0,0.0,0.94,2.34,0.0
20181018:0611,0.0,0.0,0.76,2.34,0.0
20181018:0711,31.29,5.37,0.93,2.62,0.0
20181018:0811,70.4,11.46,1.5,2.83,0.0
20181018:0911,76.48,16.28,2.01,2.9,0.0
20181018:1011,93.0,19.47,2.66,3.1,0.0
20181018:1111,79.96,20.71,3.02,2.97,0.0
20181018:1211,141.67,19.89,3.48,3.03,0.0
20181018:1311,431.0,17.09,3.5,3.17,0.0
20181018:1411,136.76,12.57,3.26,2.83,0.0
20181018:1511,39.98,6.71,2.85,2.28,0.0
20181018:1611,0.0,0.0,2.27,1.72,0.0
20181018:1711,0.0,0.0,1.72,1.66,0.0
20181018:1811,0.0,0.0,1.22,1.72,0.0
20181018:1911,0.0,0.0,1.07,1.52,0.0
20181018:2011,0.0,0.0,1.03,1.52,0.0
20181018:2111,0.0,0.0,0.72,1.38,0.0
20181018:2211,0.0,0.0,0.65,1.24,0.0
20181018:2311,0.0,0.0,0.66,1.03,0.0
20181019:0011,0.0,0.0,0.73,0.76,0.0
20181019:0111,0.0,0.0,0.54,0.62,0.0
20181019:0211,0.0,0.0,0.75,0.55,0.0
20181019:0311,0.0,0.0,0.64,0.41,0.0
20181019:0411,0.0,0.0,0.54,0.48,0.0
20181019:0511,0.0,0.0,0.48,0.34,0.0
20181019:0611,0.0,0.0,0.19,0.21,0.0
20181019:0711,28.68,5.06,0.44,0.76,0.0
20181019:0811,73.01,11.14,0.72,0.69,0.0
20181019:0911,95.6,15.94,1.88,0.69,0.0
20181019:1011,64.31,19.11,2.92,1.72,0.0
20181019:1111,99.95,20.35,3.16,2.14,0.0
20181019:1211,95.6,19.52,3.17,2.28,0.0
20181019:1311,359.99,16.72,3.34,2.62,0.0
20181019:1411,48.03,12.22,3.26,2.62,0.0
20181019:1511,35.63,6.37,3.01,2.62,0.0
20181019:1611,0.0,0.0,2.73,2.41,0.0
20181019:1711,0.0,0.0,2.21,2.62,0.0
20181019:1811,0.0,0.0,1.87,1.93,0.0
20181019:1911,0.0,0.0,1.89,1.86,0.0
20181019:2011,0.0,0.0,1.93,2.34,0.0
20181019:2111,0.0,0.0,2.06,2.48,0.0
20181019:2211,0.0,0.0,2.27,2.62,0.0
20181019:2311,0.0,0.0,2.24,2.41,0.0
20181020:0011,0.0,0.0,2.41,2.14,0.0
20181020:0111,0.0,0.0,2.45,2.0,0.0
20181020:0211,0.0,0.0,2.43,1.72,0.0
20181020:0311,0.0,0.0,2.22,1.66,0.0
20181020:0411,0.0,0.0,1.98,1.66,0.0
20181020:0511,0.0,0.0,1.85,1.52,0.0
20181020:0611,0.0,0.0,1.46,1.45,0.0
20181020:0711,6.95,4.76,1.52,1.17,0.0
20181020:0811,22.6,10.81,2.08,1.17,0.0
20181020:0911,46.06,15.61,2.34,0.97,0.0
20181020:1011,105.16,18.76,2.62,1.03,0.0
20181020:1111,95.6,19.99,2.74,1.24,0.0
20181020:1211,116.46,19.16,3.33,2.0,0.0
20181020:1311,111.09,16.37,3.55,2.28,0.0
20181020:1411,50.81,11.86,3.36,2.14,0.0
20181020:1511,33.9,6.02,3.02,2.21,0.0
20181020:1611,0.0,0.0,2.63,1.93,0.0
20181020:1711,0.0,0.0,2.31,1.38,0.0
20181020:1811,0.0,0.0,2.35,1.24,0.0
20181020:1911,0.0,0.0,2.59,1.24,0.0
20181020:2011,0.0,0.0,2.68,1.03,0.0
20181020:2111,0.0,0.0,2.96,1.03,0.0
20181020:2211,0.0,0.0,3.53,1.31,0.0
20181020:2311,0.0,0.0,4.06,1.59,0.0
20181021:0011,0.0,0.0,4.53,1.45,0.0
20181021:0111,0.0,0.0,5.05,1.59,0.0
20181021:0211,0.0,0.0,5.48,1.72,0.0
20181021:0311,0.0,0.0,5.79,1.72,0.0
20181021:0411,0.0,0.0,6.05,1.86,0.0
20181021:0511,0.0,0.0,6.37,2.07,0.0
20181021:0611,0.0,0.0,6.56,2.07,0.0
20181021:0711,8.69,4.45,6.81,2.21,0.0
20181021:0811,13.04,10.49,7.09,2.21,0.0
20181021:0911,18.25,15.27,7.46,2.76,0.0
20181021:1011,37.37,18.41,7.6,3.1,0.0
20181021:1111,35.63,19.63,7.76,3.38,0.0
20181021:1211,23.47,18.8,7.63,3.1,0.0
20181021:1311,63.74,16.01,7.58,3.1,0.0
20181021:1411,34.18,11.52,7.21,3.31,0.0
20181021:1511,29.55,5.69,6.0,2.97,0.0
20181021:1611,0.0,0.0,3.95,3.31,0.0
20181021:1711,0.0,0.0,2.41,2.76,0.0
20181021:1811,0.0,0.0,1.76,3.1,0.0
20181021:1911,0.0,0.0,1.37,2.9,0.0
20181021:2011,0.0,0.0,1.42,2.62,0.0
20181021:2111,0.0,0.0,1.64,3.1,0.0
20181021:2211,0.0,0.0,0.76,3.38,0.0
20181021:2311,0.0,0.0,0.09,3.72,0.0
20181022:0011,0.0,0.0,-0.18,3.1,0.0
20181022:0111,0.0,0.0,-0.34,3.66,0.0
20181022:0211,0.0,0.0,-0.68,3.52,0.0
20181022:0311,0.0,0.0,-0.72,4.41,0.0
20181022:0411,0.0,0.0,-0.81,4.48,0.0
20181022:0511,0.0,0.0,-0.73,4.34,0.0
20181022:0611,0.0,0.0,-1.01,4.21,0.0
20181022:0711,16.51,4.15,-0.75,4.21,0.0
20181022:0811,13.04,10.18,-0.46,3.52,0.0
20181022:0911,18.25,14.94,-0.3,3.72,0.0
20181022:1011,49.54,18.07,0.14,3.72,0.0
20181022:1111,24.34,19.27,0.06,3.59,0.0
20181022:1211,95.6,18.44,0.17,3.79,0.0
20181022:1311,85.32,15.66,0.11,3.79,0.0
20181022:1411,51.73,11.17,-0.15,3.17,0.0
20181022:1511,21.73,5.35,-0.24,3.66,0.0
20181022:1611,0.0,0.0,-0.41,3.38,0.0
20181022:1711,0.0,0.0,0.04,4.21,0.0
20181022:1811,0.0,0.0,0.5,4.07,0.0
20181022:1911,0.0,0.0,1.17,4.07,0.0
20181022:2011,0.0,0.0,1.84,4.62,0.0
20181022:2111,0.0,0.0,2.22,3.59,0.0
20181022:2211,0.0,0.0,2.69,4.76,0.0
20181022:2311,0.0,0.0,2.53,4.55,0.0
20181023:0011,0.0,0.0,2.26,4.0,0.0
20181023:0111,0.0,0.0,1.61,3.17,0.0
20181023:0211,0.0,0.0,1.55,3.38,0.0
20181023:0311,0.0,0.0,1.23,3.03,0.0
20181023:0411,0.0,0.0,1.44,3.52,0.0
20181023:0511,0.0,0.0,1.08,3.03,0.0
20181023:0611,0.0,0.0,0.94,3.52,0.0
20181023:0711,3.48,3.84,0.73,3.03,0.0
20181023:0811,60.84,9.86,0.42,3.24,0.0
20181023:0911,60.84,14.61,0.13,3.1,0.0
20181023:1011,82.57,17.72,-0.07,2.83,0.0
20181023:1111,51.28,18.92,0.12,3.17,0.0
20181023:1211,92.13,18.09,-0.08,3.24,0.0
20181023:1311,229.66,15.31,-0.62,3.31,0.0
20181023:1411,203.79,10.83,-0.91,2.97,0.0
20181023:1511,29.55,5.02,-1.44,3.17,0.0
20181023:1611,0.0,0.0,-2.1,2.9,0.0
20181023:1711,0.0,0.0,-2.86,2.69,0.0
20181023:1811,0.0,0.0,-3.74,2.62,0.0
20181023:1911,0.0,0.0,-3.46,2.07,0.0
20181023:2011,0.0,0.0,-3.84,2.28,0.0
20181023:2111,0.0,0.0,-3.78,2.0,0.0
20181023:2211,0.0,0.0,-4.2,2.07,0.0
20181023:2311,0.0,0.0,-4.4,2.07,0.0
20181024:0011,0.0,0.0,-4.8,2.14,0.0
20181024:0111,0.0,0.0,-5.49,2.07,0.0
20181024:0211,0.0,0.0,-5.45,2.0,0.0
20181024:0311,0.0,0.0,-5.46,1.93,0.0
20181024:0411,0.0,0.0,-5.35,1.86,0.0
20181024:0511,0.0,0.0,-5.16,1.72,0.0
20181024:0611,0.0,0.0,-5.3,1.72,0.0
20181024:0711,17.38,3.54,-4.07,1.38,0.0
20181024:0811,59.1,9.54,-4.54,1.38,0.0
20181024:0911,84.3,14.28,-5.0,1.45,0.0
20181024:1011,121.68,17.38,-4.51,1.52,0.0
20181024:1111,83.43,18.57,-4.1,1.72,0.0
20181024:1211,59.97,17.74,-2.92,2.21,0.0
20181024:1311,146.19,14.96,-2.52,2.34,0.0
20181024:1411,14.78,10.5,-2.35,2.28,0.0
20181024:1511,10.43,4.69,-2.38,2.41,0.0
20181024:1611,0.0,0.0,-2.5,2.55,0.0
20181024:1711,0.0,0.0,-2.16,2.48,0.0
20181024:1811,0.0,0.0,-1.76,2.41,0.0
20181024:1911,0.0,0.0,-1.32,2.21,0.0
20181024:2011,0.0,0.0,-0.57,2.76,0.0
20181024:2111,0.0,0.0,0.07,2.9,0.0
20181024:2211,0.0,0.0,0.8,3.45,0.0
20181024:2311,0.0,0.0,1.03,3.24,0.0
20181025:0011,0.0,0.0,0.89,3.66,0.0
20181025:0111,0.0,0.0,0.75,4.0,0.0
20181025:0211,0.0,0.0,0.36,3.59,0.0
20181025:0311,0.0,0.0,0.3,3.1,0.0
20181025:0411,0.0,0.0,0.34,2.97,0.0
20181025:0511,0.0,0.0,0.32,2.69,0.0
20181025:0611,0.0,0.0,0.07,2.48,0.0
20181025:0711,13.04,3.24,0.17,2.76,0.0
20181025:0811,59.97,9.23,0.0,2.62,0.0
20181025:0911,76.48,13.95,0.08,2.83,0.0
20181025:1011,51.28,17.04,0.35,2.76,0.0
20181025:1111,33.9,18.23,0.58,2.62,0.0
20181025:1211,96.47,17.39,0.19,2.62,0.0
20181025:1311,56.35,14.62,-0.01,2.41,0.0
20181025:1411,35.1,10.16,-0.5,2.34,0.0
20181025:1511,6.95,4.37,-1.27,2.0,0.0
20181025:1611,0.0,0.0,-1.99,1.66,0.0
20181025:1711,0.0,0.0,-2.49,1.72,0.0
20181025:1811,0.0,0.0,-2.34,1.52,0.0
20181025:1911,0.0,0.0,-2.01,1.17,0.0
20181025:2011,0.0,0.0,-2.34,1.1,0.0
20181025:2111,0.0,0.0,-2.64,0.97,0.0
20181025:2211,0.0,0.0,-2.66,0.69,0.0
20181025:2311,0.0,0.0,-2.94,0.55,0.0
20181026:0011,0.0,0.0,-3.27,0.48,0.0
20181026:0111,0.0,0.0,-3.42,0.55,0.0
20181026:0211,0.0,0.0,-3.94,0.83,0.0
20181026:0311,0.0,0.0,-5.14,1.31,0.0
20181026:0411,0.0,0.0,-5.64,1.66,0.0
20181026:0511,0.0,0.0,-6.06,1.86,0.0
20181026:0611,0.0,0.0,-6.31,2.0,0.0
20181026:0711,2.61,2.94,-6.01,2.07,0.0
20181026:0811,54.75,8.92,-5.66,2.07,0.0
20181026:0911,62.58,13.62,-4.65,2.07,0.0
20181026:1011,97.34,16.7,-3.43,2.0,0.0
20181026:1111,108.64,17.88,-2.67,1.93,0.0
20181026:1211,33.03,17.05,-2.35,1.93,0.0
20181026:1311,20.86,14.28,-1.92,1.86,0.0
20181026:1411,16.63,9.83,-2.1,1.93,0.0
20181026:1511,6.95,4.05,-2.35,1.86,0.0
20181026:1611,0.0,0.0,-2.91,2.14,0.0
20181026:1711,0.0,0.0,-3.45,2.34,0.0
20181026:1811,0.0,0.0,-3.92,2.62,0.0
20181026:1911,0.0,0.0,-3.39,2.0,0.0
20181026:2011,0.0,0.0,-4.57,2.69,0.0
20181026:2111,0.0,0.0,-5.0,2.76,0.0
20181026:2211,0.0,0.0,-5.12,2.83,0.0
20181026:2311,0.0,0.0,-5.37,2.83,0.0
20181027:0011,0.0,0.0,-5.55,2.69,0.0
20181027:0111,0.0,0.0,-6.14,2.83,0.0
20181027:0211,0.0,0.0,-6.43,2.83,0.0
20181027:0311,0.0,0.0,-6.8,2.83,0.0
20181027:0411,0.0,0.0,-6.99,2.76,0.0
20181027:0511,0.0,0.0,-7.08,2.69,0.0
20181027:0611,0.0,0.0,-6.73,2.48,0.0
20181027:0711,10.43,2.64,-6.63,2.48,0.0
20181027:0811,55.62,8.6,-6.32,2.34,0.0
20181027:0911,90.39,13.3,-5.57,2.21,0.0
20181027:1011,113.85,16.37,-5.14,2.07,0.0
20181027:1111,126.02,17.54,-4.47,1.86,0.0
20181027:1211,113.85,16.71,-4.1,1.72,0.0
20181027:1311,68.66,13.95,-3.52,1.59,0.0
20181027:1411,60.84,9.51,-3.18,1.38,0.0
20181027:1511,19.12,3.74,-3.32,1.31,0.0
20181027:1611,0.0,0.0,-3.82,1.38,0.0
20181027:1711,0.0,0.0,-4.19,1.45,0.0
20181027:1811,0.0,0.0,-4.46,1.59,0.0
20181027:1911,0.0,0.0,-4.65,1.59,0.0
20181027:2011,0.0,0.0,-4.81,1.66,0.0
20181027:2111,0.0,0.0,-5.19,1.72,0.0
20181027:2211,0.0,0.0,-6.18,1.79,0.0
20181027:2311,0.0,0.0,-7.03,1.93,0.0
20181028:0011,0.0,0.0,-8.05,2.0,0.0
20181028:0111,0.0,0.0,-8.65,2.0,0.0
20181028:0211,0.0,0.0,-8.84,2.0,0.0
20181028:0311,0.0,0.0,-9.75,2.0,0.0
20181028:0411,0.0,0.0,-9.68,2.0,0.0
20181028:0511,0.0,0.0,-10.12,1.93,0.0
20181028:0611,0.0,0.0,-10.08,2.0,0.0
20181028:0711,6.08,2.34,-11.51,2.0,0.0
20181028:0811,54.75,8.3,-11.04,2.0,0.0
20181028:0911,86.91,12.98,-10.32,2.0,0.0
20181028:1011,113.85,16.03,-10.03,1.93,0.0
20181028:1111,125.15,17.2,-8.67,1.79,0.0
20181028:1211,106.03,16.37,-7.61,1.66,0.0
20181028:1311,90.39,13.62,-7.67,1.59,0.0
20181028:1411,59.1,9.19,-7.77,1.52,0.0
20181028:1511,17.38,3.43,-8.0,1.59,0.0
20181028:1611,0.0,0.0,-9.19,1.72,0.0
20181028:1711,0.0,0.0,-8.62,1.79,0.0
20181028:1811,0.0,0.0,-8.85,1.86,0.0
20181028:1911,0.0,0.0,-7.62,1.79,0.0
20181028:2011,0.0,0.0,-8.85,1.93,0.0
20181028:2111,0.0,0.0,-9.99,2.07,0.0
20181028:2211,0.0,0.0,-10.07,2.14,0.0
20181028:2311,0.0,0.0,-10.35,2.21,0.0
20181029:0011,0.0,0.0,-11.73,2.34,0.0
20181029:0111,0.0,0.0,-12.15,2.41,0.0
20181029:0211,0.0,0.0,-12.37,2.48,0.0
20181029:0311,0.0,0.0,-12.68,2.55,0.0
20181029:0411,0.0,0.0,-12.68,2.62,0.0
20181029:0511,0.0,0.0,-13.2,2.76,0.0
20181029:0611,0.0,0.0,-13.32,2.83,0.0
20181029:0711,1.74,2.05,-13.12,2.97,0.0
20181029:0811,47.8,7.99,-12.54,3.03,0.0
20181029:0911,42.59,12.66,-11.74,3.1,0.0
20181029:1011,45.19,15.7,-10.56,3.59,0.0
20181029:1111,104.29,16.87,-9.47,3.86,0.0
20181029:1211,115.59,16.04,-8.52,4.0,0.0
20181029:1311,88.65,13.29,-8.22,3.93,0.0
20181029:1411,58.23,8.87,-8.1,3.93,0.0
20181029:1511,13.04,3.12,-8.19,3.79,0.0
20181029:1611,0.0,0.0,-8.28,3.59,0.0
20181029:1711,0.0,0.0,-8.27,3.45,0.0
20181029:1811,0.0,0.0,-8.35,3.59,0.0
20181029:1911,0.0,0.0,-7.9,4.28,0.0
20181029:2011,0.0,0.0,-7.42,4.69,0.0
20181029:2111,0.0,0.0,-7.29,4.48,0.0
20181029:2211,0.0,0.0,-7.34,4.34,0.0
20181029:2311,0.0,0.0,-7.22,4.28,0.0
20181030:0011,0.0,0.0,-7.69,4.0,0.0
20181030:0111,0.0,0.0,-8.24,3.93,0.0
20181030:0211,0.0,0.0,-8.23,4.07,0.0
20181030:0311,0.0,0.0,-8.1,4.0,0.0
20181030:0411,0.0,0.0,-8.14,4.07,0.0
20181030:0511,0.0,0.0,-8.02,4.07,0.0
20181030:0611,0.0,0.0,-7.82,4.14,0.0
20181030:0711,4.35,1.75,-7.21,4.41,0.0
20181030:0811,46.93,7.68,-6.74,4.48,0.0
20181030:0911,81.7,12.34,-5.97,4.55,0.0
20181030:1011,104.29,15.38,-4.99,4.69,0.0
20181030:1111,91.26,16.54,-4.19,4.07,0.0
20181030:1211,86.91,15.71,-3.55,4.28,0.0
20181030:1311,15.64,12.97,-3.35,3.93,0.0
20181030:1411,32.16,8.56,-3.2,3.86,0.0
20181030:1511,2.61,2.82,-2.94,4.28,0.0
20181030:1611,0.0,0.0,-2.7,4.28,0.0
20181030:1711,0.0,0.0,-2.48,3.93,0.0
20181030:1811,0.0,0.0,-1.94,3.86,0.0
20181030:1911,0.0,0.0,-1.82,3.79,0.0
20181030:2011,0.0,0.0,-1.41,3.45,0.0
20181030:2111,0.0,0.0,-1.05,3.03,0.0
20181030:2211,0.0,0.0,-0.83,2.83,0.0
20181030:2311,0.0,0.0,-0.84,2.69,0.0
20181031:0011,0.0,0.0,-0.7,2.28,0.0
20181031:0111,0.0,0.0,-0.32,2.48,0.0
20181031:0211,0.0,0.0,-0.32,2.28,0.0
20181031:0311,0.0,0.0,-0.55,2.0,0.0
20181031:0411,0.0,0.0,-0.07,1.59,0.0
20181031:0511,0.0,0.0,0.02,1.59,0.0
20181031:0611,0.0,0.0,0.78,1.24,0.0
20181031:0711,0.87,1.46,1.77,0.83,0.0
20181031:0811,19.99,7.38,1.5,0.97,0.0
20181031:0911,17.38,12.02,1.19,1.38,0.0
20181031:1011,29.55,15.06,1.47,1.86,0.0
20181031:1111,39.11,16.21,1.49,2.55,0.0
20181031:1211,53.89,15.38,1.26,2.97,0.0
20181031:1311,22.6,12.65,0.68,3.38,0.0
20181031:1411,8.69,8.25,0.21,2.9,0.0
20181031:1511,1.74,2.52,-0.17,3.52,0.0
20181031:1611,0.0,0.0,-0.94,3.24,0.0
20181031:1711,0.0,0.0,-1.5,2.9,0.0
20181031:1811,0.0,0.0,-1.8,2.21,0.0
20181031:1911,0.0,0.0,-1.18,2.0,0.0
20181031:2011,0.0,0.0,-0.59,2.07,0.0
20181031:2111,0.0,0.0,-0.5,1.93,0.0
20181031:2211,0.0,0.0,-0.64,2.0,0.0
20181031:2311,0.0,0.0,-0.79,1.93,0.0
20181101:0011,0.0,0.0,-0.57,1.79,0.0
20181101:0111,0.0,0.0,-0.56,1.79,0.0
20181101:0211,0.0,0.0,-0.59,1.72,0.0
20181101:0311,0.0,0.0,-0.53,1.66,0.0
20181101:0411,0.0,0.0,-0.85,2.0,0.0
20181101:0511,0.0,0.0,-0.51,2.0,0.0
20181101:0611,0.0,0.0,-0.04,2.14,0.0
20181101:0711,0.0,0.0,0.48,2.55,0.0
20181101:0811,30.42,7.08,1.06,3.31,0.0
20181101:0911,18.25,11.71,1.21,3.66,0.0
20181101:1011,18.25,14.74,1.26,3.17,0.0
20181101:1111,19.99,15.89,1.26,3.59,0.0
20181101:1211,44.32,15.06,1.35,3.1,0.0
20181101:1311,80.83,12.34,1.23,2.97,0.0
20181101:1411,49.54,7.95,1.19,2.9,0.0
20181101:1511,2.61,2.23,1.21,3.1,0.0
20181101:1611,0.0,0.0,1.22,3.1,0.0
20181101:1711,0.0,0.0,1.28,3.1,0.0
20181101:1811,0.0,0.0,1.25,2.76,0.0
20181101:1911,0.0,0.0,1.32,2.62,0.0
20181101:2011,0.0,0.0,1.21,2.48,0.0
20181101:2111,0.0,0.0,1.19,2.48,0.0
20181101:2211,0.0,0.0,1.11,2.41,0.0
20181101:2311,0.0,0.0,1.08,2.48,0.0
20181102:0011,0.0,0.0,1.02,2.34,0.0
20181102:0111,0.0,0.0,1.03,2.28,0.0
20181102:0211,0.0,0.0,1.06,2.28,0.0
20181102:0311,0.0,0.0,1.03,2.0,0.0
20181102:0411,0.0,0.0,1.06,2.0,0.0
20181102:0511,0.0,0.0,1.11,1.93,0.0
20181102:0611,0.0,0.0,1.05,1.59,0.0
20181102:0711,0.0,0.0,1.28,0.97,0.0
20181102:0811,11.3,6.78,1.85,0.69,0.0
20181102:0911,53.02,11.4,1.92,0.55,0.0
20181102:1011,83.43,14.42,1.39,0.97,0.0
20181102:1111,107.77,15.57,1.23,1.38,0.0
20181102:1211,67.79,14.75,1.31,1.93,0.0
20181102:1311,15.64,12.03,1.12,1.79,0.0
20181102:1411,7.82,7.65,1.06,1.86,0.0
20181102:1511,2.61,1.94,0.81,1.79,0.0
20181102:1611,0.0,0.0,0.0,1.72,0.0
20181102:1711,0.0,0.0,-0.51,1.72,0.0
20181102:1811,0.0,0.0,-1.03,1.86,0.0
20181102:1911,0.0,0.0,-1.33,1.93,0.0
20181102:2011,0.0,0.0,-1.41,1.72,0.0
20181102:2111,0.0,0.0,-1.57,1.93,0.0
20181102:2211,0.0,0.0,-1.73,1.66,0.0
20181102:2311,0.0,0.0,-1.82,1.45,0.0
20181103:0011,0.0,0.0,-2.11,1.38,0.0
20181103:0111,0.0,0.0,-2.16,1.24,0.0
20181103:0211,0.0,0.0,-2.46,1.03,0.0
20181103:0311,0.0,0.0,-2.65,1.17,0.0
20181103:0411,0.0,0.0,-2.42,1.31,0.0
20181103:0511,0.0,0.0,-2.29,1.38,0.0
20181103:0611,0.0,0.0,-2.45,1.45,0.0
20181103:0711,0.0,0.0,-2.51,1.38,0.0
20181103:0811,14.77,6.48,-1.94,1.38,0.0
20181103:0911,71.27,11.1,-1.17,1.52,0.0
20181103:1011,45.19,14.11,-0.2,1.59,0.0
20181103:1111,21.73,15.25,0.33,1.86,0.0
20181103:1211,37.37,14.43,0.36,2.07,0.0
20181103:1311,79.09,11.73,0.64,2.14,0.0
20181103:1411,7.82,7.36,0.55,2.07,0.0
20181103:1511,0.87,1.66,0.85,2.14,0.0
20181103:1611,0.0,0.0,1.1,2.28,0.0
20181103:1711,0.0,0.0,1.43,2.14,0.0
20181103:1811,0.0,0.0,1.52,1.93,0.0
20181103:1911,0.0,0.0,1.46,1.79,0.0
20181103:2011,0.0,0.0,1.62,1.86,0.0
20181103:2111,0.0,0.0,1.83,1.93,0.0
20181103:2211,0.0,0.0,2.07,2.07,0.0
20181103:2311,0.0,0.0,2.26,2.34,0.0
20181104:0011,0.0,0.0,2.32,2.41,0.0
20181104:0111,0.0,0.0,2.29,2.48,0.0
20181104:0211,0.0,0.0,2.18,2.48,0.0
20181104:0311,0.0,0.0,1.99,2.34,0.0
20181104:0411,0.0,0.0,1.79,2.34,0.0
20181104:0511,0.0,0.0,1.65,2.48,0.0
20181104:0611,0.0,0.0,1.53,2.62,0.0
20181104:0711,0.0,0.0,1.42,2.41,0.0
20181104:0811,27.81,6.19,1.59,2.62,0.0
20181104:0911,46.06,10.8,1.61,2.28,0.0
20181104:1011,39.98,13.8,1.67,2.14,0.0
20181104:1111,53.02,14.94,1.87,2.07,0.0
20181104:1211,83.43,14.13,1.95,2.07,0.0
20181104:1311,52.15,11.43,1.9,2.0,0.0
20181104:1411,35.63,7.07,1.69,1.93,0.0
20181104:1511,0.87,1.39,1.43,1.79,0.0
20181104:1611,0.0,0.0,0.94,1.79,0.0
20181104:1711,0.0,0.0,0.55,1.79,0.0
20181104:1811,0.0,0.0,0.66,1.72,0.0
20181104:1911,0.0,0.0,-0.57,1.86,0.0
20181104:2011,0.0,0.0,-0.56,1.72,0.0
20181104:2111,0.0,0.0,-0.81,1.72,0.0
20181104:2211,0.0,0.0,-0.53,1.72,0.0
20181104:2311,0.0,0.0,-0.35,1.66,0.0
20181105:0011,0.0,0.0,-0.41,1.66,0.0
20181105:0111,0.0,0.0,-0.54,1.66,0.0
20181105:0211,0.0,0.0,-0.5,1.72,0.0
20181105:0311,0.0,0.0,-0.57,1.72,0.0
20181105:0411,0.0,0.0,-0.6,1.72,0.0
20181105:0511,0.0,0.0,-0.78,1.79,0.0
20181105:0611,0.0,0.0,-0.9,1.86,0.0
20181105:0711,0.0,0.0,-0.71,2.07,0.0
20181105:0811,13.91,5.9,-0.28,2.07,0.0
20181105:0911,19.12,10.5,-0.21,2.0,0.0
20181105:1011,82.57,13.49,0.25,2.07,0.0
20181105:1111,51.28,14.63,0.88,2.14,0.0
20181105:1211,56.49,13.82,0.8,2.14,0.0
20181105:1311,51.28,11.13,0.84,2.07,0.0
20181105:1411,40.85,6.79,0.75,1.93,0.0
20181105:1511,0.0,0.0,0.4,1.86,0.0
20181105:1611,0.0,0.0,0.01,1.93,0.0
20181105:1711,0.0,0.0,0.09,1.93,0.0
20181105:1811,0.0,0.0,0.1,1.93,0.0
20181105:1911,0.0,0.0,0.04,2.0,0.0
20181105:2011,0.0,0.0,0.0,1.93,0.0
20181105:2111,0.0,0.0,-0.1,2.0,0.0
20181105:2211,0.0,0.0,-0.05,2.0,0.0
20181105:2311,0.0,0.0,0.25,2.07,0.0
20181106:0011,0.0,0.0,0.19,2.14,0.0
20181106:0111,0.0,0.0,0.24,2.21,0.0
20181106:0211,0.0,0.0,0.47,2.28,0.0
20181106:0311,0.0,0.0,0.62,2.34,0.0
20181106:0411,0.0,0.0,0.82,2.48,0.0
20181106:0511,0.0,0.0,0.98,2.55,0.0
20181106:0611,0.0,0.0,1.21,2.55,0.0
20181106:0711,0.0,0.0,1.15,2.69,0.0
20181106:0811,28.68,5.61,1.16,2.76,0.0
20181106:0911,64.31,10.2,1.48,2.62,0.0
20181106:1011,75.61,13.19,1.57,2.62,0.0
20181106:1111,95.6,14.33,1.78,2.55,0.0
20181106:1211,90.39,13.52,1.91,2.41,0.0
20181106:1311,46.93,10.84,1.88,2.28,0.0
20181106:1411,29.55,6.51,1.81,2.14,0.0
20181106:1511,0.0,0.0,1.51,2.14,0.0
20181106:1611,0.0,0.0,1.29,2.14,0.0
20181106:1711,0.0,0.0,0.94,2.14,0.0
20181106:1811,0.0,0.0,0.92,2.0,0.0
20181106:1911,0.0,0.0,0.87,1.93,0.0
20181106:2011,0.0,0.0,0.97,2.07,0.0
20181106:2111,0.0,0.0,0.87,2.14,0.0
20181106:2211,0.0,0.0,1.0,2.14,0.0
20181106:2311,0.0,0.0,1.01,2.34,0.0
20181107:0011,0.0,0.0,1.09,2.34,0.0
20181107:0111,0.0,0.0,1.24,2.28,0.0
20181107:0211,0.0,0.0,0.98,2.34,0.0
20181107:0311,0.0,0.0,0.99,2.48,0.0
20181107:0411,0.0,0.0,0.85,2.48,0.0
20181107:0511,0.0,0.0,0.55,2.55,0.0
20181107:0611,0.0,0.0,0.44,2.62,0.0
20181107:0711,0.0,0.0,1.1,2.83,0.0
20181107:0811,6.95,5.33,1.47,2.83,0.0
20181107:0911,63.45,9.91,2.32,2.9,0.0
20181107:1011,75.61,12.89,2.52,3.03,0.0
20181107:1111,73.01,14.03,2.83,3.03,0.0
20181107:1211,33.03,13.23,3.01,2.83,0.0
20181107:1311,12.17,10.56,3.03,2.9,0.0
20181107:1411,6.08,6.24,2.88,2.9,0.0
20181107:1511,0.0,0.0,2.72,2.9,0.0
20181107:1611,0.0,0.0,2.44,2.83,0.0
20181107:1711,0.0,0.0,2.08,2.69,0.0
20181107:1811,0.0,0.0,1.38,2.62,0.0
20181107:1911,0.0,0.0,1.02,2.76,0.0
20181107:2011,0.0,0.0,0.73,2.55,0.0
20181107:2111,0.0,0.0,0.75,2.69,0.0
20181107:2211,0.0,0.0,1.12,2.69,0.0
20181107:2311,0.0,0.0,1.07,2.48,0.0
20181108:0011,0.0,0.0,1.05,2.28,0.0
20181108:0111,0.0,0.0,1.15,2.28,0.0
20181108:0211,0.0,0.0,1.11,2.34,0.0
20181108:0311,0.0,0.0,1.27,2.34,0.0
20181108:0411,0.0,0.0,1.74,2.28,0.0
20181108:0511,0.0,0.0,1.69,2.14,0.0
20181108:0611,0.0,0.0,1.7,2.0,0.0
20181108:0711,0.0,0.0,1.81,2.0,0.0
20181108:0811,19.12,5.04,1.81,1.93,0.0
20181108:0911,23.47,9.62,1.8,1.93,0.0
20181108:1011,37.37,12.59,2.0,1.86,0.0
20181108:1111,16.51,13.74,2.12,1.86,0.0
20181108:1211,63.45,12.94,2.06,1.79,0.0
20181108:1311,11.3,10.28,2.09,1.72,0.0
20181108:1411,6.08,5.97,2.15,1.59,0.0
20181108:1511,0.0,0.0,2.21,1.52,0.0
20181108:1611,0.0,0.0,2.1,1.45,0.0
20181108:1711,0.0,0.0,2.15,1.38,0.0
20181108:1811,0.0,0.0,2.06,1.31,0.0
20181108:1911,0.0,0.0,1.92,1.31,0.0
20181108:2011,0.0,0.0,1.87,1.24,0.0
20181108:2111,0.0,0.0,2.02,1.17,0.0
20181108:2211,0.0,0.0,1.98,1.24,0.0
20181108:2311,0.0,0.0,2.07,1.24,0.0
20181109:0011,0.0,0.0,2.3,1.03,0.0
20181109:0111,0.0,0.0,2.56,1.03,0.0
20181109:0211,0.0,0.0,2.36,1.1,0.0
20181109:0311,0.0,0.0,1.43,1.31,0.0
20181109:0411,0.0,0.0,0.1,1.59,0.0
20181109:0511,0.0,0.0,-0.09,1.72,0.0
20181109:0611,0.0,0.0,-0.3,1.79,0.0
20181109:0711,0.0,0.0,-0.67,1.86,0.0
20181109:0811,20.86,4.76,-0.76,2.0,0.0
20181109:0911,37.37,9.33,0.24,2.0,0.0
20181109:1011,79.96,12.3,0.83,2.21,0.0
20181109:1111,60.84,13.45,1.19,2.28,0.0
20181109:1211,22.6,12.66,1.29,2.41,0.0
20181109:1311,33.9,10.0,1.43,2.62,0.0
20181109:1411,19.99,5.71,1.34,2.41,0.0
20181109:1511,0.0,0.0,1.3,2.55,0.0
20181109:1611,0.0,0.0,0.61,2.34,0.0
20181109:1711,0.0,0.0,0.28,2.55,0.0
20181109:1811,0.0,0.0,0.11,2.55,0.0
20181109:1911,0.0,0.0,0.69,2.48,0.0
20181109:2011,0.0,0.0,0.49,2.41,0.0
20181109:2111,0.0,0.0,0.3,2.48,0.0
20181109:2211,0.0,0.0,0.46,2.83,0.0
20181109:2311,0.0,0.0,0.63,2.9,0.0
20181110:0011,0.0,0.0,0.85,3.1,0.0
20181110:0111,0.0,0.0,0.89,3.03,0.0
20181110:0211,0.0,0.0,0.85,2.83,0.0
20181110:0311,0.0,0.0,1.02,2.76,0.0
20181110:0411,0.0,0.0,0.97,2.83,0.0
20181110:0511,0.0,0.0,0.94,2.83,0.0
20181110:0611,0.0,0.0,1.4,2.97,0.0
20181110:0711,0.0,0.0,2.19,3.38,0.0
20181110:0811,24.34,4.49,2.5,3.66,0.0
20181110:0911,40.85,9.05,2.62,3.86,0.0
20181110:1011,37.37,12.02,2.73,4.07,0.0
20181110:1111,53.02,13.16,2.68,4.21,0.0
20181110:1211,16.51,12.38,2.48,4.34,0.0
20181110:1311,39.98,9.74,2.39,4.55,0.0
20181110:1411,6.08,5.45,2.1,3.66,0.0
20181110:1511,0.0,0.0,1.94,3.31,0.0
20181110:1611,0.0,0.0,1.63,2.55,0.0
20181110:1711,0.0,0.0,1.37,2.34,0.0
20181110:1811,0.0,0.0,1.25,2.34,0.0
20181110:1911,0.0,0.0,1.62,2.0,0.0
20181110:2011,0.0,0.0,1.79,2.07,0.0
20181110:2111,0.0,0.0,1.75,2.07,0.0
20181110:2211,0.0,0.0,1.78,2.21,0.0
20181110:2311,0.0,0.0,1.71,2.21,0.0
20181111:0011,0.0,0.0,1.75,2.14,0.0
20181111:0111,0.0,0.0,1.67,2.21,0.0
20181111:0211,0.0,0.0,1.68,2.21,0.0
20181111:0311,0.0,0.0,1.78,2.21,0.0
20181111:0411,0.0,0.0,1.75,2.07,0.0
20181111:0511,0.0,0.0,1.75,2.14,0.0
20181111:0611,0.0,0.0,1.76,2.14,0.0
20181111:0711,0.0,0.0,2.16,1.93,0.0
20181111:0811,22.6,4.22,2.15,1.86,0.0
20181111:0911,15.64,8.77,2.11,1.93,0.0
20181111:1011,42.59,11.74,2.31,1.79,0.0
20181111:1111,14.77,12.88,2.51,1.86,0.0
20181111:1211,55.62,12.1,2.75,1.79,0.0
20181111:1311,59.97,9.47,2.83,1.72,0.0
20181111:1411,13.04,5.2,2.58,1.79,0.0
20181111:1511,0.0,0.0,2.13,2.07,0.0
20181111:1611,0.0,0.0,2.08,2.0,0.0
20181111:1711,0.0,0.0,2.14,1.79,0.0
20181111:1811,0.0,0.0,1.96,1.79,0.0
20181111:1911,0.0,0.0,2.55,1.66,0.0
20181111:2011,0.0,0.0,2.43,1.66,0.0
20181111:2111,0.0,0.0,2.32,1.59,0.0
20181111:2211,0.0,0.0,2.25,1.52,0.0
20181111:2311,0.0,0.0,2.43,1.38,0.0
20181112:0011,0.0,0.0,2.71,1.24,0.0
20181112:0111,0.0,0.0,2.98,1.17,0.0
20181112:0211,0.0,0.0,3.27,1.17,0.0
20181112:0311,0.0,0.0,2.86,1.38,0.0
20181112:0411,0.0,0.0,2.07,1.72,0.0
20181112:0511,0.0,0.0,1.74,1.86,0.0
20181112:0611,0.0,0.0,1.7,1.45,0.0
20181112:0711,0.0,0.0,1.64,1.72,0.0
20181112:0811,3.48,3.95,1.59,2.07,0.0
20181112:0911,9.56,8.49,1.71,2.62,0.0
20181112:1011,14.77,11.46,1.63,2.14,0.0
20181112:1111,22.6,12.61,1.61,1.79,0.0
20181112:1211,20.86,11.84,1.87,2.0,0.0
20181112:1311,22.6,9.21,1.89,1.59,0.0
20181112:1411,13.04,4.96,2.22,1.38,0.0
20181112:1511,0.0,0.0,2.77,1.24,0.0
20181112:1611,0.0,0.0,2.8,1.24,0.0
20181112:1711,0.0,0.0,2.18,1.31,0.0
20181112:1811,0.0,0.0,2.01,1.31,0.0
20181112:1911,0.0,0.0,1.93,1.31,0.0
20181112:2011,0.0,0.0,1.57,1.24,0.0
20181112:2111,0.0,0.0,1.6,1.17,0.0
20181112:2211,0.0,0.0,1.84,1.1,0.0
20181112:2311,0.0,0.0,1.92,1.17,0.0
20181113:0011,0.0,0.0,1.96,1.17,0.0
20181113:0111,0.0,0.0,1.76,1.38,0.0
20181113:0211,0.0,0.0,1.88,1.31,0.0
20181113:0311,0.0,0.0,1.88,1.31,0.0
20181113:0411,0.0,0.0,1.78,1.31,0.0
20181113:0511,0.0,0.0,1.41,1.31,0.0
20181113:0611,0.0,0.0,0.83,1.45,0.0
20181113:0711,0.0,0.0,1.43,1.17,0.0
20181113:0811,7.82,3.68,1.07,1.24,0.0
20181113:0911,19.99,8.22,1.32,1.24,0.0
20181113:1011,73.87,11.19,1.43,1.17,0.0
20181113:1111,14.77,12.34,1.53,1.1,0.0
20181113:1211,60.84,11.57,1.53,1.31,0.0
20181113:1311,37.37,8.96,2.17,0.97,0.0
20181113:1411,15.64,4.72,2.4,0.9,0.0
20181113:1511,0.0,0.0,2.0,1.03,0.0
20181113:1611,0.0,0.0,1.8,1.1,0.0
20181113:1711,0.0,0.0,1.84,0.9,0.0
20181113:1811,0.0,0.0,1.57,0.97,0.0
20181113:1911,0.0,0.0,1.33,1.38,0.0
20181113:2011,0.0,0.0,1.26,1.59,0.0
20181113:2111,0.0,0.0,1.26,1.66,0.0
20181113:2211,0.0,0.0,1.37,1.66,0.0
20181113:2311,0.0,0.0,1.38,1.72,0.0
20181114:0011,0.0,0.0,1.33,1.59,0.0
20181114:0111,0.0,0.0,1.13,1.66,0.0
20181114:0211,0.0,0.0,0.99,1.38,0.0
20181114:0311,0.0,0.0,0.86,1.31,0.0
20181114:0411,0.0,0.0,0.78,1.45,0.0
20181114:0511,0.0,0.0,0.54,1.45,0.0
20181114:0611,0.0,0.0,0.65,1.24,0.0
20181114:0711,0.0,0.0,0.36,1.17,0.0
20181114:0811,10.43,3.42,0.58,1.1,0.0
20181114:0911,47.8,7.96,0.34,1.24,0.0
20181114:1011,54.75,10.92,0.74,1.31,0.0
20181114:1111,76.48,12.07,1.66,1.52,0.0
20181114:1211,41.72,11.31,1.51,1.31,0.0
20181114:1311,25.2,8.72,1.52,1.45,0.0
20181114:1411,4.35,4.48,1.67,1.45,0.0
20181114:1511,0.0,0.0,1.9,1.52,0.0
20181114:1611,0.0,0.0,2.07,1.72,0.0
20181114:1711,0.0,0.0,2.19,1.72,0.0
20181114:1811,0.0,0.0,2.06,1.66,0.0
20181114:1911,0.0,0.0,1.84,1.66,0.0
20181114:2011,0.0,0.0,1.85,1.52,0.0
20181114:2111,0.0,0.0,2.17,1.38,0.0
20181114:2211,0.0,0.0,2.47,1.31,0.0
20181114:2311,0.0,0.0,2.95,1.17,0.0
20181115:0011,0.0,0.0,3.21,1.24,0.0
20181115:0111,0.0,0.0,3.37,1.38,0.0
20181115:0211,0.0,0.0,3.57,1.45,0.0
20181115:0311,0.0,0.0,3.75,1.52,0.0
20181115:0411,0.0,0.0,4.04,1.52,0.0
20181115:0511,0.0,0.0,4.5,1.38,0.0
20181115:0611,0.0,0.0,4.76,1.31,0.0
20181115:0711,0.0,0.0,5.28,1.24,0.0
20181115:0811,2.61,3.16,5.66,1.17,0.0
20181115:0911,7.82,7.7,5.61,1.17,0.0
20181115:1011,12.17,10.66,5.64,1.24,0.0
20181115:1111,30.42,11.81,5.7,1.24,0.0
20181115:1211,33.9,11.06,5.73,1.24,0.0
20181115:1311,53.89,8.48,5.54,1.31,0.0
20181115:1411,23.47,4.26,4.85,1.38,0.0
20181115:1511,0.0,0.0,4.08,1.31,0.0
20181115:1611,0.0,0.0,3.7,1.24,0.0
20181115:1711,0.0,0.0,2.88,1.24,0.0
20181115:1811,0.0,0.0,2.23,1.31,0.0
20181115:1911,0.0,0.0,-0.13,1.59,0.0
20181115:2011,0.0,0.0,-0.72,1.72,0.0
20181115:2111,0.0,0.0,-1.2,1.79,0.0
20181115:2211,0.0,0.0,-1.52,1.79,0.0
20181115:2311,0.0,0.0,-1.42,1.66,0.0
20181116:0011,0.0,0.0,-1.31,1.66,0.0
20181116:0111,0.0,0.0,-1.33,1.59,0.0
20181116:0211,0.0,0.0,-1.14,1.52,0.0
20181116:0311,0.0,0.0,-0.62,1.38,0.0
20181116:0411,0.0,0.0,-0.04,1.24,0.0
20181116:0511,0.0,0.0,0.43,1.24,0.0
20181116:0611,0.0,0.0,0.39,1.24,0.0
20181116:0711,0.0,0.0,-0.31,1.31,0.0
20181116:0811,2.61,2.91,-0.12,1.24,0.0
20181116:0911,36.5,7.44,0.5,1.03,0.0
20181116:1011,68.66,10.4,1.58,0.9,0.0
20181116:1111,26.07,11.56,2.67,0.69,0.0
20181116:1211,46.06,10.82,3.6,0.21,0.0
20181116:1311,45.19,8.24,3.92,0.28,0.0
20181116:1411,10.43,4.04,3.94,0.55,0.0
20181116:1511,0.0,0.0,3.59,0.48,0.0
20181116:1611,0.0,0.0,2.99,0.69,0.0
20181116:1711,0.0,0.0,2.55,0.83,0.0
20181116:1811,0.0,0.0,2.11,0.9,0.0
20181116:1911,0.0,0.0,1.27,1.1,0.0
20181116:2011,0.0,0.0,0.63,1.17,0.0
20181116:2111,0.0,0.0,0.66,1.1,0.0
20181116:2211,0.0,0.0,0.56,1.1,0.0
20181116:2311,0.0,0.0,0.05,1.24,0.0
20181117:0011,0.0,0.0,-0.35,1.45,0.0
20181117:0111,0.0,0.0,-0.84,1.66,0.0
20181117:0211,0.0,0.0,-1.6,1.72,0.0
20181117:0311,0.0,0.0,-2.15,1.86,0.0
20181117:0411,0.0,0.0,-2.16,1.79,0.0
20181117:0511,0.0,0.0,-2.08,1.79,0.0
20181117:0611,0.0,0.0,-2.08,1.79,0.0
20181117:0711,0.0,0.0,-1.41,1.72,0.0
20181117:0811,12.17,2.66,-1.74,1.72,0.0
20181117:0911,45.19,7.19,-1.69,1.66,0.0
20181117:1011,66.92,10.15,-0.6,1.59,0.0
20181117:1111,43.46,11.31,0.69,1.45,0.0
20181117:1211,67.79,10.58,0.69,1.38,0.0
20181117:1311,50.41,8.01,0.94,1.38,0.0
20181117:1411,17.38,3.82,0.25,1.38,0.0
20181117:1511,0.0,0.0,-0.54,1.52,0.0
20181117:1611,0.0,0.0,-1.49,1.59,0.0
20181117:1711,0.0,0.0,-1.53,1.59,0.0
20181117:1811,0.0,0.0,-1.89,1.66,0.0
20181117:1911,0.0,0.0,-1.89,1.59,0.0
20181117:2011,0.0,0.0,-1.94,1.66,0.0
20181117:2111,0.0,0.0,-1.59,1.66,0.0
20181117:2211,0.0,0.0,-1.6,1.59,0.0
20181117:2311,0.0,0.0,-1.89,1.59,0.0
20181118:0011,0.0,0.0,-2.38,1.66,0.0
20181118:0111,0.0,0.0,-2.78,1.79,0.0
20181118:0211,0.0,0.0,-3.07,1.86,0.0
20181118:0311,0.0,0.0,-2.95,1.79,0.0
20181118:0411,0.0,0.0,-3.33,1.72,0.0
20181118:0511,0.0,0.0,-3.97,1.79,0.0
20181118:0611,0.0,0.0,-4.38,1.79,0.0
20181118:0711,0.0,0.0,-5.07,1.86,0.0
20181118:0811,10.43,2.41,-5.24,1.93,0.0
20181118:0911,29.55,6.94,-4.3,1.86,0.0
20181118:1011,48.67,9.9,-2.69,1.86,0.0
20181118:1111,43.46,11.06,-1.12,1.93,0.0
20181118:1211,40.85,10.34,-0.05,2.0,0.0
20181118:1311,33.03,7.79,0.27,2.07,0.0
20181118:1411,19.99,3.61,-0.69,2.0,0.0
20181118:1511,0.0,0.0,-1.68,2.07,0.0
20181118:1611,0.0,0.0,-2.74,2.07,0.0
20181118:1711,0.0,0.0,-3.42,2.0,0.0
20181118:1811,0.0,0.0,-4.02,2.07,0.0
20181118:1911,0.0,0.0,-4.58,2.14,0.0
20181118:2011,0.0,0.0,-5.21,2.14,0.0
20181118:2111,0.0,0.0,-5.64,2.14,0.0
20181118:2211,0.0,0.0,-6.0,2.0,0.0
20181118:2311,0.0,0.0,-6.56,1.93,0.0
20181119:0011,0.0,0.0,-6.64,1.86,0.0
20181119:0111,0.0,0.0,-6.55,1.79,0.0
20181119:0211,0.0,0.0,-5.64,1.72,0.0
20181119:0311,0.0,0.0,-3.81,1.66,0.0
20181119:0411,0.0,0.0,-2.68,1.59,0.0
20181119:0511,0.0,0.0,-1.81,1.66,0.0
20181119:0611,0.0,0.0,-1.58,1.66,0.0
20181119:0711,0.0,0.0,-7.13,2.07,0.0
20181119:0811,7.82,2.17,-5.46,2.07,0.0
20181119:0911,26.94,6.69,-3.89,2.0,0.0
20181119:1011,36.5,9.65,-2.58,1.86,0.0
20181119:1111,39.11,10.83,-1.56,1.79,0.0
20181119:1211,37.37,10.11,-1.05,1.79,0.0
20181119:1311,37.37,7.57,-0.88,1.79,0.0
20181119:1411,19.12,3.41,-0.54,1.72,0.0
20181119:1511,0.0,0.0,-0.94,1.72,0.0
20181119:1611,0.0,0.0,-1.46,1.79,0.0
20181119:1711,0.0,0.0,-1.76,1.79,0.0
20181119:1811,0.0,0.0,-1.99,1.79,0.0
20181119:1911,0.0,0.0,-2.42,2.0,0.0
20181119:2011,0.0,0.0,-2.34,2.0,0.0
20181119:2111,0.0,0.0,-2.4,1.93,0.0
20181119:2211,0.0,0.0,-2.48,1.86,0.0
20181119:2311,0.0,0.0,-2.49,1.79,0.0
20181120:0011,0.0,0.0,-2.57,1.66,0.0
20181120:0111,0.0,0.0,-2.84,1.59,0.0
20181120:0211,0.0,0.0,-3.14,1.59,0.0
20181120:0311,0.0,0.0,-3.35,1.59,0.0
20181120:0411,0.0,0.0,-3.5,1.66,0.0
20181120:0511,0.0,0.0,-3.53,1.72,0.0
20181120:0611,0.0,0.0,-3.28,1.72,0.0
20181120:0711,0.0,0.0,-3.61,1.86,0.0
20181120:0811,6.95,1.94,-3.49,1.93,0.0
20181120:0911,26.94,6.46,-3.68,2.07,0.0
20181120:1011,35.63,9.42,-3.37,2.07,0.0
20181120:1111,39.11,10.59,-2.09,1.93,0.0
20181120:1211,46.93,9.89,-1.1,1.79,0.0
20181120:1311,36.5,7.36,-0.94,1.79,0.0
20181120:1411,17.38,3.21,-1.17,1.93,0.0
20181120:1511,0.0,0.0,-1.78,2.14,0.0
20181120:1611,0.0,0.0,-2.66,2.41,0.0
20181120:1711,0.0,0.0,-3.42,2.69,0.0
20181120:1811,0.0,0.0,-3.84,2.9,0.0
20181120:1911,0.0,0.0,-4.99,3.38,0.0
20181120:2011,0.0,0.0,-5.35,3.45,0.0
20181120:2111,0.0,0.0,-5.73,3.59,0.0
20181120:2211,0.0,0.0,-6.09,3.66,0.0
20181120:2311,0.0,0.0,-6.52,3.79,0.0
20181121:0011,0.0,0.0,-6.75,3.86,0.0
20181121:0111,0.0,0.0,-6.7,3.66,0.0
20181121:0211,0.0,0.0,-6.85,3.66,0.0
20181121:0311,0.0,0.0,-6.6,3.79,0.0
20181121:0411,0.0,0.0,-6.69,3.79,0.0
20181121:0511,0.0,0.0,-6.99,3.79,0.0
20181121:0611,0.0,0.0,-6.8,3.72,0.0
20181121:0711,0.0,0.0,-6.31,3.93,0.0
20181121:0811,2.61,1.71,-6.36,3.79,0.0
20181121:0911,26.07,6.22,-6.18,3.66,0.0
20181121:1011,36.5,9.19,-5.59,3.31,0.0
20181121:1111,39.98,10.37,-4.32,3.38,0.0
20181121:1211,38.24,9.67,-3.8,3.17,0.0
20181121:1311,38.24,7.16,-3.78,2.9,0.0
20181121:1411,14.77,3.02,-4.48,2.83,0.0
20181121:1511,0.0,0.0,-5.14,2.76,0.0
20181121:1611,0.0,0.0,-5.59,2.69,0.0
20181121:1711,0.0,0.0,-5.72,2.62,0.0
20181121:1811,0.0,0.0,-5.66,2.48,0.0
20181121:1911,0.0,0.0,-5.67,2.41,0.0
20181121:2011,0.0,0.0,-5.25,2.21,0.0
20181121:2111,0.0,0.0,-4.08,1.93,0.0
20181121:2211,0.0,0.0,-3.23,1.72,0.0
20181121:2311,0.0,0.0,-3.01,1.59,0.0
20181122:0011,0.0,0.0,-2.64,1.38,0.0
20181122:0111,0.0,0.0,-2.25,1.31,0.0
20181122:0211,0.0,0.0,-2.26,1.24,0.0
20181122:0311,0.0,0.0,-2.32,1.24,0.0
20181122:0411,0.0,0.0,-2.44,1.24,0.0
20181122:0511,0.0,0.0,-2.42,1.24,0.0
20181122:0611,0.0,0.0,-2.37,1.17,0.0
20181122:0711,0.0,0.0,-1.96,1.31,0.0
20181122:0811,1.74,1.48,-1.68,1.31,0.0
20181122:0911,25.2,5.99,-1.29,1.24,0.0
20181122:1011,34.76,8.96,-0.74,1.17,0.0
20181122:1111,38.24,10.15,-0.26,0.97,0.0
20181122:1211,42.59,9.46,0.13,0.9,0.0
20181122:1311,35.63,6.96,0.3,0.97,0.0
20181122:1411,13.91,2.84,0.22,1.03,0.0
20181122:1511,0.0,0.0,-0.29,1.17,0.0
20181122:1611,0.0,0.0,-0.86,1.24,0.0
20181122:1711,0.0,0.0,-1.28,1.24,0.0
20181122:1811,0.0,0.0,-1.59,1.24,0.0
20181122:1911,0.0,0.0,-2.17,1.38,0.0
20181122:2011,0.0,0.0,-2.33,1.31,0.0
20181122:2111,0.0,0.0,-2.43,1.24,0.0
20181122:2211,0.0,0.0,-2.39,1.24,0.0
20181122:2311,0.0,0.0,-2.44,1.17,0.0
20181123:0011,0.0,0.0,-2.54,1.1,0.0
20181123:0111,0.0,0.0,-3.62,1.17,0.0
20181123:0211,0.0,0.0,-4.2,1.17,0.0
20181123:0311,0.0,0.0,-3.77,1.17,0.0
20181123:0411,0.0,0.0,-4.06,1.24,0.0
20181123:0511,0.0,0.0,-4.01,1.24,0.0
20181123:0611,0.0,0.0,-3.99,1.24,0.0
20181123:0711,0.0,0.0,-3.74,1.17,0.0
20181123:0811,0.0,0.0,-3.69,1.1,0.0
20181123:0911,23.47,5.77,-3.62,1.03,0.0
20181123:1011,34.76,8.74,-3.23,0.97,0.0
20181123:1111,38.24,9.93,-2.72,0.83,0.0
20181123:1211,45.19,9.26,-2.3,0.83,0.0
20181123:1311,35.63,6.77,-2.05,0.76,0.0
20181123:1411,12.17,2.66,-2.21,0.76,0.0
20181123:1511,0.0,0.0,-2.77,0.83,0.0
20181123:1611,0.0,0.0,-3.34,0.97,0.0
20181123:1711,0.0,0.0,-3.71,1.03,0.0
20181123:1811,0.0,0.0,-4.02,1.1,0.0
20181123:1911,0.0,0.0,-4.98,1.31,0.0
20181123:2011,0.0,0.0,-4.89,1.31,0.0
20181123:2111,0.0,0.0,-4.85,1.31,0.0
20181123:2211,0.0,0.0,-4.86,1.31,0.0
20181123:2311,0.0,0.0,-5.0,1.24,0.0
20181124:0011,0.0,0.0,-5.13,1.17,0.0
20181124:0111,0.0,0.0,-5.42,1.1,0.0
20181124:0211,0.0,0.0,-5.63,1.17,0.0
20181124:0311,0.0,0.0,-6.35,1.38,0.0
20181124:0411,0.0,0.0,-6.5,1.59,0.0
20181124:0511,0.0,0.0,-5.88,1.66,0.0
20181124:0611,0.0,0.0,-5.74,1.72,0.0
20181124:0711,0.0,0.0,-4.61,1.93,0.0
20181124:0811,0.0,0.0,-4.82,1.93,0.0
20181124:0911,22.6,5.55,-4.47,1.93,0.0
20181124:1011,32.16,8.52,-5.41,2.14,0.0
20181124:1111,36.5,9.73,-6.16,2.21,0.0
20181124:1211,40.85,9.06,-6.63,2.28,0.0
20181124:1311,37.37,6.59,-6.7,2.28,0.0
20181124:1411,11.3,2.49,-6.58,2.21,0.0
20181124:1511,0.0,0.0,-5.9,2.07,0.0
20181124:1611,0.0,0.0,-5.57,2.0,0.0
20181124:1711,0.0,0.0,-5.71,2.0,0.0
20181124:1811,0.0,0.0,-5.99,2.0,0.0
20181124:1911,0.0,0.0,-8.07,2.21,0.0
20181124:2011,0.0,0.0,-7.95,2.21,0.0
20181124:2111,0.0,0.0,-7.6,2.21,0.0
20181124:2211,0.0,0.0,-7.13,2.14,0.0
20181124:2311,0.0,0.0,-6.55,2.0,0.0
20181125:0011,0.0,0.0,-6.31,1.93,0.0
20181125:0111,0.0,0.0,-5.98,1.72,0.0
20181125:0211,0.0,0.0,-5.97,1.59,0.0
20181125:0311,0.0,0.0,-6.17,1.45,0.0
20181125:0411,0.0,0.0,-6.41,1.38,0.0
20181125:0511,0.0,0.0,-6.34,1.38,0.0
20181125:0611,0.0,0.0,-6.28,1.38,0.0
20181125:0711,0.0,0.0,-7.14,1.52,0.0
20181125:0811,0.0,0.0,-6.95,1.59,0.0
20181125:0911,26.07,5.34,-6.6,1.59,0.0
20181125:1011,32.16,8.32,-5.98,1.45,0.0
20181125:1111,35.63,9.53,-5.26,1.31,0.0
20181125:1211,43.46,8.87,-4.71,1.17,0.0
20181125:1311,36.5,6.41,-4.4,1.1,0.0
20181125:1411,6.08,2.33,-4.5,0.97,0.0
20181125:1511,0.0,0.0,-5.11,0.97,0.0
20181125:1611,0.0,0.0,-5.67,0.97,0.0
20181125:1711,0.0,0.0,-5.93,0.97,0.0
20181125:1811,0.0,0.0,-6.08,0.9,0.0
20181125:1911,0.0,0.0,-6.59,0.83,0.0
20181125:2011,0.0,0.0,-6.49,0.76,0.0
20181125:2111,0.0,0.0,-6.41,0.69,0.0
20181125:2211,0.0,0.0,-6.28,0.69,0.0
20181125:2311,0.0,0.0,-6.38,0.69,0.0
20181126:0011,0.0,0.0,-6.39,0.69,0.0
20181126:0111,0.0,0.0,-6.23,0.69,0.0
20181126:0211,0.0,0.0,-6.18,0.76,0.0
20181126:0311,0.0,0.0,-6.33,0.83,0.0
20181126:0411,0.0,0.0,-6.48,0.9,0.0
20181126:0511,0.0,0.0,-6.85,0.9,0.0
20181126:0611,0.0,0.0,-6.75,0.9,0.0
20181126:0711,0.0,0.0,-6.83,0.97,0.0
20181126:0811,0.0,0.0,-6.57,1.1,0.0
20181126:0911,20.86,5.13,-6.42,1.03,0.0
20181126:1011,31.29,8.11,-5.82,0.9,0.0
20181126:1111,35.63,9.33,-5.25,0.83,0.0
20181126:1211,44.32,8.69,-4.75,0.83,0.0
20181126:1311,33.03,6.24,-4.42,0.9,0.0
20181126:1411,4.35,2.17,-4.46,0.9,0.0
20181126:1511,0.0,0.0,-4.95,0.97,0.0
20181126:1611,0.0,0.0,-5.37,1.03,0.0
20181126:1711,0.0,0.0,-5.56,1.03,0.0
20181126:1811,0.0,0.0,-5.71,1.1,0.0
20181126:1911,0.0,0.0,-6.06,1.38,0.0
20181126:2011,0.0,0.0,-6.05,1.45,0.0
20181126:2111,0.0,0.0,-6.03,1.38,0.0
20181126:2211,0.0,0.0,-6.17,1.24,0.0
20181126:2311,0.0,0.0,-6.12,1.17,0.0
20181127:0011,0.0,0.0,-6.12,1.17,0.0
20181127:0111,0.0,0.0,-6.17,1.17,0.0
20181127:0211,0.0,0.0,-6.21,1.17,0.0
20181127:0311,0.0,0.0,-6.33,1.1,0.0
20181127:0411,0.0,0.0,-6.74,1.17,0.0
20181127:0511,0.0,0.0,-7.0,1.31,0.0
20181127:0611,0.0,0.0,-7.51,1.45,0.0
20181127:0711,0.0,0.0,-9.3,1.59,0.0
20181127:0811,0.0,0.0,-9.64,1.66,0.0
20181127:0911,25.2,4.93,-9.96,1.66,0.0
20181127:1011,31.29,7.92,-9.92,1.66,0.0
20181127:1111,36.5,9.14,-9.91,1.59,0.0
20181127:1211,44.32,8.51,-9.67,1.66,0.0
20181127:1311,33.9,6.08,-9.62,1.72,0.0
20181127:1411,3.48,2.02,-9.92,1.79,0.0
20181127:1511,0.0,0.0,-10.49,1.93,0.0
20181127:1611,0.0,0.0,-10.87,2.0,0.0
20181127:1711,0.0,0.0,-10.75,2.07,0.0
20181127:1811,0.0,0.0,-10.48,2.0,0.0
20181127:1911,0.0,0.0,-9.03,1.86,0.0
20181127:2011,0.0,0.0,-9.3,2.0,0.0
20181127:2111,0.0,0.0,-9.35,2.07,0.0
20181127:2211,0.0,0.0,-9.39,2.14,0.0
20181127:2311,0.0,0.0,-9.63,2.21,0.0
20181128:0011,0.0,0.0,-9.79,2.28,0.0
20181128:0111,0.0,0.0,-9.98,2.41,0.0
20181128:0211,0.0,0.0,-10.02,2.48,0.0
20181128:0311,0.0,0.0,-9.92,2.48,0.0
20181128:0411,0.0,0.0,-9.94,2.55,0.0
20181128:0511,0.0,0.0,-9.9,2.69,0.0
20181128:0611,0.0,0.0,-9.92,2.9,0.0
20181128:0711,0.0,0.0,-9.56,3.1,0.0
20181128:0811,0.0,0.0,-9.41,3.1,0.0
20181128:0911,26.07,4.74,-8.91,3.31,0.0
20181128:1011,37.37,7.73,-8.08,3.59,0.0
20181128:1111,56.49,8.96,-7.38,3.72,0.0
20181128:1211,54.75,8.34,-6.68,3.79,0.0
20181128:1311,33.03,5.92,-6.12,3.86,0.0
20181128:1411,0.87,1.88,-6.09,3.72,0.0
20181128:1511,0.0,0.0,-5.89,3.59,0.0
20181128:1611,0.0,0.0,-5.43,4.07,0.0
20181128:1711,0.0,0.0,-5.2,3.93,0.0
20181128:1811,0.0,0.0,-5.08,4.07,0.0
20181128:1911,0.0,0.0,-4.62,4.34,0.0
20181128:2011,0.0,0.0,-4.53,4.41,0.0
20181128:2111,0.0,0.0,-4.45,4.48,0.0
20181128:2211,0.0,0.0,-4.2,4.62,0.0
20181128:2311,0.0,0.0,-4.02,3.79,0.0
20181129:0011,0.0,0.0,-3.87,3.59,0.0
20181129:0111,0.0,0.0,-3.6,3.79,0.0
20181129:0211,0.0,0.0,-3.49,3.17,0.0
20181129:0311,0.0,0.0,-3.4,3.03,0.0
20181129:0411,0.0,0.0,-3.3,2.48,0.0
20181129:0511,0.0,0.0,-3.2,2.34,0.0
20181129:0611,0.0,0.0,-3.04,2.21,0.0
20181129:0711,0.0,0.0,-2.47,2.07,0.0
20181129:0811,0.0,0.0,-2.16,2.14,0.0
20181129:0911,4.35,4.55,-2.19,2.28,0.0
20181129:1011,10.43,7.54,-1.74,2.14,0.0
20181129:1111,20.86,8.78,-1.34,2.21,0.0
20181129:1211,14.77,8.18,-0.91,2.07,0.0
20181129:1311,6.95,5.77,-0.61,2.14,0.0
20181129:1411,0.87,1.74,-0.35,2.28,0.0
20181129:1511,0.0,0.0,-0.28,2.62,0.0
20181129:1611,0.0,0.0,0.22,2.69,0.0
20181129:1711,0.0,0.0,0.91,3.03,0.0
20181129:1811,0.0,0.0,1.27,3.03,0.0
20181129:1911,0.0,0.0,1.39,3.03,0.0
20181129:2011,0.0,0.0,1.26,2.76,0.0
20181129:2111,0.0,0.0,1.12,2.34,0.0
20181129:2211,0.0,0.0,0.87,1.72,0.0
20181129:2311,0.0,0.0,0.95,1.79,0.0
20181130:0011,0.0,0.0,1.29,2.55,0.0
20181130:0111,0.0,0.0,1.35,2.41,0.0
20181130:0211,0.0,0.0,1.19,2.48,0.0
20181130:0311,0.0,0.0,1.12,2.76,0.0
20181130:0411,0.0,0.0,0.83,2.48,0.0
20181130:0511,0.0,0.0,0.74,2.28,0.0
20181130:0611,0.0,0.0,0.75,1.79,0.0
20181130:0711,0.0,0.0,1.15,2.41,0.0
20181130:0811,0.0,0.0,1.4,2.62,0.0
20181130:0911,4.35,4.37,1.42,3.1,0.0
20181130:1011,7.82,7.36,1.27,2.34,0.0
20181130:1111,9.56,8.61,1.17,2.41,0.0
20181130:1211,8.69,8.02,1.23,2.69,0.0
20181130:1311,5.21,5.63,1.16,2.62,0.0
20181130:1411,0.87,1.62,0.96,2.97,0.0
20181130:1511,0.0,0.0,0.89,3.52,0.0
20181130:1611,0.0,0.0,0.95,3.93,0.0
20181130:1711,0.0,0.0,0.74,3.45,0.0
20181130:1811,0.0,0.0,0.31,3.52,0.0
20181130:1911,0.0,0.0,0.17,3.52,0.0
20181130:2011,0.0,0.0,0.3,3.45,0.0
20181130:2111,0.0,0.0,0.25,3.59,0.0
20181130:2211,0.0,0.0,-0.09,3.31,0.0
20181130:2311,0.0,0.0,-0.6,3.1,0.0
20181201:0011,0.0,0.0,-0.34,3.1,0.0
20181201:0111,0.0,0.0,-0.32,3.1,0.0
20181201:0211,0.0,0.0,-0.43,3.52,0.0
20181201:0311,0.0,0.0,-0.58,3.45,0.0
20181201:0411,0.0,0.0,-0.85,3.1,0.0
20181201:0511,0.0,0.0,-1.06,3.03,0.0
20181201:0611,0.0,0.0,-0.86,3.24,0.0
20181201:0711,0.0,0.0,-0.67,3.17,0.0
20181201:0811,0.0,0.0,-0.44,2.97,0.0
20181201:0911,3.48,4.19,-0.25,2.34,0.0
20181201:1011,7.82,7.19,-0.11,2.07,0.0
20181201:1111,29.55,8.45,-0.08,2.34,0.0
20181201:1211,8.69,7.87,-0.48,2.69,0.0
20181201:1311,6.08,5.49,-0.77,2.34,0.0
20181201:1411,0.87,1.49,-0.97,2.48,0.0
20181201:1511,0.0,0.0,-1.14,2.0,0.0
20181201:1611,0.0,0.0,-1.83,1.93,0.0
20181201:1711,0.0,0.0,-2.07,1.86,0.0
20181201:1811,0.0,0.0,-2.22,1.79,0.0
20181201:1911,0.0,0.0,-1.66,1.93,0.0
20181201:2011,0.0,0.0,-1.65,1.93,0.0
20181201:2111,0.0,0.0,-1.95,1.59,0.0
20181201:2211,0.0,0.0,-2.14,1.31,0.0
20181201:2311,0.0,0.0,-2.06,1.24,0.0
20181202:0011,0.0,0.0,-2.52,1.24,0.0
20181202:0111,0.0,0.0,-3.02,1.38,0.0
20181202:0211,0.0,0.0,-3.28,1.52,0.0
20181202:0311,0.0,0.0,-3.39,1.66,0.0
20181202:0411,0.0,0.0,-3.16,1.93,0.0
20181202:0511,0.0,0.0,-2.7,2.28,0.0
20181202:0611,0.0,0.0,-2.0,2.48,0.0
20181202:0711,0.0,0.0,-1.49,2.41,0.0
20181202:0811,0.0,0.0,-1.42,2.48,0.0
20181202:0911,6.95,4.02,-1.05,2.48,0.0
20181202:1011,10.43,7.03,-0.62,2.41,0.0
20181202:1111,30.42,8.3,-0.46,2.28,0.0
20181202:1211,22.6,7.73,-0.5,2.07,0.0
20181202:1311,23.47,5.36,-0.6,1.86,0.0
20181202:1411,0.87,1.38,-0.57,1.66,0.0
20181202:1511,0.0,0.0,-0.49,1.66,0.0
20181202:1611,0.0,0.0,-0.38,1.59,0.0
20181202:1711,0.0,0.0,-0.31,1.45,0.0
20181202:1811,0.0,0.0,-0.27,1.38,0.0
20181202:1911,0.0,0.0,-0.19,1.24,0.0
20181202:2011,0.0,0.0,-0.13,1.24,0.0
20181202:2111,0.0,0.0,-0.15,1.24,0.0
20181202:2211,0.0,0.0,-0.1,1.17,0.0
20181202:2311,0.0,0.0,-0.05,1.17,0.0
20181203:0011,0.0,0.0,-0.07,1.24,0.0
20181203:0111,0.0,0.0,0.08,1.17,0.0
20181203:0211,0.0,0.0,0.0,1.31,0.0
20181203:0311,0.0,0.0,0.01,1.38,0.0
20181203:0411,0.0,0.0,0.02,1.31,0.0
20181203:0511,0.0,0.0,0.04,1.59,0.0
20181203:0611,0.0,0.0,-0.11,1.86,0.0
20181203:0711,0.0,0.0,-0.21,1.93,0.0
20181203:0811,0.0,0.0,-0.19,1.86,0.0
20181203:0911,13.91,3.85,-0.12,1.72,0.0
20181203:1011,28.68,6.87,0.0,1.66,0.0
20181203:1111,8.69,8.15,0.06,1.59,0.0
20181203:1211,7.82,7.59,0.01,1.52,0.0
20181203:1311,17.38,5.24,-0.08,1.45,0.0
20181203:1411,0.0,0.0,-0.14,1.24,0.0
20181203:1511,0.0,0.0,-0.22,0.76,0.0
20181203:1611,0.0,0.0,-0.01,0.34,0.0
20181203:1711,0.0,0.0,-0.64,1.45,0.0
20181203:1811,0.0,0.0,-0.43,1.79,0.0
20181203:1911,0.0,0.0,-0.45,2.14,0.0
20181203:2011,0.0,0.0,-0.77,2.48,0.0
20181203:2111,0.0,0.0,-1.29,2.76,0.0
20181203:2211,0.0,0.0,-1.49,2.9,0.0
20181203:2311,0.0,0.0,-1.9,2.9,0.0
20181204:0011,0.0,0.0,-2.38,3.17,0.0
20181204:0111,0.0,0.0,-2.87,3.24,0.0
20181204:0211,0.0,0.0,-3.37,3.24,0.0
20181204:0311,0.0,0.0,-3.64,3.17,0.0
20181204:0411,0.0,0.0,-3.85,3.45,0.0
20181204:0511,0.0,0.0,-3.76,3.52,0.0
20181204:0611,0.0,0.0,-4.11,3.52,0.0
20181204:0711,0.0,0.0,-4.82,3.17,0.0
20181204:0811,0.0,0.0,-5.13,3.31,0.0
20181204:0911,15.64,3.69,-5.79,3.17,0.0
20181204:1011,6.95,6.72,-5.82,3.24,0.0
20181204:1111,8.69,8.01,-5.61,3.1,0.0
20181204:1211,7.82,7.46,-5.65,3.1,0.0
20181204:1311,5.21,5.12,-5.81,3.45,0.0
20181204:1411,0.0,0.0,-6.03,3.24,0.0
20181204:1511,0.0,0.0,-6.54,3.03,0.0
20181204:1611,0.0,0.0,-6.98,2.69,0.0
20181204:1711,0.0,0.0,-7.19,2.76,0.0
20181204:1811,0.0,0.0,-7.49,2.34,0.0
20181204:1911,0.0,0.0,-7.49,2.0,0.0
20181204:2011,0.0,0.0,-7.81,2.0,0.0
20181204:2111,0.0,0.0,-7.62,1.86,0.0
20181204:2211,0.0,0.0,-7.35,1.66,0.0
20181204:2311,0.0,0.0,-7.39,1.66,0.0
20181205:0011,0.0,0.0,-7.47,1.59,0.0
20181205:0111,0.0,0.0,-7.76,1.45,0.0
20181205:0211,0.0,0.0,-7.36,1.1,0.0
20181205:0311,0.0,0.0,-7.73,0.9,0.0
20181205:0411,0.0,0.0,-8.2,0.76,0.0
20181205:0511,0.0,0.0,-8.86,0.76,0.0
20181205:0611,0.0,0.0,-8.7,0.62,0.0
20181205:0711,0.0,0.0,-9.35,0.28,0.0
20181205:0811,0.0,0.0,-9.22,0.28,0.0
20181205:0911,19.12,3.54,-8.48,0.21,0.0
20181205:1011,19.99,6.57,-7.6,0.28,0.0
20181205:1111,18.25,7.87,-6.58,0.69,0.0
20181205:1211,7.82,7.34,-5.77,1.1,0.0
20181205:1311,22.6,5.02,-5.34,1.45,0.0
20181205:1411,0.0,0.0,-4.91,1.52,0.0
20181205:1511,0.0,0.0,-4.87,1.66,0.0
20181205:1611,0.0,0.0,-4.07,1.45,0.0
20181205:1711,0.0,0.0,-3.47,1.17,0.0
20181205:1811,0.0,0.0,-3.21,1.03,0.0
20181205:1911,0.0,0.0,-3.33,1.17,0.0
20181205:2011,0.0,0.0,-2.86,1.03,0.0
20181205:2111,0.0,0.0,-2.67,0.83,0.0
20181205:2211,0.0,0.0,-2.59,0.76,0.0
20181205:2311,0.0,0.0,-2.86,0.48,0.0
20181206:0011,0.0,0.0,-3.23,0.41,0.0
20181206:0111,0.0,0.0,-4.0,0.41,0.0
20181206:0211,0.0,0.0,-4.69,0.76,0.0
20181206:0311,0.0,0.0,-5.87,1.24,0.0
20181206:0411,0.0,0.0,-7.42,1.52,0.0
20181206:0511,0.0,0.0,-8.48,1.72,0.0
20181206:0611,0.0,0.0,-9.35,1.93,0.0
20181206:0711,0.0,0.0,-8.78,1.93,0.0
20181206:0811,0.0,0.0,-8.83,2.07,0.0
20181206:0911,6.95,3.39,-8.55,2.21,0.0
20181206:1011,30.42,6.43,-7.91,2.07,0.0
20181206:1111,8.69,7.75,-7.67,2.21,0.0
20181206:1211,13.91,7.23,-6.95,2.14,0.0
20181206:1311,4.35,4.92,-6.62,2.21,0.0
20181206:1411,0.0,0.0,-6.12,2.41,0.0
20181206:1511,0.0,0.0,-5.72,2.34,0.0
20181206:1611,0.0,0.0,-5.26,2.21,0.0
20181206:1711,0.0,0.0,-4.93,2.21,0.0
20181206:1811,0.0,0.0,-4.69,2.07,0.0
20181206:1911,0.0,0.0,-4.23,2.0,0.0
20181206:2011,0.0,0.0,-4.03,1.79,0.0
20181206:2111,0.0,0.0,-3.91,1.59,0.0
20181206:2211,0.0,0.0,-3.87,1.38,0.0
20181206:2311,0.0,0.0,-3.72,1.24,0.0
20181207:0011,0.0,0.0,-2.78,0.83,0.0
20181207:0111,0.0,0.0,-1.82,0.83,0.0
20181207:0211,0.0,0.0,-1.6,1.31,0.0
20181207:0311,0.0,0.0,-1.18,1.45,0.0
20181207:0411,0.0,0.0,-0.32,1.24,0.0
20181207:0511,0.0,0.0,-0.21,1.38,0.0
20181207:0611,0.0,0.0,0.23,1.31,0.0
20181207:0711,0.0,0.0,0.81,0.83,0.0
20181207:0811,0.0,0.0,0.69,1.1,0.0
20181207:0911,2.61,3.26,0.51,1.17,0.0
20181207:1011,7.82,6.3,0.27,1.17,0.0
20181207:1111,13.04,7.62,0.02,1.17,0.0
20181207:1211,25.2,7.12,-0.8,1.72,0.0
20181207:1311,8.69,4.83,-1.18,1.93,0.0
20181207:1411,0.0,0.0,-1.27,2.07,0.0
20181207:1511,0.0,0.0,-1.36,2.28,0.0
20181207:1611,0.0,0.0,-1.22,2.41,0.0
20181207:1711,0.0,0.0,-1.21,2.41,0.0
20181207:1811,0.0,0.0,-1.31,2.34,0.0
20181207:1911,0.0,0.0,-1.58,2.28,0.0
20181207:2011,0.0,0.0,-1.82,1.86,0.0
20181207:2111,0.0,0.0,-1.97,1.66,0.0
20181207:2211,0.0,0.0,-2.05,1.45,0.0
20181207:2311,0.0,0.0,-2.06,1.24,0.0
20181208:0011,0.0,0.0,-2.02,1.1,0.0
20181208:0111,0.0,0.0,-1.87,0.97,0.0
20181208:0211,0.0,0.0,-1.74,1.03,0.0
20181208:0311,0.0,0.0,-1.69,1.17,0.0
20181208:0411,0.0,0.0,-1.46,1.17,0.0
20181208:0511,0.0,0.0,-1.25,1.1,0.0
20181208:0611,0.0,0.0,-1.38,1.24,0.0
20181208:0711,0.0,0.0,-3.03,1.72,0.0
20181208:0811,0.0,0.0,-3.55,1.93,0.0
20181208:0911,2.61,3.12,-3.79,2.0,0.0
20181208:1011,12.17,6.18,-3.87,2.07,0.0
20181208:1111,38.24,7.51,-3.71,2.07,0.0
20181208:1211,12.17,7.02,-3.19,2.0,0.0
20181208:1311,22.6,4.74,-3.44,1.86,0.0
20181208:1411,0.0,0.0,-3.64,1.72,0.0
20181208:1511,0.0,0.0,-3.59,1.59,0.0
20181208:1611,0.0,0.0,-3.33,1.38,0.0
20181208:1711,0.0,0.0,-2.89,1.24,0.0
20181208:1811,0.0,0.0,-2.39,0.97,0.0
20181208:1911,0.0,0.0,-2.23,0.69,0.0
20181208:2011,0.0,0.0,-2.89,0.76,0.0
20181208:2111,0.0,0.0,-3.33,0.9,0.0
20181208:2211,0.0,0.0,-3.95,0.9,0.0
20181208:2311,0.0,0.0,-4.15,0.97,0.0
20181209:0011,0.0,0.0,-3.9,1.03,0.0
20181209:0111,0.0,0.0,-3.44,0.97,0.0
20181209:0211,0.0,0.0,-3.81,1.24,0.0
20181209:0311,0.0,0.0,-3.67,1.31,0.0
20181209:0411,0.0,0.0,-3.5,1.38,0.0
20181209:0511,0.0,0.0,-3.12,1.31,0.0
20181209:0611,0.0,0.0,-2.57,1.17,0.0
20181209:0711,0.0,0.0,-2.92,1.24,0.0
20181209:0811,0.0,0.0,-3.08,1.24,0.0
20181209:0911,2.61,3.0,-3.57,1.31,0.0
20181209:1011,6.08,6.06,-4.17,1.45,0.0
20181209:1111,7.82,7.41,-4.75,1.52,0.0
20181209:1211,6.95,6.93,-5.22,1.52,0.0
20181209:1311,4.35,4.66,-5.37,1.52,0.0
20181209:1411,0.0,0.0,-5.84,1.52,0.0
20181209:1511,0.0,0.0,-6.03,1.72,0.0
20181209:1611,0.0,0.0,-5.95,1.79,0.0
20181209:1711,0.0,0.0,-5.93,1.86,0.0
20181209:1811,0.0,0.0,-5.95,1.93,0.0
20181209:1911,0.0,0.0,-6.18,2.07,0.0
20181209:2011,0.0,0.0,-6.22,2.07,0.0
20181209:2111,0.0,0.0,-6.16,2.07,0.0
20181209:2211,0.0,0.0,-6.32,2.28,0.0
20181209:2311,0.0,0.0,-6.28,2.34,0.0
20181210:0011,0.0,0.0,-6.19,2.21,0.0
20181210:0111,0.0,0.0,-6.39,2.21,0.0
20181210:0211,0.0,0.0,-6.13,2.21,0.0
20181210:0311,0.0,0.0,-6.01,2.28,0.0
20181210:0411,0.0,0.0,-6.22,2.21,0.0
20181210:0511,0.0,0.0,-6.26,2.21,0.0
20181210:0611,0.0,0.0,-6.09,2.28,0.0
20181210:0711,0.0,0.0,-6.12,2.34,0.0
20181210:0811,0.0,0.0,-6.31,2.21,0.0
20181210:0911,2.61,2.88,-6.23,2.14,0.0
20181210:1011,6.08,5.95,-5.77,1.93,0.0
20181210:1111,16.51,7.31,-5.79,2.0,0.0
20181210:1211,6.95,6.84,-5.35,1.86,0.0
20181210:1311,4.35,4.59,-5.28,1.93,0.0
20181210:1411,0.0,0.0,-4.84,1.79,0.0
20181210:1511,0.0,0.0,-4.81,1.79,0.0
20181210:1611,0.0,0.0,-4.78,1.72,0.0
20181210:1711,0.0,0.0,-4.71,1.59,0.0
20181210:1811,0.0,0.0,-4.7,1.45,0.0
20181210:1911,0.0,0.0,-5.25,1.38,0.0
20181210:2011,0.0,0.0,-5.85,1.38,0.0
20181210:2111,0.0,0.0,-6.82,1.52,0.0
20181210:2211,0.0,0.0,-7.36,1.52,0.0
20181210:2311,0.0,0.0,-8.17,1.66,0.0
20181211:0011,0.0,0.0,-8.69,1.72,0.0
20181211:0111,0.0,0.0,-9.19,1.79,0.0
20181211:0211,0.0,0.0,-9.45,1.86,0.0
20181211:0311,0.0,0.0,-9.89,2.0,0.0
20181211:0411,0.0,0.0,-10.32,2.14,0.0
20181211:0511,0.0,0.0,-10.69,2.21,0.0
20181211:0611,0.0,0.0,-10.65,2.14,0.0
20181211:0711,0.0,0.0,-11.84,2.14,0.0
20181211:0811,0.0,0.0,-12.14,2.07,0.0
20181211:0911,2.61,2.77,-12.38,2.14,0.0
20181211:1011,6.08,5.85,-12.21,2.0,0.0
20181211:1111,7.82,7.22,-12.25,1.93,0.0
20181211:1211,6.95,6.77,-12.21,1.79,0.0
20181211:1311,4.35,4.53,-12.35,1.79,0.0
20181211:1411,0.0,0.0,-12.72,1.86,0.0
20181211:1511,0.0,0.0,-13.03,1.86,0.0
20181211:1611,0.0,0.0,-12.62,1.86,0.0
20181211:1711,0.0,0.0,-12.11,1.86,0.0
20181211:1811,0.0,0.0,-11.27,1.86,0.0
20181211:1911,0.0,0.0,-12.4,1.86,0.0
20181211:2011,0.0,0.0,-11.49,1.86,0.0
20181211:2111,0.0,0.0,-10.36,1.79,0.0
20181211:2211,0.0,0.0,-9.99,1.72,0.0
20181211:2311,0.0,0.0,-9.77,1.72,0.0
20181212:0011,0.0,0.0,-9.49,1.72,0.0
20181212:0111,0.0,0.0,-10.73,1.72,0.0
20181212:0211,0.0,0.0,-10.95,1.72,0.0
20181212:0311,0.0,0.0,-10.17,1.72,0.0
20181212:0411,0.0,0.0,-10.33,1.72,0.0
20181212:0511,0.0,0.0,-11.26,1.72,0.0
20181212:0611,0.0,0.0,-11.63,1.79,0.0
20181212:0711,0.0,0.0,-13.0,1.93,0.0
20181212:0811,0.0,0.0,-12.73,1.93,0.0
20181212:0911,1.74,2.66,-12.12,1.93,0.0
20181212:1011,6.08,5.75,-11.95,1.93,0.0
20181212:1111,7.82,7.13,-11.49,1.86,0.0
20181212:1211,6.95,6.7,-11.44,1.86,0.0
20181212:1311,4.35,4.48,-10.97,1.86,0.0
20181212:1411,0.0,0.0,-11.02,1.86,0.0
20181212:1511,0.0,0.0,-11.28,1.86,0.0
20181212:1611,0.0,0.0,-10.8,1.93,0.0
20181212:1711,0.0,0.0,-11.12,2.0,0.0
20181212:1811,0.0,0.0,-11.51,2.07,0.0
20181212:1911,0.0,0.0,-11.64,2.0,0.0
20181212:2011,0.0,0.0,-11.39,2.14,0.0
20181212:2111,0.0,0.0,-11.62,2.14,0.0
20181212:2211,0.0,0.0,-11.4,2.07,0.0
20181212:2311,0.0,0.0,-11.32,2.14,0.0
20181213:0011,0.0,0.0,-11.26,2.07,0.0
20181213:0111,0.0,0.0,-11.05,2.0,0.0
20181213:0211,0.0,0.0,-11.21,2.0,0.0
20181213:0311,0.0,0.0,-11.15,2.07,0.0
20181213:0411,0.0,0.0,-11.47,2.14,0.0
20181213:0511,0.0,0.0,-11.39,2.14,0.0
20181213:0611,0.0,0.0,-11.43,2.14,0.0
20181213:0711,0.0,0.0,-12.08,2.21,0.0
20181213:0811,0.0,0.0,-12.16,2.28,0.0
20181213:0911,1.74,2.56,-12.3,2.34,0.0
20181213:1011,6.08,5.67,-12.18,2.28,0.0
20181213:1111,7.82,7.06,-12.02,2.28,0.0
20181213:1211,6.95,6.64,-11.91,2.28,0.0
20181213:1311,4.35,4.43,-12.19,2.28,0.0
20181213:1411,0.0,0.0,-12.34,2.34,0.0
20181213:1511,0.0,0.0,-12.79,2.41,0.0
20181213:1611,0.0,0.0,-13.09,2.41,0.0
20181213:1711,0.0,0.0,-13.33,2.41,0.0
20181213:1811,0.0,0.0,-13.55,2.41,0.0
20181213:1911,0.0,0.0,-13.38,2.21,0.0
20181213:2011,0.0,0.0,-13.41,2.14,0.0
20181213:2111,0.0,0.0,-13.37,2.14,0.0
20181213:2211,0.0,0.0,-13.56,2.07,0.0
20181213:2311,0.0,0.0,-13.76,2.14,0.0
20181214:0011,0.0,0.0,-13.81,2.14,0.0
20181214:0111,0.0,0.0,-13.74,2.14,0.0
20181214:0211,0.0,0.0,-14.21,2.07,0.0
20181214:0311,0.0,0.0,-14.21,2.14,0.0
20181214:0411,0.0,0.0,-14.41,2.14,0.0
20181214:0511,0.0,0.0,-14.43,2.21,0.0
20181214:0611,0.0,0.0,-14.6,2.14,0.0
20181214:0711,0.0,0.0,-14.15,2.14,0.0
20181214:0811,0.0,0.0,-14.0,2.14,0.0
20181214:0911,1.74,2.47,-14.16,2.14,0.0
20181214:1011,6.08,5.58,-14.1,2.14,0.0
20181214:1111,7.82,6.99,-14.22,2.14,0.0
20181214:1211,7.82,6.58,-13.88,2.07,0.0
20181214:1311,4.35,4.39,-13.69,2.0,0.0
20181214:1411,0.0,0.0,-13.67,2.0,0.0
20181214:1511,0.0,0.0,-13.54,2.0,0.0
20181214:1611,0.0,0.0,-13.32,2.0,0.0
20181214:1711,0.0,0.0,-13.02,2.0,0.0
20181214:1811,0.0,0.0,-12.73,2.0,0.0
20181214:1911,0.0,0.0,-10.48,2.0,0.0
20181214:2011,0.0,0.0,-10.67,2.07,0.0
20181214:2111,0.0,0.0,-10.84,2.14,0.0
20181214:2211,0.0,0.0,-11.12,2.14,0.0
20181214:2311,0.0,0.0,-11.32,2.14,0.0
20181215:0011,0.0,0.0,-11.22,2.07,0.0
20181215:0111,0.0,0.0,-11.22,2.07,0.0
20181215:0211,0.0,0.0,-11.29,2.14,0.0
20181215:0311,0.0,0.0,-11.56,2.21,0.0
20181215:0411,0.0,0.0,-11.66,2.28,0.0
20181215:0511,0.0,0.0,-11.6,2.28,0.0
20181215:0611,0.0,0.0,-11.64,2.34,0.0
20181215:0711,0.0,0.0,-10.91,2.34,0.0
20181215:0811,0.0,0.0,-11.13,2.62,0.0
20181215:0911,1.74,2.39,-10.78,2.55,0.0
20181215:1011,5.21,5.51,-10.76,2.62,0.0
20181215:1111,7.82,6.93,-10.67,2.69,0.0
20181215:1211,6.95,6.53,-10.21,2.55,0.0
20181215:1311,4.35,4.36,-10.09,2.48,0.0
20181215:1411,0.0,0.0,-9.88,2.34,0.0
20181215:1511,0.0,0.0,-9.91,2.41,0.0
20181215:1611,0.0,0.0,-10.27,2.69,0.0
20181215:1711,0.0,0.0,-10.32,2.76,0.0
20181215:1811,0.0,0.0,-10.45,3.1,0.0
20181215:1911,0.0,0.0,-10.06,3.45,0.0
20181215:2011,0.0,0.0,-9.62,3.66,0.0
20181215:2111,0.0,0.0,-9.17,4.0,0.0
20181215:2211,0.0,0.0,-8.77,4.21,0.0
20181215:2311,0.0,0.0,-8.4,4.48,0.0
20181216:0011,0.0,0.0,-7.88,5.03,0.0
20181216:0111,0.0,0.0,-7.03,5.31,0.0
20181216:0211,0.0,0.0,-6.78,5.17,0.0
20181216:0311,0.0,0.0,-6.47,5.59,0.0
20181216:0411,0.0,0.0,-6.39,5.24,0.0
20181216:0511,0.0,0.0,-6.43,5.59,0.0
20181216:0611,0.0,0.0,-6.15,5.31,0.0
20181216:0711,0.0,0.0,-6.07,5.52,0.0
20181216:0811,0.0,0.0,-6.07,5.59,0.0
20181216:0911,1.74,2.31,-6.0,5.31,0.0
20181216:1011,7.82,5.45,-5.97,5.17,0.0
20181216:1111,6.95,6.88,-5.77,5.03,0.0
20181216:1211,6.95,6.5,-5.74,4.9,0.0
20181216:1311,5.21,4.33,-5.83,4.62,0.0
20181216:1411,0.0,0.0,-6.01,4.34,0.0
20181216:1511,0.0,0.0,-6.43,4.14,0.0
20181216:1611,0.0,0.0,-6.75,3.72,0.0
20181216:1711,0.0,0.0,-7.09,3.79,0.0
20181216:1811,0.0,0.0,-7.3,3.52,0.0
20181216:1911,0.0,0.0,-7.16,3.03,0.0
20181216:2011,0.0,0.0,-7.09,2.83,0.0
20181216:2111,0.0,0.0,-6.92,2.48,0.0
20181216:2211,0.0,0.0,-6.62,2.21,0.0
20181216:2311,0.0,0.0,-6.31,1.93,0.0
20181217:0011,0.0,0.0,-6.43,1.86,0.0
20181217:0111,0.0,0.0,-6.44,1.72,0.0
20181217:0211,0.0,0.0,-6.2,1.66,0.0
20181217:0311,0.0,0.0,-5.97,1.52,0.0
20181217:0411,0.0,0.0,-5.62,1.31,0.0
20181217:0511,0.0,0.0,-5.7,1.31,0.0
20181217:0611,0.0,0.0,-5.75,1.31,0.0
20181217:0711,0.0,0.0,-5.25,1.17,0.0
20181217:0811,0.0,0.0,-5.2,1.03,0.0
20181217:0911,10.43,2.24,-5.28,0.97,0.0
20181217:1011,8.69,5.39,-5.55,0.83,0.0
20181217:1111,6.95,6.83,-6.26,0.83,0.0
20181217:1211,6.95,6.46,-7.1,0.69,0.0
20181217:1311,4.35,4.31,-8.08,0.69,0.0
20181217:1411,0.0,0.0,-8.5,0.97,0.0
20181217:1511,0.0,0.0,-9.54,1.24,0.0
20181217:1611,0.0,0.0,-10.94,1.38,0.0
20181217:1711,0.0,0.0,-11.45,1.59,0.0
20181217:1811,0.0,0.0,-11.96,1.72,0.0
20181217:1911,0.0,0.0,-11.87,1.45,0.0
20181217:2011,0.0,0.0,-11.97,1.59,0.0
20181217:2111,0.0,0.0,-12.35,1.72,0.0
20181217:2211,0.0,0.0,-12.04,1.45,0.0
20181217:2311,0.0,0.0,-12.05,1.59,0.0
20181218:0011,0.0,0.0,-12.19,1.86,0.0
20181218:0111,0.0,0.0,-12.82,1.93,0.0
20181218:0211,0.0,0.0,-12.65,1.52,0.0
20181218:0311,0.0,0.0,-13.35,1.72,0.0
20181218:0411,0.0,0.0,-13.76,2.0,0.0
20181218:0511,0.0,0.0,-13.71,2.07,0.0
20181218:0611,0.0,0.0,-13.4,2.14,0.0
20181218:0711,0.0,0.0,-13.78,2.21,0.0
20181218:0811,0.0,0.0,-13.0,2.28,0.0
20181218:0911,1.74,2.18,-12.55,2.21,0.0
20181218:1011,11.3,5.34,-12.38,2.28,0.0
20181218:1111,15.64,6.79,-12.09,2.41,0.0
20181218:1211,19.99,6.44,-11.57,2.21,0.0
20181218:1311,6.95,4.3,-11.12,2.21,0.0
20181218:1411,0.0,0.0,-10.75,2.41,0.0
20181218:1511,0.0,0.0,-10.76,2.48,0.0
20181218:1611,0.0,0.0,-10.33,2.41,0.0
20181218:1711,0.0,0.0,-9.79,2.55,0.0
20181218:1811,0.0,0.0,-9.04,2.62,0.0
20181218:1911,0.0,0.0,-8.65,2.48,0.0
20181218:2011,0.0,0.0,-8.14,2.62,0.0
20181218:2111,0.0,0.0,-7.84,2.76,0.0
20181218:2211,0.0,0.0,-7.53,2.9,0.0
20181218:2311,0.0,0.0,-7.41,2.83,0.0
20181219:0011,0.0,0.0,-7.17,2.9,0.0
20181219:0111,0.0,0.0,-7.15,3.03,0.0
20181219:0211,0.0,0.0,-6.74,2.97,0.0
20181219:0311,0.0,0.0,-6.51,2.9,0.0
20181219:0411,0.0,0.0,-6.39,3.03,0.0
20181219:0511,0.0,0.0,-6.13,3.17,0.0
20181219:0611,0.0,0.0,-5.77,3.17,0.0
20181219:0711,0.0,0.0,-5.22,3.31,0.0
20181219:0811,0.0,0.0,-5.04,3.45,0.0
20181219:0911,1.74,2.12,-4.87,3.59,0.0
20181219:1011,12.17,5.29,-4.44,3.86,0.0
20181219:1111,6.95,6.76,-4.05,4.0,0.0
20181219:1211,6.08,6.43,-3.86,4.0,0.0
20181219:1311,3.48,4.3,-3.81,3.86,0.0
20181219:1411,0.0,0.0,-3.85,3.86,0.0
20181219:1511,0.0,0.0,-3.87,3.79,0.0
20181219:1611,0.0,0.0,-3.94,3.59,0.0
20181219:1711,0.0,0.0,-4.06,3.31,0.0
20181219:1811,0.0,0.0,-4.12,3.17,0.0
20181219:1911,0.0,0.0,-4.22,2.83,0.0
20181219:2011,0.0,0.0,-4.33,2.76,0.0
20181219:2111,0.0,0.0,-4.46,2.62,0.0
20181219:2211,0.0,0.0,-4.69,2.48,0.0
20181219:2311,0.0,0.0,-4.75,2.55,0.0
20181220:0011,0.0,0.0,-4.79,2.76,0.0
20181220:0111,0.0,0.0,-4.86,2.9,0.0
20181220:0211,0.0,0.0,-4.74,3.03,0.0
20181220:0311,0.0,0.0,-4.84,2.97,0.0
20181220:0411,0.0,0.0,-4.95,2.76,0.0
20181220:0511,0.0,0.0,-4.82,2.76,0.0
20181220:0611,0.0,0.0,-4.61,2.76,0.0
20181220:0711,0.0,0.0,-4.24,2.76,0.0
20181220:0811,0.0,0.0,-4.64,2.76,0.0
20181220:0911,1.74,2.07,-5.08,2.76,0.0
20181220:1011,30.42,5.26,-5.22,2.76,0.0
20181220:1111,29.55,6.74,-5.16,2.76,0.0
20181220:1211,31.29,6.42,-5.04,2.9,0.0
20181220:1311,17.38,4.31,-4.93,2.97,0.0
20181220:1411,0.0,0.0,-4.73,3.03,0.0
20181220:1511,0.0,0.0,-4.62,3.1,0.0
20181220:1611,0.0,0.0,-4.8,3.17,0.0
20181220:1711,0.0,0.0,-5.15,3.24,0.0
20181220:1811,0.0,0.0,-5.22,3.31,0.0
20181220:1911,0.0,0.0,-4.93,3.66,0.0
20181220:2011,0.0,0.0,-4.95,3.72,0.0
20181220:2111,0.0,0.0,-4.91,3.72,0.0
20181220:2211,0.0,0.0,-4.98,3.72,0.0
20181220:2311,0.0,0.0,-5.16,3.79,0.0
20181221:0011,0.0,0.0,-5.32,3.79,0.0
20181221:0111,0.0,0.0,-5.52,3.93,0.0
20181221:0211,0.0,0.0,-5.6,4.07,0.0
20181221:0311,0.0,0.0,-5.81,4.07,0.0
20181221:0411,0.0,0.0,-5.92,4.07,0.0
20181221:0511,0.0,0.0,-6.02,4.14,0.0
20181221:0611,0.0,0.0,-6.2,4.07,0.0
20181221:0711,0.0,0.0,-6.2,4.07,0.0
20181221:0811,0.0,0.0,-6.31,4.14,0.0
20181221:0911,1.74,2.03,-6.61,4.07,0.0
20181221:1011,5.21,5.23,-6.77,4.07,0.0
20181221:1111,10.43,6.73,-6.79,3.93,0.0
20181221:1211,6.95,6.42,-6.96,3.86,0.0
20181221:1311,7.82,4.32,-7.15,3.79,0.0
20181221:1411,0.0,0.0,-7.07,4.0,0.0
20181221:1511,0.0,0.0,-7.22,3.72,0.0
20181221:1611,0.0,0.0,-7.23,3.72,0.0
20181221:1711,0.0,0.0,-7.37,3.72,0.0
20181221:1811,0.0,0.0,-7.45,3.72,0.0
20181221:1911,0.0,0.0,-7.25,3.45,0.0
20181221:2011,0.0,0.0,-7.37,3.38,0.0
20181221:2111,0.0,0.0,-7.38,3.31,0.0
20181221:2211,0.0,0.0,-7.49,3.17,0.0
20181221:2311,0.0,0.0,-7.51,3.1,0.0
20181222:0011,0.0,0.0,-7.63,2.97,0.0
20181222:0111,0.0,0.0,-7.62,2.83,0.0
20181222:0211,0.0,0.0,-7.73,2.76,0.0
20181222:0311,0.0,0.0,-7.78,2.55,0.0
20181222:0411,0.0,0.0,-7.86,2.41,0.0
20181222:0511,0.0,0.0,-8.04,2.28,0.0
20181222:0611,0.0,0.0,-8.13,2.14,0.0
20181222:0711,0.0,0.0,-7.71,1.93,0.0
20181222:0811,0.0,0.0,-7.69,1.72,0.0
20181222:0911,1.74,2.0,-7.69,1.59,0.0
20181222:1011,5.21,5.21,-7.62,1.38,0.0
20181222:1111,18.25,6.72,-7.46,1.1,0.0
20181222:1211,36.5,6.42,-7.11,0.83,0.0
20181222:1311,17.38,4.34,-6.84,0.69,0.0
20181222:1411,0.0,0.0,-6.83,0.69,0.0
20181222:1511,0.0,0.0,-7.06,0.69,0.0
20181222:1611,0.0,0.0,-7.27,0.69,0.0
20181222:1711,0.0,0.0,-7.21,0.69,0.0
20181222:1811,0.0,0.0,-7.19,0.76,0.0
20181222:1911,0.0,0.0,-6.74,0.69,0.0
20181222:2011,0.0,0.0,-6.74,0.76,0.0
20181222:2111,0.0,0.0,-6.91,0.76,0.0
20181222:2211,0.0,0.0,-7.09,0.76,0.0
20181222:2311,0.0,0.0,-7.17,0.76,0.0
20181223:0011,0.0,0.0,-7.47,1.1,0.0
20181223:0111,0.0,0.0,-8.1,1.24,0.0
20181223:0211,0.0,0.0,-8.48,1.17,0.0
20181223:0311,0.0,0.0,-9.27,1.31,0.0
20181223:0411,0.0,0.0,-10.19,1.45,0.0
20181223:0511,0.0,0.0,-10.61,1.52,0.0
20181223:0611,0.0,0.0,-10.87,1.59,0.0
20181223:0711,0.0,0.0,-10.66,1.52,0.0
20181223:0811,0.0,0.0,-10.93,1.59,0.0
20181223:0911,1.74,1.98,-11.05,1.66,0.0
20181223:1011,16.51,5.19,-11.08,1.72,0.0
20181223:1111,39.98,6.72,-11.07,1.72,0.0
20181223:1211,12.17,6.44,-11.12,1.79,0.0
20181223:1311,4.35,4.37,-11.19,1.79,0.0
20181223:1411,0.0,0.0,-11.78,1.86,0.0
20181223:1511,0.0,0.0,-12.32,1.86,0.0
20181223:1611,0.0,0.0,-12.5,1.86,0.0
20181223:1711,0.0,0.0,-12.87,1.79,0.0
20181223:1811,0.0,0.0,-12.86,1.72,0.0
20181223:1911,0.0,0.0,-12.63,1.59,0.0
20181223:2011,0.0,0.0,-12.12,1.52,0.0
20181223:2111,0.0,0.0,-11.19,1.38,0.0
20181223:2211,0.0,0.0,-10.46,1.24,0.0
20181223:2311,0.0,0.0,-10.07,1.17,0.0
20181224:0011,0.0,0.0,-9.77,1.17,0.0
20181224:0111,0.0,0.0,-9.43,1.1,0.0
20181224:0211,0.0,0.0,-9.5,1.17,0.0
20181224:0311,0.0,0.0,-9.64,1.17,0.0
20181224:0411,0.0,0.0,-9.47,1.1,0.0
20181224:0511,0.0,0.0,-9.46,1.17,0.0
20181224:0611,0.0,0.0,-8.15,0.97,0.0
20181224:0711,0.0,0.0,-9.38,0.9,0.0
20181224:0811,0.0,0.0,-8.26,0.76,0.0
20181224:0911,3.48,1.96,-7.02,0.9,0.0
20181224:1011,5.21,5.19,-6.06,1.1,0.0
20181224:1111,15.64,6.73,-6.38,1.52,0.0
20181224:1211,31.29,6.46,-6.56,1.93,0.0
20181224:1311,6.08,4.41,-6.47,2.14,0.0
20181224:1411,0.0,0.0,-6.24,2.28,0.0
20181224:1511,0.0,0.0,-6.04,2.28,0.0
20181224:1611,0.0,0.0,-6.33,2.41,0.0
20181224:1711,0.0,0.0,-6.2,2.41,0.0
20181224:1811,0.0,0.0,-5.86,2.41,0.0
20181224:1911,0.0,0.0,-5.19,2.9,0.0
20181224:2011,0.0,0.0,-4.36,3.03,0.0
20181224:2111,0.0,0.0,-3.67,3.03,0.0
20181224:2211,0.0,0.0,-3.04,3.31,0.0
20181224:2311,0.0,0.0,-2.43,3.66,0.0
20181225:0011,0.0,0.0,-2.06,3.93,0.0
20181225:0111,0.0,0.0,-1.92,4.48,0.0
20181225:0211,0.0,0.0,-1.46,4.62,0.0
20181225:0311,0.0,0.0,-1.47,4.41,0.0
20181225:0411,0.0,0.0,-1.4,4.14,0.0
20181225:0511,0.0,0.0,-1.49,3.66,0.0
20181225:0611,0.0,0.0,-1.88,3.45,0.0
20181225:0711,0.0,0.0,-1.6,3.45,0.0
20181225:0811,0.0,0.0,-1.16,3.45,0.0
20181225:0911,2.61,1.95,-1.18,3.38,0.0
20181225:1011,23.47,5.19,-1.01,3.38,0.0
20181225:1111,29.55,6.75,-1.31,3.17,0.0
20181225:1211,8.69,6.49,-1.55,3.1,0.0
20181225:1311,17.38,4.45,-1.71,2.97,0.0
20181225:1411,0.0,0.0,-2.01,2.9,0.0
20181225:1511,0.0,0.0,-2.43,2.76,0.0
20181225:1611,0.0,0.0,-2.85,2.76,0.0
20181225:1711,0.0,0.0,-2.63,2.69,0.0
20181225:1811,0.0,0.0,-2.44,2.55,0.0
20181225:1911,0.0,0.0,-2.38,2.21,0.0
20181225:2011,0.0,0.0,-2.46,2.14,0.0
20181225:2111,0.0,0.0,-2.51,2.28,0.0
20181225:2211,0.0,0.0,-2.36,2.34,0.0
20181225:2311,0.0,0.0,-2.36,2.14,0.0
20181226:0011,0.0,0.0,-2.29,2.0,0.0
20181226:0111,0.0,0.0,-2.21,1.86,0.0
20181226:0211,0.0,0.0,-2.17,1.52,0.0
20181226:0311,0.0,0.0,-2.14,1.38,0.0
20181226:0411,0.0,0.0,-2.03,1.31,0.0
20181226:0511,0.0,0.0,-1.86,1.31,0.0
20181226:0611,0.0,0.0,-1.91,1.24,0.0
20181226:0711,0.0,0.0,-1.12,0.9,0.0
20181226:0811,0.0,0.0,-0.97,0.97,0.0
20181226:0911,8.69,1.94,-0.91,1.1,0.0
20181226:1011,19.99,5.2,-0.85,1.31,0.0
20181226:1111,14.77,6.77,-0.59,1.52,0.0
20181226:1211,30.42,6.53,-0.1,1.66,0.0
20181226:1311,6.08,4.5,0.08,2.21,0.0
20181226:1411,0.0,0.0,0.32,2.28,0.0
20181226:1511,0.0,0.0,0.35,2.28,0.0
20181226:1611,0.0,0.0,0.46,2.14,0.0
20181226:1711,0.0,0.0,0.32,2.07,0.0
20181226:1811,0.0,0.0,0.48,1.79,0.0
20181226:1911,0.0,0.0,0.33,1.24,0.0
20181226:2011,0.0,0.0,0.41,1.17,0.0
20181226:2111,0.0,0.0,0.41,1.17,0.0
20181226:2211,0.0,0.0,0.58,1.17,0.0
20181226:2311,0.0,0.0,0.69,1.17,0.0
20181227:0011,0.0,0.0,0.82,1.1,0.0
20181227:0111,0.0,0.0,1.15,1.38,0.0
20181227:0211,0.0,0.0,1.27,1.79,0.0
20181227:0311,0.0,0.0,1.26,2.14,0.0
20181227:0411,0.0,0.0,1.59,2.48,0.0
20181227:0511,0.0,0.0,1.35,2.69,0.0
20181227:0611,0.0,0.0,1.15,2.21,0.0
20181227:0711,0.0,0.0,0.83,2.48,0.0
20181227:0811,0.0,0.0,0.7,2.48,0.0
20181227:0911,0.87,1.95,0.51,2.69,0.0
20181227:1011,13.04,5.22,0.55,2.55,0.0
20181227:1111,6.95,6.8,0.44,2.41,0.0
20181227:1211,13.04,6.58,0.43,2.41,0.0
20181227:1311,4.35,4.56,0.38,2.48,0.0
20181227:1411,0.0,0.0,0.3,2.34,0.0
20181227:1511,0.0,0.0,0.07,2.34,0.0
20181227:1611,0.0,0.0,-0.09,2.21,0.0
20181227:1711,0.0,0.0,0.08,2.14,0.0
20181227:1811,0.0,0.0,-0.11,2.14,0.0
20181227:1911,0.0,0.0,-0.09,2.41,0.0
20181227:2011,0.0,0.0,0.0,2.41,0.0
20181227:2111,0.0,0.0,0.0,2.34,0.0
20181227:2211,0.0,0.0,-0.13,2.0,0.0
20181227:2311,0.0,0.0,-0.18,1.59,0.0
20181228:0011,0.0,0.0,-0.39,1.52,0.0
20181228:0111,0.0,0.0,-0.66,1.52,0.0
20181228:0211,0.0,0.0,-0.34,1.59,0.0
20181228:0311,0.0,0.0,-0.01,1.66,0.0
20181228:0411,0.0,0.0,-0.01,1.59,0.0
20181228:0511,0.0,0.0,-0.02,1.52,0.0
20181228:0611,0.0,0.0,-0.15,1.52,0.0
20181228:0711,0.0,0.0,-0.34,1.17,0.0
20181228:0811,0.0,0.0,-0.59,1.1,0.0
20181228:0911,0.87,1.96,-0.5,0.83,0.0
20181228:1011,7.82,5.24,-0.26,0.62,0.0
20181228:1111,11.3,6.84,-0.92,1.31,0.0
20181228:1211,20.86,6.63,-0.68,1.72,0.0
20181228:1311,4.35,4.63,-0.63,1.66,0.0
20181228:1411,0.0,0.0,-0.65,1.79,0.0
20181228:1511,0.0,0.0,-0.69,1.93,0.0
20181228:1611,0.0,0.0,-0.94,1.59,0.0
20181228:1711,0.0,0.0,-1.02,1.38,0.0
20181228:1811,0.0,0.0,-1.29,1.31,0.0
20181228:1911,0.0,0.0,-1.3,1.24,0.0
20181228:2011,0.0,0.0,-1.68,1.31,0.0
20181228:2111,0.0,0.0,-1.8,1.52,0.0
20181228:2211,0.0,0.0,-0.99,2.14,0.0
20181228:2311,0.0,0.0,-0.31,2.48,0.0
20181229:0011,0.0,0.0,0.0,2.28,0.0
20181229:0111,0.0,0.0,0.12,2.0,0.0
20181229:0211,0.0,0.0,0.04,1.93,0.0
20181229:0311,0.0,0.0,-0.18,1.86,0.0
20181229:0411,0.0,0.0,-0.6,1.79,0.0
20181229:0511,0.0,0.0,-1.17,1.52,0.0
20181229:0611,0.0,0.0,-1.13,1.24,0.0
20181229:0711,0.0,0.0,-0.97,0.76,0.0
20181229:0811,0.0,0.0,-0.91,0.76,0.0
20181229:0911,0.87,1.98,-0.85,0.41,0.0
20181229:1011,11.3,5.28,-0.86,0.41,0.0
20181229:1111,24.34,6.89,-1.03,0.62,0.0
20181229:1211,6.95,6.69,-1.19,0.83,0.0
20181229:1311,4.35,4.7,-1.55,1.17,0.0
20181229:1411,0.0,0.0,-1.95,1.31,0.0
20181229:1511,0.0,0.0,-2.2,1.38,0.0
20181229:1611,0.0,0.0,-2.26,1.31,0.0
20181229:1711,0.0,0.0,-2.47,1.45,0.0
20181229:1811,0.0,0.0,-2.69,1.52,0.0
20181229:1911,0.0,0.0,-2.94,1.38,0.0
20181229:2011,0.0,0.0,-3.17,1.38,0.0
20181229:2111,0.0,0.0,-3.69,1.59,0.0
20181229:2211,0.0,0.0,-3.67,1.59,0.0
20181229:2311,0.0,0.0,-3.44,1.72,0.0
20181230:0011,0.0,0.0,-3.51,1.93,0.0
20181230:0111,0.0,0.0,-3.53,2.14,0.0
20181230:0211,0.0,0.0,-3.48,2.21,0.0
20181230:0311,0.0,0.0,-3.25,2.41,0.0
20181230:0411,0.0,0.0,-3.62,2.34,0.0
20181230:0511,0.0,0.0,-4.17,1.93,0.0
20181230:0611,0.0,0.0,-4.48,1.66,0.0
20181230:0711,0.0,0.0,-4.43,1.31,0.0
20181230:0811,0.0,0.0,-4.54,1.1,0.0
20181230:0911,1.74,2.01,-4.63,0.9,0.0
20181230:1011,5.21,5.32,-4.89,0.69,0.0
20181230:1111,6.95,6.94,-5.64,0.41,0.0
20181230:1211,30.42,6.76,-6.3,0.55,0.0
20181230:1311,15.64,4.78,-6.79,0.41,0.0
20181230:1411,0.0,0.0,-6.8,0.48,0.0
20181230:1511,0.0,0.0,-6.27,0.28,0.0
20181230:1611,0.0,0.0,-5.51,0.28,0.0
20181230:1711,0.0,0.0,-4.8,0.48,0.0
20181230:1811,0.0,0.0,-4.25,0.9,0.0
20181230:1911,0.0,0.0,-3.74,1.31,0.0
20181230:2011,0.0,0.0,-3.41,1.24,0.0
20181230:2111,0.0,0.0,-3.09,1.1,0.0
20181230:2211,0.0,0.0,-2.73,1.1,0.0
20181230:2311,0.0,0.0,-2.13,1.17,0.0
20181231:0011,0.0,0.0,-1.43,1.52,0.0
20181231:0111,0.0,0.0,-0.86,1.93,0.0
20181231:0211,0.0,0.0,-0.4,1.93,0.0
20181231:0311,0.0,0.0,0.08,2.28,0.0
20181231:0411,0.0,0.0,0.55,2.48,0.0
20181231:0511,0.0,0.0,0.76,2.97,0.0
20181231:0611,0.0,0.0,1.11,3.17,0.0
20181231:0711,0.0,0.0,0.84,3.03,0.0
20181231:0811,0.0,0.0,0.97,3.31,0.0
20181231:0911,1.74,2.04,1.38,3.72,0.0
20181231:1011,24.34,5.37,1.41,4.0,0.0
20181231:1111,12.17,7.01,1.48,4.41,0.0
20181231:1211,8.69,6.84,1.35,4.21,0.0
20181231:1311,7.82,4.87,1.26,3.72,0.0
20181231:1411,0.0,0.0,1.06,3.52,0.0
20181231:1511,0.0,0.0,0.8,3.38,0.0
20181231:1611,0.0,0.0,0.69,3.1,0.0
20181231:1711,0.0,0.0,0.55,3.17,0.0
20181231:1811,0.0,0.0,0.4,3.24,0.0
20181231:1911,0.0,0.0,1.09,3.59,0.0
20181231:2011,0.0,0.0,1.36,4.0,0.0
20181231:2111,0.0,0.0,0.75,5.45,0.0
20181231:2211,0.0,0.0,-1.04,5.59,0.0
20181231:2311,0.0,0.0,-1.89,5.59,0.0

G(i): Global irradiance on the inclined plane (plane of the array) (W/m2)
H_sun: Sun height (degree)
T2m: 2-m air temperature (degree Celsius)
WS10m: 10-m total wind speed (m/s)
Int: 1 means solar radiation values are reconstructed



PVGIS (c) European Union, 2001-2026